{
  "fio version" : "fio-3.33",
  "timestamp" : 1687934952,
  "timestamp_ms" : 1687934952435,
  "time" : "Wed Jun 28 06:49:12 2023",
  "jobs" : [
    {
      "jobname" : "FIOJOB",
      "groupid" : 0,
      "error" : 0,
      "eta" : 0,
      "elapsed" : 15,
      "job options" : {
        "ioengine" : "io_uring",
        "rw" : "randread",
        "bs" : "4k",
        "iodepth" : "64",
        "numjobs" : "2",
        "rwmixread" : "95",
        "runtime" : "60",
        "loops" : "1",
        "direct" : "1",
        "steadystate" : "iops:10%%",
        "steadystate_duration" : "10",
        "steadystate_ramp_time" : "1",
        "log_avg_msec" : "1000",
        "invalidate" : "1",
        "write_bw_log" : "/home/user/benchmarks/4096s/1x/nvme2n1/4k/randread-iodepth-64-numjobs-2",
        "write_lat_log" : "/home/user/benchmarks/4096s/1x/nvme2n1/4k/randread-iodepth-64-numjobs-2",
        "write_iops_log" : "/home/user/benchmarks/4096s/1x/nvme2n1/4k/randread-iodepth-64-numjobs-2",
        "filename" : "/dev/nvme2n1"
      },
      "read" : {
        "io_bytes" : 10523017216,
        "io_kbytes" : 10276384,
        "bw_bytes" : 757705732,
        "bw" : 739947,
        "iops" : 184986.751152,
        "runtime" : 13888,
        "total_ios" : 2569096,
        "short_ios" : 0,
        "drop_ios" : 0,
        "slat_ns" : {
          "min" : 870,
          "max" : 44420,
          "mean" : 1845.820694,
          "stddev" : 1023.199473,
          "N" : 2569096
        },
        "clat_ns" : {
          "min" : 59840,
          "max" : 1706829,
          "mean" : 343448.893744,
          "stddev" : 178938.511864,
          "N" : 2569096,
          "percentile" : {
            "1.000000" : 99840,
            "5.000000" : 118272,
            "10.000000" : 136192,
            "20.000000" : 177152,
            "30.000000" : 220160,
            "40.000000" : 261120,
            "50.000000" : 309248,
            "60.000000" : 362496,
            "70.000000" : 423936,
            "80.000000" : 501760,
            "90.000000" : 593920,
            "95.000000" : 675840,
            "99.000000" : 831488,
            "99.500000" : 888832,
            "99.900000" : 1036288,
            "99.950000" : 1122304,
            "99.990000" : 1286144
          }
        },
        "lat_ns" : {
          "min" : 61760,
          "max" : 1707829,
          "mean" : 345294.714438,
          "stddev" : 179074.436106,
          "N" : 2569096
        },
        "bw_min" : 638982,
        "bw_max" : 1105016,
        "bw_agg" : 51.267665,
        "bw_mean" : 746987.384615,
        "bw_dev" : 171126.857157,
        "bw_samples" : 13,
        "iops_min" : 159745,
        "iops_max" : 276263,
        "iops_mean" : 186747.230769,
        "iops_stddev" : 42782.774885,
        "iops_samples" : 13
      },
      "write" : {
        "io_bytes" : 0,
        "io_kbytes" : 0,
        "bw_bytes" : 0,
        "bw" : 0,
        "iops" : 0.000000,
        "runtime" : 0,
        "total_ios" : 0,
        "short_ios" : 0,
        "drop_ios" : 0,
        "slat_ns" : {
          "min" : 0,
          "max" : 0,
          "mean" : 0.000000,
          "stddev" : 0.000000,
          "N" : 0
        },
        "clat_ns" : {
          "min" : 0,
          "max" : 0,
          "mean" : 0.000000,
          "stddev" : 0.000000,
          "N" : 0
        },
        "lat_ns" : {
          "min" : 0,
          "max" : 0,
          "mean" : 0.000000,
          "stddev" : 0.000000,
          "N" : 0
        },
        "bw_min" : 0,
        "bw_max" : 0,
        "bw_agg" : 0.000000,
        "bw_mean" : 0.000000,
        "bw_dev" : 0.000000,
        "bw_samples" : 0,
        "iops_min" : 0,
        "iops_max" : 0,
        "iops_mean" : 0.000000,
        "iops_stddev" : 0.000000,
        "iops_samples" : 0
      },
      "trim" : {
        "io_bytes" : 0,
        "io_kbytes" : 0,
        "bw_bytes" : 0,
        "bw" : 0,
        "iops" : 0.000000,
        "runtime" : 0,
        "total_ios" : 0,
        "short_ios" : 0,
        "drop_ios" : 0,
        "slat_ns" : {
          "min" : 0,
          "max" : 0,
          "mean" : 0.000000,
          "stddev" : 0.000000,
          "N" : 0
        },
        "clat_ns" : {
          "min" : 0,
          "max" : 0,
          "mean" : 0.000000,
          "stddev" : 0.000000,
          "N" : 0
        },
        "lat_ns" : {
          "min" : 0,
          "max" : 0,
          "mean" : 0.000000,
          "stddev" : 0.000000,
          "N" : 0
        },
        "bw_min" : 0,
        "bw_max" : 0,
        "bw_agg" : 0.000000,
        "bw_mean" : 0.000000,
        "bw_dev" : 0.000000,
        "bw_samples" : 0,
        "iops_min" : 0,
        "iops_max" : 0,
        "iops_mean" : 0.000000,
        "iops_stddev" : 0.000000,
        "iops_samples" : 0
      },
      "sync" : {
        "total_ios" : 0,
        "lat_ns" : {
          "min" : 0,
          "max" : 0,
          "mean" : 0.000000,
          "stddev" : 0.000000,
          "N" : 0
        }
      },
      "job_runtime" : 13887,
      "usr_cpu" : 20.731620,
      "sys_cpu" : 40.267876,
      "ctx" : 638723,
      "majf" : 0,
      "minf" : 103,
      "iodepth_level" : {
        "1" : 0.100000,
        "2" : 0.100000,
        "4" : 0.100000,
        "8" : 0.100000,
        "16" : 0.100000,
        "32" : 0.100000,
        ">=64" : 99.997548
      },
      "iodepth_submit" : {
        "0" : 0.000000,
        "4" : 100.000000,
        "8" : 0.000000,
        "16" : 0.000000,
        "32" : 0.000000,
        "64" : 0.000000,
        ">=64" : 0.000000
      },
      "iodepth_complete" : {
        "0" : 0.000000,
        "4" : 99.999961,
        "8" : 0.000000,
        "16" : 0.000000,
        "32" : 0.000000,
        "64" : 0.100000,
        ">=64" : 0.000000
      },
      "latency_ns" : {
        "2" : 0.000000,
        "4" : 0.000000,
        "10" : 0.000000,
        "20" : 0.000000,
        "50" : 0.000000,
        "100" : 0.000000,
        "250" : 0.000000,
        "500" : 0.000000,
        "750" : 0.000000,
        "1000" : 0.000000
      },
      "latency_us" : {
        "2" : 0.000000,
        "4" : 0.000000,
        "10" : 0.000000,
        "20" : 0.000000,
        "50" : 0.000000,
        "100" : 0.969524,
        "250" : 36.344574,
        "500" : 42.696964,
        "750" : 17.552984,
        "1000" : 2.291468
      },
      "latency_ms" : {
        "2" : 0.144487,
        "4" : 0.000000,
        "10" : 0.000000,
        "20" : 0.000000,
        "50" : 0.000000,
        "100" : 0.000000,
        "250" : 0.000000,
        "500" : 0.000000,
        "750" : 0.000000,
        "1000" : 0.000000,
        "2000" : 0.000000,
        ">=2000" : 0.000000
      },
      "latency_depth" : 64,
      "latency_target" : 0,
      "latency_percentile" : 100.000000,
      "latency_window" : 0,
      "steadystate" : {
        "ss" : "iops:10.000000%",
        "duration" : 10,
        "attained" : 1,
        "criterion" : "1.605475%",
        "max_deviation" : 2597.800000,
        "slope" : 0.000000,
        "data" : {
          "bw_mean" : 662770587,
          "iops_mean" : 161808,
          "iops" : [
            162723,
            161858,
            161530,
            162971,
            163548,
            161266,
            159211,
            161866,
            161587,
            161528
          ],
          "bw" : [
            666516372,
            662973885,
            661629053,
            667529216,
            669894854,
            660546626,
            652129121,
            663003136,
            661862758,
            661620852
          ]
        }
      }
    },
    {
      "jobname" : "FIOJOB",
      "groupid" : 0,
      "error" : 0,
      "eta" : 0,
      "elapsed" : 15,
      "job options" : {
        "ioengine" : "io_uring",
        "rw" : "randread",
        "bs" : "4k",
        "iodepth" : "64",
        "numjobs" : "2",
        "rwmixread" : "95",
        "runtime" : "60",
        "loops" : "1",