{
  "fio version" : "fio-3.33",
  "timestamp" : 1687930437,
  "timestamp_ms" : 1687930437432,
  "time" : "Wed Jun 28 05:33:57 2023",
  "jobs" : [
    {
      "jobname" : "FIOJOB",
      "groupid" : 0,
      "error" : 0,
      "eta" : 0,
      "elapsed" : 21,
      "job options" : {
        "ioengine" : "io_uring",
        "rw" : "randread",
        "bs" : "4k",
        "iodepth" : "4",
        "numjobs" : "1",
        "rwmixread" : "95",
        "runtime" : "60",
        "loops" : "1",
        "direct" : "1",
        "steadystate" : "iops:10%%",
        "steadystate_duration" : "10",
        "steadystate_ramp_time" : "1",
        "log_avg_msec" : "1000",
        "invalidate" : "1",
        "write_bw_log" : "/home/user/benchmarks/4096s/1x/nvme2n1/4k/randread-iodepth-4-numjobs-1",
        "write_lat_log" : "/home/user/benchmarks/4096s/1x/nvme2n1/4k/randread-iodepth-4-numjobs-1",
        "write_iops_log" : "/home/user/benchmarks/4096s/1x/nvme2n1/4k/randread-iodepth-4-numjobs-1",
        "filename" : "/dev/nvme2n1"
      },
      "read" : {
        "io_bytes" : 3024662528,
        "io_kbytes" : 2953772,
        "bw_bytes" : 152092448,
        "bw" : 148527,
        "iops" : 37131.945492,
        "runtime" : 19887,
        "total_ios" : 738443,
        "short_ios" : 0,
        "drop_ios" : 0,
        "slat_ns" : {
          "min" : 910,
          "max" : 31430,
          "mean" : 2522.366455,
          "stddev" : 713.420685,
          "N" : 738443
        },
        "clat_ns" : {
          "min" : 31070,
          "max" : 445810,
          "mean" : 104218.317733,
          "stddev" : 45086.957453,
          "N" : 738443,
          "percentile" : {
            "1.000000" : 61184,
            "5.000000" : 62720,
            "10.000000" : 63744,
            "20.000000" : 65280,
            "30.000000" : 69120,
            "40.000000" : 77312,
            "50.000000" : 86528,
            "60.000000" : 105984,
            "70.000000" : 118272,
            "80.000000" : 136192,
            "90.000000" : 175104,
            "95.000000" : 203776,
            "99.000000" : 232448,
            "99.500000" : 240640,
            "99.900000" : 246784,
            "99.950000" : 246784,
            "99.990000" : 284672
          }
        },
        "lat_ns" : {
          "min" : 43240,
          "max" : 448080,
          "mean" : 106740.684188,
          "stddev" : 45077.241652,
          "N" : 738443
        },
        "bw_min" : 112756,
        "bw_max" : 205865,
        "bw_agg" : 100.000000,
        "bw_mean" : 149771.105263,
        "bw_dev" : 30410.734298,
        "bw_samples" : 19,
        "iops_min" : 28189,
        "iops_max" : 51465,
        "iops_mean" : 37442.684211,
        "iops_stddev" : 7602.740829,
        "iops_samples" : 19
      },
      "write" : {
        "io_bytes" : 0,
        "io_kbytes" : 0,
        "bw_bytes" : 0,
        "bw" : 0,
        "iops" : 0.000000,
        "runtime" : 0,
        "total_ios" : 0,
        "short_ios" : 0,
        "drop_ios" : 0,
        "slat_ns" : {
          "min" : 0,
          "max" : 0,
          "mean" : 0.000000,
          "stddev" : 0.000000,
          "N" : 0
        },
        "clat_ns" : {
          "min" : 0,
          "max" : 0,
          "mean" : 0.000000,
          "stddev" : 0.000000,
          "N" : 0
        },
        "lat_ns" : {
          "min" : 0,
          "max" : 0,
          "mean" : 0.000000,
          "stddev" : 0.000000,
          "N" : 0
        },
        "bw_min" : 0,
        "bw_max" : 0,
        "bw_agg" : 0.000000,
        "bw_mean" : 0.000000,
        "bw_dev" : 0.000000,
        "bw_samples" : 0,
        "iops_min" : 0,
        "iops_max" : 0,
        "iops_mean" : 0.000000,
        "iops_stddev" : 0.000000,
        "iops_samples" : 0
      },
      "trim" : {
        "io_bytes" : 0,
        "io_kbytes" : 0,
        "bw_bytes" : 0,
        "bw" : 0,
        "iops" : 0.000000,
        "runtime" : 0,
        "total_ios" : 0,
        "short_ios" : 0,
        "drop_ios" : 0,
        "slat_ns" : {
          "min" : 0,
          "max" : 0,
          "mean" : 0.000000,
          "stddev" : 0.000000,
          "N" : 0
        },
        "clat_ns" : {
          "min" : 0,
          "max" : 0,
          "mean" : 0.000000,
          "stddev" : 0.000000,
          "N" : 0
        },
        "lat_ns" : {
          "min" : 0,
          "max" : 0,
          "mean" : 0.000000,
          "stddev" : 0.000000,
          "N" : 0
        },
        "bw_min" : 0,
        "bw_max" : 0,
        "bw_agg" : 0.000000,
        "bw_mean" : 0.000000,
        "bw_dev" : 0.000000,
        "bw_samples" : 0,
        "iops_min" : 0,
        "iops_max" : 0,
        "iops_mean" : 0.000000,
        "iops_stddev" : 0.000000,
        "iops_samples" : 0
      },
      "sync" : {
        "total_ios" : 0,
        "lat_ns" : {
          "min" : 0,
          "max" : 0,
          "mean" : 0.000000,
          "stddev" : 0.000000,
          "N" : 0
        }
      },
      "job_runtime" : 19886,
      "usr_cpu" : 6.889269,
      "sys_cpu" : 17.982500,
      "ctx" : 577108,
      "majf" : 0,
      "minf" : 42,
      "iodepth_level" : {
        "1" : 0.100000,
        "2" : 0.100000,
        "4" : 99.999594,
        "8" : 0.000000,
        "16" : 0.000000,
        "32" : 0.000000,
        ">=64" : 0.000000
      },
      "iodepth_submit" : {
        "0" : 0.000000,
        "4" : 100.000000,
        "8" : 0.000000,
        "16" : 0.000000,
        "32" : 0.000000,
        "64" : 0.000000,
        ">=64" : 0.000000
      },
      "iodepth_complete" : {
        "0" : 0.000000,
        "4" : 100.000000,
        "8" : 0.000000,
        "16" : 0.000000,
        "32" : 0.000000,
        "64" : 0.000000,
        ">=64" : 0.000000
      },
      "latency_ns" : {
        "2" : 0.000000,
        "4" : 0.000000,
        "10" : 0.000000,
        "20" : 0.000000,
        "50" : 0.000000,
        "100" : 0.000000,
        "250" : 0.000000,
        "500" : 0.000000,
        "750" : 0.000000,
        "1000" : 0.000000
      },
      "latency_us" : {
        "2" : 0.000000,
        "4" : 0.000000,
        "10" : 0.000000,
        "20" : 0.000000,
        "50" : 0.160067,
        "100" : 56.655151,
        "250" : 43.153906,
        "500" : 0.030876,
        "750" : 0.000000,
        "1000" : 0.000000
      },
      "latency_ms" : {
        "2" : 0.000000,
        "4" : 0.000000,
        "10" : 0.000000,
        "20" : 0.000000,
        "50" : 0.000000,
        "100" : 0.000000,
        "250" : 0.000000,
        "500" : 0.000000,
        "750" : 0.000000,
        "1000" : 0.000000,
        "2000" : 0.000000,
        ">=2000" : 0.000000
      },
      "latency_depth" : 4,
      "latency_target" : 0,
      "latency_percentile" : 100.000000,
      "latency_window" : 0,
      "steadystate" : {
        "ss" : "iops:10.000000%",
        "duration" : 10,
        "attained" : 1,
        "criterion" : "8.460290%",
        "max_deviation" : 2579.500000,
        "slope" : 0.000000,
        "data" : {
          "bw_mean" : 124886662,
          "iops_mean" : 30489,
          "iops" : [
            30243,
            30690,
            31910,
            30793,
            31980,
            30335,
            29120,
            27910,
            30738,
            31176
          ],
          "bw" : [
            123876324,
            125709069,
            130703360,
            126131379,
            130994098,
            124253533,
            119276012,
            114319360,
            125905873,
            127697617
          ]
        }
      }
    }
  ],
  "disk_util" : [
    {
      "name" : "nvme2n1",
      "read_ios" : 738439,
      "write_ios" : 0,
      "read_merges" : 0,
      "write_merges" : 0,
      "read_ticks" : 74766,
      "write_ticks" : 0,
      "in_queue" : 74766,
      "util" : 99.564543
    }
  ]
}
