{
  "fio version" : "fio-3.33",
  "timestamp" : 1687931518,
  "timestamp_ms" : 1687931518545,
  "time" : "Wed Jun 28 05:51:58 2023",
  "jobs" : [
    {
      "jobname" : "FIOJOB",
      "groupid" : 0,
      "error" : 0,
      "eta" : 0,
      "elapsed" : 31,
      "job options" : {
        "ioengine" : "io_uring",
        "rw" : "randread",
        "bs" : "4k",
        "iodepth" : "8",
        "numjobs" : "2",
        "rwmixread" : "95",
        "runtime" : "60",
        "loops" : "1",
        "direct" : "1",
        "steadystate" : "iops:10%%",
        "steadystate_duration" : "10",
        "steadystate_ramp_time" : "1",
        "log_avg_msec" : "1000",
        "invalidate" : "1",
        "write_bw_log" : "/home/user/benchmarks/4096s/1x/nvme2n1/4k/randread-iodepth-8-numjobs-2",
        "write_lat_log" : "/home/user/benchmarks/4096s/1x/nvme2n1/4k/randread-iodepth-8-numjobs-2",
        "write_iops_log" : "/home/user/benchmarks/4096s/1x/nvme2n1/4k/randread-iodepth-8-numjobs-2",
        "filename" : "/dev/nvme2n1"
      },
      "read" : {
        "io_bytes" : 5188325376,
        "io_kbytes" : 5066724,
        "bw_bytes" : 186048172,
        "bw" : 181687,
        "iops" : 45421.917022,
        "runtime" : 27887,
        "total_ios" : 1266681,
        "short_ios" : 0,
        "drop_ios" : 0,
        "slat_ns" : {
          "min" : 909,
          "max" : 44230,
          "mean" : 2432.179881,
          "stddev" : 902.976542,
          "N" : 1266681
        },
        "clat_ns" : {
          "min" : 34100,
          "max" : 1122980,
          "mean" : 172812.990734,
          "stddev" : 90860.854630,
          "N" : 1266681,
          "percentile" : {
            "1.000000" : 63232,
            "5.000000" : 68096,
            "10.000000" : 77312,
            "20.000000" : 89600,
            "30.000000" : 105984,
            "40.000000" : 124416,
            "50.000000" : 146432,
            "60.000000" : 177152,
            "70.000000" : 218112,
            "80.000000" : 252928,
            "90.000000" : 301056,
            "95.000000" : 337920,
            "99.000000" : 428032,
            "99.500000" : 473088,
            "99.900000" : 585728,
            "99.950000" : 626688,
            "99.990000" : 716800
          }
        },
        "lat_ns" : {
          "min" : 43550,
          "max" : 1125570,
          "mean" : 175245.170615,
          "stddev" : 91039.705366,
          "N" : 1266681
        },
        "bw_min" : 127183,
        "bw_max" : 307644,
        "bw_agg" : 54.362590,
        "bw_mean" : 183506.296296,
        "bw_dev" : 55392.088769,
        "bw_samples" : 27,
        "iops_min" : 31795,
        "iops_max" : 76916,
        "iops_mean" : 45876.518519,
        "iops_stddev" : 13848.524629,
        "iops_samples" : 27
      },
      "write" : {
        "io_bytes" : 0,
        "io_kbytes" : 0,
        "bw_bytes" : 0,
        "bw" : 0,
        "iops" : 0.000000,
        "runtime" : 0,
        "total_ios" : 0,
        "short_ios" : 0,
        "drop_ios" : 0,
        "slat_ns" : {
          "min" : 0,
          "max" : 0,
          "mean" : 0.000000,
          "stddev" : 0.000000,
          "N" : 0
        },
        "clat_ns" : {
          "min" : 0,
          "max" : 0,
          "mean" : 0.000000,
          "stddev" : 0.000000,
          "N" : 0
        },
        "lat_ns" : {
          "min" : 0,
          "max" : 0,
          "mean" : 0.000000,
          "stddev" : 0.000000,
          "N" : 0
        },
        "bw_min" : 0,
        "bw_max" : 0,
        "bw_agg" : 0.000000,
        "bw_mean" : 0.000000,
        "bw_dev" : 0.000000,
        "bw_samples" : 0,
        "iops_min" : 0,
        "iops_max" : 0,
        "iops_mean" : 0.000000,
        "iops_stddev" : 0.000000,
        "iops_samples" : 0
      },
      "trim" : {
        "io_bytes" : 0,
        "io_kbytes" : 0,
        "bw_bytes" : 0,
        "bw" : 0,
        "iops" : 0.000000,
        "runtime" : 0,
        "total_ios" : 0,
        "short_ios" : 0,
        "drop_ios" : 0,
        "slat_ns" : {
          "min" : 0,
          "max" : 0,
          "mean" : 0.000000,
          "stddev" : 0.000000,
          "N" : 0
        },
        "clat_ns" : {
          "min" : 0,
          "max" : 0,
          "mean" : 0.000000,
          "stddev" : 0.000000,
          "N" : 0
        },
        "lat_ns" : {
          "min" : 0,
          "max" : 0,
          "mean" : 0.000000,
          "stddev" : 0.000000,
          "N" : 0
        },
        "bw_min" : 0,
        "bw_max" : 0,
        "bw_agg" : 0.000000,
        "bw_mean" : 0.000000,
        "bw_dev" : 0.000000,
        "bw_samples" : 0,
        "iops_min" : 0,
        "iops_max" : 0,
        "iops_mean" : 0.000000,
        "iops_stddev" : 0.000000,
        "iops_samples" : 0
      },
      "sync" : {
        "total_ios" : 0,
        "lat_ns" : {
          "min" : 0,
          "max" : 0,
          "mean" : 0.000000,
          "stddev" : 0.000000,
          "N" : 0
        }
      },
      "job_runtime" : 27886,
      "usr_cpu" : 7.831887,
      "sys_cpu" : 19.565373,
      "ctx" : 810890,
      "majf" : 0,
      "minf" : 46,
      "iodepth_level" : {
        "1" : 0.100000,
        "2" : 0.100000,
        "4" : 0.100000,
        "8" : 99.999447,
        "16" : 0.000000,
        "32" : 0.000000,
        ">=64" : 0.000000
      },
      "iodepth_submit" : {
        "0" : 0.000000,
        "4" : 100.000000,
        "8" : 0.000000,
        "16" : 0.000000,
        "32" : 0.000000,
        "64" : 0.000000,
        ">=64" : 0.000000
      },
      "iodepth_complete" : {
        "0" : 0.000000,
        "4" : 99.999921,
        "8" : 0.100000,
        "16" : 0.000000,
        "32" : 0.000000,
        "64" : 0.000000,
        ">=64" : 0.000000
      },
      "latency_ns" : {
        "2" : 0.000000,
        "4" : 0.000000,
        "10" : 0.000000,
        "20" : 0.000000,
        "50" : 0.000000,
        "100" : 0.000000,
        "250" : 0.000000,
        "500" : 0.000000,
        "750" : 0.000000,
        "1000" : 0.000000
      },
      "latency_us" : {
        "2" : 0.000000,
        "4" : 0.000000,
        "10" : 0.000000,
        "20" : 0.000000,
        "50" : 0.029842,
        "100" : 26.626120,
        "250" : 52.236751,
        "500" : 20.759844,
        "750" : 0.341286,
        "1000" : 0.010000
      },
      "latency_ms" : {
        "2" : 0.010000,
        "4" : 0.000000,
        "10" : 0.000000,
        "20" : 0.000000,
        "50" : 0.000000,
        "100" : 0.000000,
        "250" : 0.000000,
        "500" : 0.000000,
        "750" : 0.000000,
        "1000" : 0.000000,
        "2000" : 0.000000,
        ">=2000" : 0.000000
      },
      "latency_depth" : 8,
      "latency_target" : 0,
      "latency_percentile" : 100.000000,
      "latency_window" : 0,
      "steadystate" : {
        "ss" : "iops:10.000000%",
        "duration" : 10,
        "attained" : 1,
        "criterion" : "4.412534%",
        "max_deviation" : 1459.300000,
        "slope" : 0.000000,
        "data" : {
          "bw_mean" : 135463428,
          "iops_mean" : 33071,
          "iops" : [
            32697,
            31832,
            32475,
            33748,
            33201,
            33762,
            34531,
            32697,
            33053,
            32721
          ],
          "bw" : [
            133926912,
            130387283,
            133019547,
            138234874,
            135992120,
            138289152,
            141441153,
            133929769,
            135385305,
            134028172
          ]
        }
      }
    },
    {
      "jobname" : "FIOJOB",
      "groupid" : 0,
      "error" : 0,
      "eta" : 0,
      "elapsed" : 31,
      "job options" : {
        "ioengine" : "io_uring",
        "rw" : "randread",
        "bs" : "4k",
        "iodepth" : "8",
        "numjobs" : "2",
        "rwmixread" : "95",
        "runtime" : "60",
        "loops" : "1",
        "direct" : "1",