{
  "fio version" : "fio-3.33",
  "timestamp" : 1687933788,
  "timestamp_ms" : 1687933788108,
  "time" : "Wed Jun 28 06:29:48 2023",
  "jobs" : [
    {
      "jobname" : "FIOJOB",
      "groupid" : 0,
      "error" : 0,
      "eta" : 0,
      "elapsed" : 18,
      "job options" : {
        "ioengine" : "io_uring",
        "rw" : "randread",
        "bs" : "4k",
        "iodepth" : "32",
        "numjobs" : "2",
        "rwmixread" : "95",
        "runtime" : "60",
        "loops" : "1",
        "direct" : "1",
        "steadystate" : "iops:10%%",
        "steadystate_duration" : "10",
        "steadystate_ramp_time" : "1",
        "log_avg_msec" : "1000",
        "invalidate" : "1",
        "write_bw_log" : "/home/user/benchmarks/4096s/1x/nvme2n1/4k/randread-iodepth-32-numjobs-2",
        "write_lat_log" : "/home/user/benchmarks/4096s/1x/nvme2n1/4k/randread-iodepth-32-numjobs-2",
        "write_iops_log" : "/home/user/benchmarks/4096s/1x/nvme2n1/4k/randread-iodepth-32-numjobs-2",
        "filename" : "/dev/nvme2n1"
      },
      "read" : {
        "io_bytes" : 7739998208,
        "io_kbytes" : 7558592,
        "bw_bytes" : 458340629,
        "bw" : 447598,
        "iops" : 111899.567715,
        "runtime" : 16887,
        "total_ios" : 1889648,
        "short_ios" : 0,
        "drop_ios" : 0,
        "slat_ns" : {
          "min" : 870,
          "max" : 57290,
          "mean" : 2101.938817,
          "stddev" : 720.812695,
          "N" : 1889648
        },
        "clat_ns" : {
          "min" : 59660,
          "max" : 1732819,
          "mean" : 283146.319875,
          "stddev" : 144706.375812,
          "N" : 1889648,
          "percentile" : {
            "1.000000" : 96768,
            "5.000000" : 112128,
            "10.000000" : 127488,
            "20.000000" : 152576,
            "30.000000" : 181248,
            "40.000000" : 214016,
            "50.000000" : 250880,
            "60.000000" : 292864,
            "70.000000" : 342016,
            "80.000000" : 403456,
            "90.000000" : 489472,
            "95.000000" : 561152,
            "99.000000" : 700416,
            "99.500000" : 757760,
            "99.900000" : 897024,
            "99.950000" : 962560,
            "99.990000" : 1122304
          }
        },
        "lat_ns" : {
          "min" : 62589,
          "max" : 1735599,
          "mean" : 285248.258692,
          "stddev" : 144956.731248,
          "N" : 1889648
        },
        "bw_min" : 354208,
        "bw_max" : 769772,
        "bw_agg" : 51.656493,
        "bw_mean" : 451880.250000,
        "bw_dev" : 124966.219585,
        "bw_samples" : 16,
        "iops_min" : 88552,
        "iops_max" : 192449,
        "iops_mean" : 112969.875000,
        "iops_stddev" : 31241.990344,
        "iops_samples" : 16
      },
      "write" : {
        "io_bytes" : 0,
        "io_kbytes" : 0,
        "bw_bytes" : 0,
        "bw" : 0,
        "iops" : 0.000000,
        "runtime" : 0,
        "total_ios" : 0,
        "short_ios" : 0,
        "drop_ios" : 0,
        "slat_ns" : {
          "min" : 0,
          "max" : 0,
          "mean" : 0.000000,
          "stddev" : 0.000000,
          "N" : 0
        },
        "clat_ns" : {
          "min" : 0,
          "max" : 0,
          "mean" : 0.000000,
          "stddev" : 0.000000,
          "N" : 0
        },
        "lat_ns" : {
          "min" : 0,
          "max" : 0,
          "mean" : 0.000000,
          "stddev" : 0.000000,
          "N" : 0
        },
        "bw_min" : 0,
        "bw_max" : 0,
        "bw_agg" : 0.000000,
        "bw_mean" : 0.000000,
        "bw_dev" : 0.000000,
        "bw_samples" : 0,
        "iops_min" : 0,
        "iops_max" : 0,
        "iops_mean" : 0.000000,
        "iops_stddev" : 0.000000,
        "iops_samples" : 0
      },
      "trim" : {
        "io_bytes" : 0,
        "io_kbytes" : 0,
        "bw_bytes" : 0,
        "bw" : 0,
        "iops" : 0.000000,
        "runtime" : 0,
        "total_ios" : 0,
        "short_ios" : 0,
        "drop_ios" : 0,
        "slat_ns" : {
          "min" : 0,
          "max" : 0,
          "mean" : 0.000000,
          "stddev" : 0.000000,
          "N" : 0
        },
        "clat_ns" : {
          "min" : 0,
          "max" : 0,
          "mean" : 0.000000,
          "stddev" : 0.000000,
          "N" : 0
        },
        "lat_ns" : {
          "min" : 0,
          "max" : 0,
          "mean" : 0.000000,
          "stddev" : 0.000000,
          "N" : 0
        },
        "bw_min" : 0,
        "bw_max" : 0,
        "bw_agg" : 0.000000,
        "bw_mean" : 0.000000,
        "bw_dev" : 0.000000,
        "bw_samples" : 0,
        "iops_min" : 0,
        "iops_max" : 0,
        "iops_mean" : 0.000000,
        "iops_stddev" : 0.000000,
        "iops_samples" : 0
      },
      "sync" : {
        "total_ios" : 0,
        "lat_ns" : {
          "min" : 0,
          "max" : 0,
          "mean" : 0.000000,
          "stddev" : 0.000000,
          "N" : 0
        }
      },
      "job_runtime" : 16886,
      "usr_cpu" : 14.485372,
      "sys_cpu" : 31.055312,
      "ctx" : 535453,
      "majf" : 0,
      "minf" : 71,
      "iodepth_level" : {
        "1" : 0.100000,
        "2" : 0.100000,
        "4" : 0.100000,
        "8" : 0.100000,
        "16" : 0.100000,
        "32" : 99.998359,
        ">=64" : 0.000000
      },
      "iodepth_submit" : {
        "0" : 0.000000,
        "4" : 100.000000,
        "8" : 0.000000,
        "16" : 0.000000,
        "32" : 0.000000,
        "64" : 0.000000,
        ">=64" : 0.000000
      },
      "iodepth_complete" : {
        "0" : 0.000000,
        "4" : 99.999947,
        "8" : 0.000000,
        "16" : 0.000000,
        "32" : 0.100000,
        "64" : 0.000000,
        ">=64" : 0.000000
      },
      "latency_ns" : {
        "2" : 0.000000,
        "4" : 0.000000,
        "10" : 0.000000,
        "20" : 0.000000,
        "50" : 0.000000,
        "100" : 0.000000,
        "250" : 0.000000,
        "500" : 0.000000,
        "750" : 0.000000,
        "1000" : 0.000000
      },
      "latency_us" : {
        "2" : 0.000000,
        "4" : 0.000000,
        "10" : 0.000000,
        "20" : 0.000000,
        "50" : 0.000000,
        "100" : 1.526581,
        "250" : 48.359695,
        "500" : 41.010336,
        "750" : 8.541961,
        "1000" : 0.526976
      },
      "latency_ms" : {
        "2" : 0.034451,
        "4" : 0.000000,
        "10" : 0.000000,
        "20" : 0.000000,
        "50" : 0.000000,
        "100" : 0.000000,
        "250" : 0.000000,
        "500" : 0.000000,
        "750" : 0.000000,
        "1000" : 0.000000,
        "2000" : 0.000000,
        ">=2000" : 0.000000
      },
      "latency_depth" : 32,
      "latency_target" : 0,
      "latency_percentile" : 100.000000,
      "latency_window" : 0,
      "steadystate" : {
        "ss" : "iops:10.000000%",
        "duration" : 10,
        "attained" : 1,
        "criterion" : "5.337088%",
        "max_deviation" : 4952.300000,
        "slope" : 0.000000,
        "data" : {
          "bw_mean" : 380070509,
          "iops_mean" : 92790,
          "iops" : [
            87838,
            93034,
            89453,
            90120,
            94060,
            93537,
            94795,
            96935,
            93929,
            94202
          ],
          "bw" : [
            359787883,
            381067403,
            366399488,
            369132012,
            385270006,
            383129753,
            388283579,
            397045760,
            384736992,
            385852220
          ]
        }
      }
    },
    {
      "jobname" : "FIOJOB",
      "groupid" : 0,
      "error" : 0,
      "eta" : 0,
      "elapsed" : 18,
      "job options" : {
        "ioengine" : "io_uring",
        "rw" : "randread",
        "bs" : "4k",
        "iodepth" : "32",
        "numjobs" : "2",
        "rwmixread" : "95",
        "runtime" : "60",
        "loops" : "1",
        "direct" : "1",