{
  "fio version" : "fio-3.33",
  "timestamp" : 1687934881,
  "timestamp_ms" : 1687934881520,
  "time" : "Wed Jun 28 06:48:01 2023",
  "jobs" : [
    {
      "jobname" : "FIOJOB",
      "groupid" : 0,
      "error" : 0,
      "eta" : 0,
      "elapsed" : 14,
      "job options" : {
        "ioengine" : "io_uring",
        "rw" : "randread",
        "bs" : "4k",
        "iodepth" : "64",
        "numjobs" : "1",
        "rwmixread" : "95",
        "runtime" : "60",
        "loops" : "1",
        "direct" : "1",
        "steadystate" : "iops:10%%",
        "steadystate_duration" : "10",
        "steadystate_ramp_time" : "1",
        "log_avg_msec" : "1000",
        "invalidate" : "1",
        "write_bw_log" : "/home/user/benchmarks/4096s/1x/nvme2n1/4k/randread-iodepth-64-numjobs-1",
        "write_lat_log" : "/home/user/benchmarks/4096s/1x/nvme2n1/4k/randread-iodepth-64-numjobs-1",
        "write_iops_log" : "/home/user/benchmarks/4096s/1x/nvme2n1/4k/randread-iodepth-64-numjobs-1",
        "filename" : "/dev/nvme2n1"
      },
      "read" : {
        "io_bytes" : 13014323200,
        "io_kbytes" : 12709300,
        "bw_bytes" : 1009801613,
        "bw" : 986134,
        "iops" : 246533.597145,
        "runtime" : 12888,
        "total_ios" : 3177325,
        "short_ios" : 0,
        "drop_ios" : 0,
        "slat_ns" : {
          "min" : 909,
          "max" : 30000,
          "mean" : 1402.440762,
          "stddev" : 706.290269,
          "N" : 3177325
        },
        "clat_ns" : {
          "min" : 45280,
          "max" : 1301350,
          "mean" : 257689.864150,
          "stddev" : 134710.206069,
          "N" : 3177325,
          "percentile" : {
            "1.000000" : 77312,
            "5.000000" : 92672,
            "10.000000" : 105984,
            "20.000000" : 130560,
            "30.000000" : 160768,
            "40.000000" : 193536,
            "50.000000" : 230400,
            "60.000000" : 272384,
            "70.000000" : 321536,
            "80.000000" : 374784,
            "90.000000" : 448512,
            "95.000000" : 509952,
            "99.000000" : 626688,
            "99.500000" : 667648,
            "99.900000" : 774144,
            "99.950000" : 823296,
            "99.990000" : 929792
          }
        },
        "lat_ns" : {
          "min" : 46320,
          "max" : 1303280,
          "mean" : 259092.304912,
          "stddev" : 134717.426713,
          "N" : 3177325
        },
        "bw_min" : 872364,
        "bw_max" : 1551856,
        "bw_agg" : 100.000000,
        "bw_mean" : 999540.500000,
        "bw_dev" : 203013.206949,
        "bw_samples" : 12,
        "iops_min" : 218091,
        "iops_max" : 387976,
        "iops_mean" : 249885.416667,
        "iops_stddev" : 50755.225833,
        "iops_samples" : 12
      },
      "write" : {
        "io_bytes" : 0,
        "io_kbytes" : 0,
        "bw_bytes" : 0,
        "bw" : 0,
        "iops" : 0.000000,
        "runtime" : 0,
        "total_ios" : 0,
        "short_ios" : 0,
        "drop_ios" : 0,
        "slat_ns" : {
          "min" : 0,
          "max" : 0,
          "mean" : 0.000000,
          "stddev" : 0.000000,
          "N" : 0
        },
        "clat_ns" : {
          "min" : 0,
          "max" : 0,
          "mean" : 0.000000,
          "stddev" : 0.000000,
          "N" : 0
        },
        "lat_ns" : {
          "min" : 0,
          "max" : 0,
          "mean" : 0.000000,
          "stddev" : 0.000000,
          "N" : 0
        },
        "bw_min" : 0,
        "bw_max" : 0,
        "bw_agg" : 0.000000,
        "bw_mean" : 0.000000,
        "bw_dev" : 0.000000,
        "bw_samples" : 0,
        "iops_min" : 0,
        "iops_max" : 0,
        "iops_mean" : 0.000000,
        "iops_stddev" : 0.000000,
        "iops_samples" : 0
      },
      "trim" : {
        "io_bytes" : 0,
        "io_kbytes" : 0,
        "bw_bytes" : 0,
        "bw" : 0,
        "iops" : 0.000000,
        "runtime" : 0,
        "total_ios" : 0,
        "short_ios" : 0,
        "drop_ios" : 0,
        "slat_ns" : {
          "min" : 0,
          "max" : 0,
          "mean" : 0.000000,
          "stddev" : 0.000000,
          "N" : 0
        },
        "clat_ns" : {
          "min" : 0,
          "max" : 0,
          "mean" : 0.000000,
          "stddev" : 0.000000,
          "N" : 0
        },
        "lat_ns" : {
          "min" : 0,
          "max" : 0,
          "mean" : 0.000000,
          "stddev" : 0.000000,
          "N" : 0
        },
        "bw_min" : 0,
        "bw_max" : 0,
        "bw_agg" : 0.000000,
        "bw_mean" : 0.000000,
        "bw_dev" : 0.000000,
        "bw_samples" : 0,
        "iops_min" : 0,
        "iops_max" : 0,
        "iops_mean" : 0.000000,
        "iops_stddev" : 0.000000,
        "iops_samples" : 0
      },
      "sync" : {
        "total_ios" : 0,
        "lat_ns" : {
          "min" : 0,
          "max" : 0,
          "mean" : 0.000000,
          "stddev" : 0.000000,
          "N" : 0
        }
      },
      "job_runtime" : 12887,
      "usr_cpu" : 20.982385,
      "sys_cpu" : 40.172267,
      "ctx" : 802430,
      "majf" : 0,
      "minf" : 102,
      "iodepth_level" : {
        "1" : 0.100000,
        "2" : 0.100000,
        "4" : 0.100000,
        "8" : 0.100000,
        "16" : 0.100000,
        "32" : 0.100000,
        ">=64" : 99.998017
      },
      "iodepth_submit" : {
        "0" : 0.000000,
        "4" : 100.000000,
        "8" : 0.000000,
        "16" : 0.000000,
        "32" : 0.000000,
        "64" : 0.000000,
        ">=64" : 0.000000
      },
      "iodepth_complete" : {
        "0" : 0.000000,
        "4" : 99.999969,
        "8" : 0.000000,
        "16" : 0.000000,
        "32" : 0.000000,
        "64" : 0.100000,
        ">=64" : 0.000000
      },
      "latency_ns" : {
        "2" : 0.000000,
        "4" : 0.000000,
        "10" : 0.000000,
        "20" : 0.000000,
        "50" : 0.000000,
        "100" : 0.000000,
        "250" : 0.000000,
        "500" : 0.000000,
        "750" : 0.000000,
        "1000" : 0.000000
      },
      "latency_us" : {
        "2" : 0.000000,
        "4" : 0.000000,
        "10" : 0.000000,
        "20" : 0.000000,
        "50" : 0.010000,
        "100" : 7.475754,
        "250" : 47.320151,
        "500" : 39.584839,
        "750" : 5.471395,
        "1000" : 0.143454
      },
      "latency_ms" : {
        "2" : 0.010000,
        "4" : 0.000000,
        "10" : 0.000000,
        "20" : 0.000000,
        "50" : 0.000000,
        "100" : 0.000000,
        "250" : 0.000000,
        "500" : 0.000000,
        "750" : 0.000000,
        "1000" : 0.000000,
        "2000" : 0.000000,
        ">=2000" : 0.000000
      },
      "latency_depth" : 64,
      "latency_target" : 0,
      "latency_percentile" : 100.000000,
      "latency_window" : 0,
      "steadystate" : {
        "ss" : "iops:10.000000%",
        "duration" : 10,
        "attained" : 1,
        "criterion" : "7.825644%",
        "max_deviation" : 17500.700000,
        "slope" : 0.000000,
        "data" : {
          "bw_mean" : 916001317,
          "iops_mean" : 223632,
          "iops" : [
            219247,
            217943,
            227739,
            227198,
            228599,
            227334,
            227644,
            227790,
            226701,
            206132
          ],
          "bw" : [
            898036724,
            892698394,
            932821973,
            930603008,
            936343959,
            931161433,
            932432464,
            933027840,
            928570170,
            844317213
          ]
        }
      }
    }
  ],
  "disk_util" : [
    {
      "name" : "nvme2n1",
      "read_ios" : 3177253,
      "write_ios" : 0,
      "read_merges" : 0,
      "write_merges" : 0,
      "read_ticks" : 804803,
      "write_ticks" : 0,
      "in_queue" : 804803,
      "util" : 99.252984
    }
  ]
}
