{
  "fio version" : "fio-3.33",
  "timestamp" : 1687931369,
  "timestamp_ms" : 1687931369603,
  "time" : "Wed Jun 28 05:49:29 2023",
  "jobs" : [
    {
      "jobname" : "FIOJOB",
      "groupid" : 0,
      "error" : 0,
      "eta" : 0,
      "elapsed" : 28,
      "job options" : {
        "ioengine" : "io_uring",
        "rw" : "randread",
        "bs" : "4k",
        "iodepth" : "8",
        "numjobs" : "1",
        "rwmixread" : "95",
        "runtime" : "60",
        "loops" : "1",
        "direct" : "1",
        "steadystate" : "iops:10%%",
        "steadystate_duration" : "10",
        "steadystate_ramp_time" : "1",
        "log_avg_msec" : "1000",
        "invalidate" : "1",
        "write_bw_log" : "/home/user/benchmarks/4096s/1x/nvme2n1/4k/randread-iodepth-8-numjobs-1",
        "write_lat_log" : "/home/user/benchmarks/4096s/1x/nvme2n1/4k/randread-iodepth-8-numjobs-1",
        "write_iops_log" : "/home/user/benchmarks/4096s/1x/nvme2n1/4k/randread-iodepth-8-numjobs-1",
        "filename" : "/dev/nvme2n1"
      },
      "read" : {
        "io_bytes" : 5255139328,
        "io_kbytes" : 5131972,
        "bw_bytes" : 195445526,
        "bw" : 190864,
        "iops" : 47716.193097,
        "runtime" : 26888,
        "total_ios" : 1282993,
        "short_ios" : 0,
        "drop_ios" : 0,
        "slat_ns" : {
          "min" : 929,
          "max" : 37810,
          "mean" : 2423.611215,
          "stddev" : 1010.138688,
          "N" : 1282993
        },
        "clat_ns" : {
          "min" : 38050,
          "max" : 789050,
          "mean" : 164316.085381,
          "stddev" : 90193.290420,
          "N" : 1282993,
          "percentile" : {
            "1.000000" : 61696,
            "5.000000" : 64256,
            "10.000000" : 67072,
            "20.000000" : 77312,
            "30.000000" : 96768,
            "40.000000" : 114176,
            "50.000000" : 136192,
            "60.000000" : 168960,
            "70.000000" : 214016,
            "80.000000" : 250880,
            "90.000000" : 296960,
            "95.000000" : 329728,
            "99.000000" : 395264,
            "99.500000" : 428032,
            "99.900000" : 497664,
            "99.950000" : 536576,
            "99.990000" : 618496
          }
        },
        "lat_ns" : {
          "min" : 43150,
          "max" : 791270,
          "mean" : 166739.696596,
          "stddev" : 90399.052079,
          "N" : 1282993
        },
        "bw_min" : 131436,
        "bw_max" : 364956,
        "bw_agg" : 100.000000,
        "bw_mean" : 192945.653846,
        "bw_dev" : 71125.646221,
        "bw_samples" : 26,
        "iops_min" : 32859,
        "iops_max" : 91244,
        "iops_mean" : 48236.346154,
        "iops_stddev" : 17781.892950,
        "iops_samples" : 26
      },
      "write" : {
        "io_bytes" : 0,
        "io_kbytes" : 0,
        "bw_bytes" : 0,
        "bw" : 0,
        "iops" : 0.000000,
        "runtime" : 0,
        "total_ios" : 0,
        "short_ios" : 0,
        "drop_ios" : 0,
        "slat_ns" : {
          "min" : 0,
          "max" : 0,
          "mean" : 0.000000,
          "stddev" : 0.000000,
          "N" : 0
        },
        "clat_ns" : {
          "min" : 0,
          "max" : 0,
          "mean" : 0.000000,
          "stddev" : 0.000000,
          "N" : 0
        },
        "lat_ns" : {
          "min" : 0,
          "max" : 0,
          "mean" : 0.000000,
          "stddev" : 0.000000,
          "N" : 0
        },
        "bw_min" : 0,
        "bw_max" : 0,
        "bw_agg" : 0.000000,
        "bw_mean" : 0.000000,
        "bw_dev" : 0.000000,
        "bw_samples" : 0,
        "iops_min" : 0,
        "iops_max" : 0,
        "iops_mean" : 0.000000,
        "iops_stddev" : 0.000000,
        "iops_samples" : 0
      },
      "trim" : {
        "io_bytes" : 0,
        "io_kbytes" : 0,
        "bw_bytes" : 0,
        "bw" : 0,
        "iops" : 0.000000,
        "runtime" : 0,
        "total_ios" : 0,
        "short_ios" : 0,
        "drop_ios" : 0,
        "slat_ns" : {
          "min" : 0,
          "max" : 0,
          "mean" : 0.000000,
          "stddev" : 0.000000,
          "N" : 0
        },
        "clat_ns" : {
          "min" : 0,
          "max" : 0,
          "mean" : 0.000000,
          "stddev" : 0.000000,
          "N" : 0
        },
        "lat_ns" : {
          "min" : 0,
          "max" : 0,
          "mean" : 0.000000,
          "stddev" : 0.000000,
          "N" : 0
        },
        "bw_min" : 0,
        "bw_max" : 0,
        "bw_agg" : 0.000000,
        "bw_mean" : 0.000000,
        "bw_dev" : 0.000000,
        "bw_samples" : 0,
        "iops_min" : 0,
        "iops_max" : 0,
        "iops_mean" : 0.000000,
        "iops_stddev" : 0.000000,
        "iops_samples" : 0
      },
      "sync" : {
        "total_ios" : 0,
        "lat_ns" : {
          "min" : 0,
          "max" : 0,
          "mean" : 0.000000,
          "stddev" : 0.000000,
          "N" : 0
        }
      },
      "job_runtime" : 26887,
      "usr_cpu" : 8.148920,
      "sys_cpu" : 20.753524,
      "ctx" : 828102,
      "majf" : 0,
      "minf" : 46,
      "iodepth_level" : {
        "1" : 0.100000,
        "2" : 0.100000,
        "4" : 0.100000,
        "8" : 99.999454,
        "16" : 0.000000,
        "32" : 0.000000,
        ">=64" : 0.000000
      },
      "iodepth_submit" : {
        "0" : 0.000000,
        "4" : 100.000000,
        "8" : 0.000000,
        "16" : 0.000000,
        "32" : 0.000000,
        "64" : 0.000000,
        ">=64" : 0.000000
      },
      "iodepth_complete" : {
        "0" : 0.000000,
        "4" : 99.999922,
        "8" : 0.100000,
        "16" : 0.000000,
        "32" : 0.000000,
        "64" : 0.000000,
        ">=64" : 0.000000
      },
      "latency_ns" : {
        "2" : 0.000000,
        "4" : 0.000000,
        "10" : 0.000000,
        "20" : 0.000000,
        "50" : 0.000000,
        "100" : 0.000000,
        "250" : 0.000000,
        "500" : 0.000000,
        "750" : 0.000000,
        "1000" : 0.000000
      },
      "latency_us" : {
        "2" : 0.000000,
        "4" : 0.000000,
        "10" : 0.000000,
        "20" : 0.000000,
        "50" : 0.068278,
        "100" : 31.923011,
        "250" : 47.697454,
        "500" : 20.216400,
        "750" : 0.094622,
        "1000" : 0.010000
      },
      "latency_ms" : {
        "2" : 0.000000,
        "4" : 0.000000,
        "10" : 0.000000,
        "20" : 0.000000,
        "50" : 0.000000,
        "100" : 0.000000,
        "250" : 0.000000,
        "500" : 0.000000,
        "750" : 0.000000,
        "1000" : 0.000000,
        "2000" : 0.000000,
        ">=2000" : 0.000000
      },
      "latency_depth" : 8,
      "latency_target" : 0,
      "latency_percentile" : 100.000000,
      "latency_window" : 0,
      "steadystate" : {
        "ss" : "iops:10.000000%",
        "duration" : 10,
        "attained" : 1,
        "criterion" : "2.363497%",
        "max_deviation" : 791.800000,
        "slope" : 0.000000,
        "data" : {
          "bw_mean" : 137222647,
          "iops_mean" : 33501,
          "iops" : [
            33199,
            32907,
            33468,
            33865,
            33939,
            33787,
            34293,
            32799,
            33326,
            33429
          ],
          "bw" : [
            135983104,
            134790790,
            137086846,
            138711040,
            139017993,
            138394778,
            140464128,
            134347979,
            136504632,
            136925184
          ]
        }
      }
    }
  ],
  "disk_util" : [
    {
      "name" : "nvme2n1",
      "read_ios" : 1282985,
      "write_ios" : 0,
      "read_merges" : 0,
      "write_merges" : 0,
      "read_ticks" : 206124,
      "write_ticks" : 0,
      "in_queue" : 206123,
      "util" : 99.670089
    }
  ]
}
