{
  "fio version" : "fio-3.33",
  "timestamp" : 1687933704,
  "timestamp_ms" : 1687933704177,
  "time" : "Wed Jun 28 06:28:24 2023",
  "jobs" : [
    {
      "jobname" : "FIOJOB",
      "groupid" : 0,
      "error" : 0,
      "eta" : 0,
      "elapsed" : 17,
      "job options" : {
        "ioengine" : "io_uring",
        "rw" : "randread",
        "bs" : "4k",
        "iodepth" : "32",
        "numjobs" : "1",
        "rwmixread" : "95",
        "runtime" : "60",
        "loops" : "1",
        "direct" : "1",
        "steadystate" : "iops:10%%",
        "steadystate_duration" : "10",
        "steadystate_ramp_time" : "1",
        "log_avg_msec" : "1000",
        "invalidate" : "1",
        "write_bw_log" : "/home/user/benchmarks/4096s/1x/nvme2n1/4k/randread-iodepth-32-numjobs-1",
        "write_lat_log" : "/home/user/benchmarks/4096s/1x/nvme2n1/4k/randread-iodepth-32-numjobs-1",
        "write_iops_log" : "/home/user/benchmarks/4096s/1x/nvme2n1/4k/randread-iodepth-32-numjobs-1",
        "filename" : "/dev/nvme2n1"
      },
      "read" : {
        "io_bytes" : 8196968448,
        "io_kbytes" : 8004852,
        "bw_bytes" : 515921981,
        "bw" : 503830,
        "iops" : 125957.515106,
        "runtime" : 15888,
        "total_ios" : 2001213,
        "short_ios" : 0,
        "drop_ios" : 0,
        "slat_ns" : {
          "min" : 900,
          "max" : 52420,
          "mean" : 2237.508981,
          "stddev" : 1268.691898,
          "N" : 2001213
        },
        "clat_ns" : {
          "min" : 43700,
          "max" : 1266970,
          "mean" : 251015.940240,
          "stddev" : 143445.593259,
          "N" : 2001213,
          "percentile" : {
            "1.000000" : 71168,
            "5.000000" : 84480,
            "10.000000" : 96768,
            "20.000000" : 124416,
            "30.000000" : 150528,
            "40.000000" : 179200,
            "50.000000" : 214016,
            "60.000000" : 254976,
            "70.000000" : 305152,
            "80.000000" : 374784,
            "90.000000" : 460800,
            "95.000000" : 528384,
            "99.000000" : 659456,
            "99.500000" : 708608,
            "99.900000" : 823296,
            "99.950000" : 864256,
            "99.990000" : 962560
          }
        },
        "lat_ns" : {
          "min" : 45970,
          "max" : 1269140,
          "mean" : 253253.449221,
          "stddev" : 143782.371544,
          "N" : 2001213
        },
        "bw_min" : 388148,
        "bw_max" : 864440,
        "bw_agg" : 100.000000,
        "bw_mean" : 509672.400000,
        "bw_dev" : 160090.510902,
        "bw_samples" : 15,
        "iops_min" : 97037,
        "iops_max" : 216113,
        "iops_mean" : 127418.133333,
        "iops_stddev" : 40022.798512,
        "iops_samples" : 15
      },
      "write" : {
        "io_bytes" : 0,
        "io_kbytes" : 0,
        "bw_bytes" : 0,
        "bw" : 0,
        "iops" : 0.000000,
        "runtime" : 0,
        "total_ios" : 0,
        "short_ios" : 0,
        "drop_ios" : 0,
        "slat_ns" : {
          "min" : 0,
          "max" : 0,
          "mean" : 0.000000,
          "stddev" : 0.000000,
          "N" : 0
        },
        "clat_ns" : {
          "min" : 0,
          "max" : 0,
          "mean" : 0.000000,
          "stddev" : 0.000000,
          "N" : 0
        },
        "lat_ns" : {
          "min" : 0,
          "max" : 0,
          "mean" : 0.000000,
          "stddev" : 0.000000,
          "N" : 0
        },
        "bw_min" : 0,
        "bw_max" : 0,
        "bw_agg" : 0.000000,
        "bw_mean" : 0.000000,
        "bw_dev" : 0.000000,
        "bw_samples" : 0,
        "iops_min" : 0,
        "iops_max" : 0,
        "iops_mean" : 0.000000,
        "iops_stddev" : 0.000000,
        "iops_samples" : 0
      },
      "trim" : {
        "io_bytes" : 0,
        "io_kbytes" : 0,
        "bw_bytes" : 0,
        "bw" : 0,
        "iops" : 0.000000,
        "runtime" : 0,
        "total_ios" : 0,
        "short_ios" : 0,
        "drop_ios" : 0,
        "slat_ns" : {
          "min" : 0,
          "max" : 0,
          "mean" : 0.000000,
          "stddev" : 0.000000,
          "N" : 0
        },
        "clat_ns" : {
          "min" : 0,
          "max" : 0,
          "mean" : 0.000000,
          "stddev" : 0.000000,
          "N" : 0
        },
        "lat_ns" : {
          "min" : 0,
          "max" : 0,
          "mean" : 0.000000,
          "stddev" : 0.000000,
          "N" : 0
        },
        "bw_min" : 0,
        "bw_max" : 0,
        "bw_agg" : 0.000000,
        "bw_mean" : 0.000000,
        "bw_dev" : 0.000000,
        "bw_samples" : 0,
        "iops_min" : 0,
        "iops_max" : 0,
        "iops_mean" : 0.000000,
        "iops_stddev" : 0.000000,
        "iops_samples" : 0
      },
      "sync" : {
        "total_ios" : 0,
        "lat_ns" : {
          "min" : 0,
          "max" : 0,
          "mean" : 0.000000,
          "stddev" : 0.000000,
          "N" : 0
        }
      },
      "job_runtime" : 15887,
      "usr_cpu" : 17.366400,
      "sys_cpu" : 37.590483,
      "ctx" : 588566,
      "majf" : 0,
      "minf" : 69,
      "iodepth_level" : {
        "1" : 0.100000,
        "2" : 0.100000,
        "4" : 0.100000,
        "8" : 0.100000,
        "16" : 0.100000,
        "32" : 99.998451,
        ">=64" : 0.000000
      },
      "iodepth_submit" : {
        "0" : 0.000000,
        "4" : 100.000000,
        "8" : 0.000000,
        "16" : 0.000000,
        "32" : 0.000000,
        "64" : 0.000000,
        ">=64" : 0.000000
      },
      "iodepth_complete" : {
        "0" : 0.000000,
        "4" : 99.999950,
        "8" : 0.000000,
        "16" : 0.000000,
        "32" : 0.100000,
        "64" : 0.000000,
        ">=64" : 0.000000
      },
      "latency_ns" : {
        "2" : 0.000000,
        "4" : 0.000000,
        "10" : 0.000000,
        "20" : 0.000000,
        "50" : 0.000000,
        "100" : 0.000000,
        "250" : 0.000000,
        "500" : 0.000000,
        "750" : 0.000000,
        "1000" : 0.000000
      },
      "latency_us" : {
        "2" : 0.000000,
        "4" : 0.000000,
        "10" : 0.000000,
        "20" : 0.000000,
        "50" : 0.010000,
        "100" : 11.412179,
        "250" : 47.403400,
        "500" : 34.270365,
        "750" : 6.633327,
        "1000" : 0.273684
      },
      "latency_ms" : {
        "2" : 0.010000,
        "4" : 0.000000,
        "10" : 0.000000,
        "20" : 0.000000,
        "50" : 0.000000,
        "100" : 0.000000,
        "250" : 0.000000,
        "500" : 0.000000,
        "750" : 0.000000,
        "1000" : 0.000000,
        "2000" : 0.000000,
        ">=2000" : 0.000000
      },
      "latency_depth" : 32,
      "latency_target" : 0,
      "latency_percentile" : 100.000000,
      "latency_window" : 0,
      "steadystate" : {
        "ss" : "iops:10.000000%",
        "duration" : 10,
        "attained" : 1,
        "criterion" : "3.516411%",
        "max_deviation" : 3557.500000,
        "slope" : 0.000000,
        "data" : {
          "bw_mean" : 414388242,
          "iops_mean" : 101168,
          "iops" : [
            104726,
            97866,
            98040,
            101990,
            102695,
            99918,
            102398,
            100634,
            100500,
            102918
          ],
          "bw" : [
            428957696,
            400862686,
            401572004,
            417755099,
            420641569,
            409264128,
            419423839,
            412199463,
            411650050,
            421555891
          ]
        }
      }
    }
  ],
  "disk_util" : [
    {
      "name" : "nvme2n1",
      "read_ios" : 2001179,
      "write_ios" : 0,
      "read_merges" : 0,
      "write_merges" : 0,
      "read_ticks" : 489973,
      "write_ticks" : 0,
      "in_queue" : 489973,
      "util" : 99.436866
    }
  ]
}
