{
  "fio version" : "fio-3.33",
  "timestamp" : 1687929885,
  "timestamp_ms" : 1687929885256,
  "time" : "Wed Jun 28 05:24:45 2023",
  "jobs" : [
    {
      "jobname" : "FIOJOB",
      "groupid" : 0,
      "error" : 0,
      "eta" : 0,
      "elapsed" : 13,
      "job options" : {
        "ioengine" : "io_uring",
        "rw" : "randread",
        "bs" : "4k",
        "iodepth" : "2",
        "numjobs" : "1",
        "rwmixread" : "95",
        "runtime" : "60",
        "loops" : "1",
        "direct" : "1",
        "steadystate" : "iops:10%%",
        "steadystate_duration" : "10",
        "steadystate_ramp_time" : "1",
        "log_avg_msec" : "1000",
        "invalidate" : "1",
        "write_bw_log" : "/home/user/benchmarks/4096s/1x/nvme2n1/4k/randread-iodepth-2-numjobs-1",
        "write_lat_log" : "/home/user/benchmarks/4096s/1x/nvme2n1/4k/randread-iodepth-2-numjobs-1",
        "write_iops_log" : "/home/user/benchmarks/4096s/1x/nvme2n1/4k/randread-iodepth-2-numjobs-1",
        "filename" : "/dev/nvme2n1"
      },
      "read" : {
        "io_bytes" : 1268359168,
        "io_kbytes" : 1238632,
        "bw_bytes" : 106692393,
        "bw" : 104191,
        "iops" : 26047.947510,
        "runtime" : 11888,
        "total_ios" : 309658,
        "short_ios" : 0,
        "drop_ios" : 0,
        "slat_ns" : {
          "min" : 960,
          "max" : 29880,
          "mean" : 2394.744186,
          "stddev" : 675.569734,
          "N" : 309658
        },
        "clat_ns" : {
          "min" : 36700,
          "max" : 216160,
          "mean" : 73358.910062,
          "stddev" : 14205.633709,
          "N" : 309658,
          "percentile" : {
            "1.000000" : 59648,
            "5.000000" : 61184,
            "10.000000" : 62208,
            "20.000000" : 63232,
            "30.000000" : 64256,
            "40.000000" : 65280,
            "50.000000" : 70144,
            "60.000000" : 74240,
            "70.000000" : 76288,
            "80.000000" : 77312,
            "90.000000" : 89600,
            "95.000000" : 109056,
            "99.000000" : 121344,
            "99.500000" : 122368,
            "99.900000" : 127488,
            "99.950000" : 152576,
            "99.990000" : 158720
          }
        },
        "lat_ns" : {
          "min" : 42740,
          "max" : 217680,
          "mean" : 75753.654248,
          "stddev" : 14223.249570,
          "N" : 309658
        },
        "bw_min" : 96100,
        "bw_max" : 109465,
        "bw_agg" : 100.000000,
        "bw_mean" : 105056.181818,
        "bw_dev" : 4400.346482,
        "bw_samples" : 11,
        "iops_min" : 24025,
        "iops_max" : 27366,
        "iops_mean" : 26263.818182,
        "iops_stddev" : 1100.150155,
        "iops_samples" : 11
      },
      "write" : {
        "io_bytes" : 0,
        "io_kbytes" : 0,
        "bw_bytes" : 0,
        "bw" : 0,
        "iops" : 0.000000,
        "runtime" : 0,
        "total_ios" : 0,
        "short_ios" : 0,
        "drop_ios" : 0,
        "slat_ns" : {
          "min" : 0,
          "max" : 0,
          "mean" : 0.000000,
          "stddev" : 0.000000,
          "N" : 0
        },
        "clat_ns" : {
          "min" : 0,
          "max" : 0,
          "mean" : 0.000000,
          "stddev" : 0.000000,
          "N" : 0
        },
        "lat_ns" : {
          "min" : 0,
          "max" : 0,
          "mean" : 0.000000,
          "stddev" : 0.000000,
          "N" : 0
        },
        "bw_min" : 0,
        "bw_max" : 0,
        "bw_agg" : 0.000000,
        "bw_mean" : 0.000000,
        "bw_dev" : 0.000000,
        "bw_samples" : 0,
        "iops_min" : 0,
        "iops_max" : 0,
        "iops_mean" : 0.000000,
        "iops_stddev" : 0.000000,
        "iops_samples" : 0
      },
      "trim" : {
        "io_bytes" : 0,
        "io_kbytes" : 0,
        "bw_bytes" : 0,
        "bw" : 0,
        "iops" : 0.000000,
        "runtime" : 0,
        "total_ios" : 0,
        "short_ios" : 0,
        "drop_ios" : 0,
        "slat_ns" : {
          "min" : 0,
          "max" : 0,
          "mean" : 0.000000,
          "stddev" : 0.000000,
          "N" : 0
        },
        "clat_ns" : {
          "min" : 0,
          "max" : 0,
          "mean" : 0.000000,
          "stddev" : 0.000000,
          "N" : 0
        },
        "lat_ns" : {
          "min" : 0,
          "max" : 0,
          "mean" : 0.000000,
          "stddev" : 0.000000,
          "N" : 0
        },
        "bw_min" : 0,
        "bw_max" : 0,
        "bw_agg" : 0.000000,
        "bw_mean" : 0.000000,
        "bw_dev" : 0.000000,
        "bw_samples" : 0,
        "iops_min" : 0,
        "iops_max" : 0,
        "iops_mean" : 0.000000,
        "iops_stddev" : 0.000000,
        "iops_samples" : 0
      },
      "sync" : {
        "total_ios" : 0,
        "lat_ns" : {
          "min" : 0,
          "max" : 0,
          "mean" : 0.000000,
          "stddev" : 0.000000,
          "N" : 0
        }
      },
      "job_runtime" : 11887,
      "usr_cpu" : 4.938168,
      "sys_cpu" : 13.005805,
      "ctx" : 278243,
      "majf" : 0,
      "minf" : 39,
      "iodepth_level" : {
        "1" : 0.100000,
        "2" : 99.999677,
        "4" : 0.000000,
        "8" : 0.000000,
        "16" : 0.000000,
        "32" : 0.000000,
        ">=64" : 0.000000
      },
      "iodepth_submit" : {
        "0" : 0.000000,
        "4" : 100.000000,
        "8" : 0.000000,
        "16" : 0.000000,
        "32" : 0.000000,
        "64" : 0.000000,
        ">=64" : 0.000000
      },
      "iodepth_complete" : {
        "0" : 0.000000,
        "4" : 100.000000,
        "8" : 0.000000,
        "16" : 0.000000,
        "32" : 0.000000,
        "64" : 0.000000,
        ">=64" : 0.000000
      },
      "latency_ns" : {
        "2" : 0.000000,
        "4" : 0.000000,
        "10" : 0.000000,
        "20" : 0.000000,
        "50" : 0.000000,
        "100" : 0.000000,
        "250" : 0.000000,
        "500" : 0.000000,
        "750" : 0.000000,
        "1000" : 0.000000
      },
      "latency_us" : {
        "2" : 0.000000,
        "4" : 0.000000,
        "10" : 0.000000,
        "20" : 0.000000,
        "50" : 0.311957,
        "100" : 91.492873,
        "250" : 8.195170,
        "500" : 0.000000,
        "750" : 0.000000,
        "1000" : 0.000000
      },
      "latency_ms" : {
        "2" : 0.000000,
        "4" : 0.000000,
        "10" : 0.000000,
        "20" : 0.000000,
        "50" : 0.000000,
        "100" : 0.000000,
        "250" : 0.000000,
        "500" : 0.000000,
        "750" : 0.000000,
        "1000" : 0.000000,
        "2000" : 0.000000,
        ">=2000" : 0.000000
      },
      "latency_depth" : 2,
      "latency_target" : 0,
      "latency_percentile" : 100.000000,
      "latency_window" : 0,
      "steadystate" : {
        "ss" : "iops:10.000000%",
        "duration" : 10,
        "attained" : 1,
        "criterion" : "8.977437%",
        "max_deviation" : 2344.700000,
        "slope" : 0.000000,
        "data" : {
          "bw_mean" : 106979743,
          "iops_mean" : 26117,
          "iops" : [
            26906,
            27338,
            26513,
            26369,
            27021,
            27624,
            26886,
            24856,
            23891,
            23773
          ],
          "bw" : [
            110206976,
            111977833,
            108599351,
            108007424,
            110678102,
            113150462,
            110128688,
            101813685,
            97857536,
            97377377
          ]
        }
      }
    }
  ],
  "disk_util" : [
    {
      "name" : "nvme2n1",
      "read_ios" : 309654,
      "write_ios" : 0,
      "read_merges" : 0,
      "write_merges" : 0,
      "read_ticks" : 21826,
      "write_ticks" : 0,
      "in_queue" : 21826,
      "util" : 99.215752
    }
  ]
}
