{
  "fio version" : "fio-3.33",
  "timestamp" : 1687929458,
  "timestamp_ms" : 1687929458253,
  "time" : "Wed Jun 28 05:17:38 2023",
  "jobs" : [
    {
      "jobname" : "FIOJOB",
      "groupid" : 0,
      "error" : 0,
      "eta" : 0,
      "elapsed" : 13,
      "job options" : {
        "ioengine" : "io_uring",
        "rw" : "randread",
        "bs" : "4k",
        "iodepth" : "1",
        "numjobs" : "1",
        "rwmixread" : "95",
        "runtime" : "60",
        "loops" : "1",
        "direct" : "1",
        "steadystate" : "iops:10%%",
        "steadystate_duration" : "10",
        "steadystate_ramp_time" : "1",
        "log_avg_msec" : "1000",
        "invalidate" : "1",
        "write_bw_log" : "/home/user/benchmarks/4096s/1x/nvme2n1/4k/randread-iodepth-1-numjobs-1",
        "write_lat_log" : "/home/user/benchmarks/4096s/1x/nvme2n1/4k/randread-iodepth-1-numjobs-1",
        "write_iops_log" : "/home/user/benchmarks/4096s/1x/nvme2n1/4k/randread-iodepth-1-numjobs-1",
        "filename" : "/dev/nvme2n1"
      },
      "read" : {
        "io_bytes" : 684527616,
        "io_kbytes" : 668484,
        "bw_bytes" : 57586238,
        "bw" : 56236,
        "iops" : 14059.140237,
        "runtime" : 11887,
        "total_ios" : 167121,
        "short_ios" : 0,
        "drop_ios" : 0,
        "slat_ns" : {
          "min" : 1000,
          "max" : 35270,
          "mean" : 2440.638160,
          "stddev" : 534.781593,
          "N" : 167121
        },
        "clat_ns" : {
          "min" : 42210,
          "max" : 120569,
          "mean" : 67732.852873,
          "stddev" : 6590.744060,
          "N" : 167121,
          "percentile" : {
            "1.000000" : 59648,
            "5.000000" : 61696,
            "10.000000" : 62208,
            "20.000000" : 62720,
            "30.000000" : 63232,
            "40.000000" : 63744,
            "50.000000" : 64256,
            "60.000000" : 65280,
            "70.000000" : 74240,
            "80.000000" : 75264,
            "90.000000" : 76288,
            "95.000000" : 77312,
            "99.000000" : 79360,
            "99.500000" : 95744,
            "99.900000" : 109056,
            "99.950000" : 110080,
            "99.990000" : 111104
          }
        },
        "lat_ns" : {
          "min" : 43330,
          "max" : 123059,
          "mean" : 70173.491033,
          "stddev" : 6664.152616,
          "N" : 167121
        },
        "bw_min" : 54606,
        "bw_max" : 59400,
        "bw_agg" : 100.000000,
        "bw_mean" : 56275.545455,
        "bw_dev" : 1271.086336,
        "bw_samples" : 11,
        "iops_min" : 13651,
        "iops_max" : 14850,
        "iops_mean" : 14068.727273,
        "iops_stddev" : 317.942476,
        "iops_samples" : 11
      },
      "write" : {
        "io_bytes" : 0,
        "io_kbytes" : 0,
        "bw_bytes" : 0,
        "bw" : 0,
        "iops" : 0.000000,
        "runtime" : 0,
        "total_ios" : 0,
        "short_ios" : 0,
        "drop_ios" : 0,
        "slat_ns" : {
          "min" : 0,
          "max" : 0,
          "mean" : 0.000000,
          "stddev" : 0.000000,
          "N" : 0
        },
        "clat_ns" : {
          "min" : 0,
          "max" : 0,
          "mean" : 0.000000,
          "stddev" : 0.000000,
          "N" : 0
        },
        "lat_ns" : {
          "min" : 0,
          "max" : 0,
          "mean" : 0.000000,
          "stddev" : 0.000000,
          "N" : 0
        },
        "bw_min" : 0,
        "bw_max" : 0,
        "bw_agg" : 0.000000,
        "bw_mean" : 0.000000,
        "bw_dev" : 0.000000,
        "bw_samples" : 0,
        "iops_min" : 0,
        "iops_max" : 0,
        "iops_mean" : 0.000000,
        "iops_stddev" : 0.000000,
        "iops_samples" : 0
      },
      "trim" : {
        "io_bytes" : 0,
        "io_kbytes" : 0,
        "bw_bytes" : 0,
        "bw" : 0,
        "iops" : 0.000000,
        "runtime" : 0,
        "total_ios" : 0,
        "short_ios" : 0,
        "drop_ios" : 0,
        "slat_ns" : {
          "min" : 0,
          "max" : 0,
          "mean" : 0.000000,
          "stddev" : 0.000000,
          "N" : 0
        },
        "clat_ns" : {
          "min" : 0,
          "max" : 0,
          "mean" : 0.000000,
          "stddev" : 0.000000,
          "N" : 0
        },
        "lat_ns" : {
          "min" : 0,
          "max" : 0,
          "mean" : 0.000000,
          "stddev" : 0.000000,
          "N" : 0
        },
        "bw_min" : 0,
        "bw_max" : 0,
        "bw_agg" : 0.000000,
        "bw_mean" : 0.000000,
        "bw_dev" : 0.000000,
        "bw_samples" : 0,
        "iops_min" : 0,
        "iops_max" : 0,
        "iops_mean" : 0.000000,
        "iops_stddev" : 0.000000,
        "iops_samples" : 0
      },
      "sync" : {
        "total_ios" : 0,
        "lat_ns" : {
          "min" : 0,
          "max" : 0,
          "mean" : 0.000000,
          "stddev" : 0.000000,
          "N" : 0
        }
      },
      "job_runtime" : 11886,
      "usr_cpu" : 2.742723,
      "sys_cpu" : 7.563520,
      "ctx" : 167122,
      "majf" : 0,
      "minf" : 38,
      "iodepth_level" : {
        "1" : 100.000000,
        "2" : 0.000000,
        "4" : 0.000000,
        "8" : 0.000000,
        "16" : 0.000000,
        "32" : 0.000000,
        ">=64" : 0.000000
      },
      "iodepth_submit" : {
        "0" : 0.000000,
        "4" : 100.000000,
        "8" : 0.000000,
        "16" : 0.000000,
        "32" : 0.000000,
        "64" : 0.000000,
        ">=64" : 0.000000
      },
      "iodepth_complete" : {
        "0" : 0.000000,
        "4" : 100.000000,
        "8" : 0.000000,
        "16" : 0.000000,
        "32" : 0.000000,
        "64" : 0.000000,
        ">=64" : 0.000000
      },
      "latency_ns" : {
        "2" : 0.000000,
        "4" : 0.000000,
        "10" : 0.000000,
        "20" : 0.000000,
        "50" : 0.000000,
        "100" : 0.000000,
        "250" : 0.000000,
        "500" : 0.000000,
        "750" : 0.000000,
        "1000" : 0.000000
      },
      "latency_us" : {
        "2" : 0.000000,
        "4" : 0.000000,
        "10" : 0.000000,
        "20" : 0.000000,
        "50" : 0.404497,
        "100" : 99.386672,
        "250" : 0.208831,
        "500" : 0.000000,
        "750" : 0.000000,
        "1000" : 0.000000
      },
      "latency_ms" : {
        "2" : 0.000000,
        "4" : 0.000000,
        "10" : 0.000000,
        "20" : 0.000000,
        "50" : 0.000000,
        "100" : 0.000000,
        "250" : 0.000000,
        "500" : 0.000000,
        "750" : 0.000000,
        "1000" : 0.000000,
        "2000" : 0.000000,
        ">=2000" : 0.000000
      },
      "latency_depth" : 1,
      "latency_target" : 0,
      "latency_percentile" : 100.000000,
      "latency_window" : 0,
      "steadystate" : {
        "ss" : "iops:10.000000%",
        "duration" : 10,
        "attained" : 1,
        "criterion" : "2.255639%",
        "max_deviation" : 315.900000,
        "slope" : 0.000000,
        "data" : {
          "bw_mean" : 57365304,
          "iops_mean" : 14004,
          "iops" : [
            13888,
            13689,
            13739,
            13879,
            14218,
            14180,
            14152,
            14158,
            14049,
            14097
          ],
          "bw" : [
            56888888,
            56072968,
            56277973,
            56848384,
            58237821,
            58082018,
            57967215,
            57991168,
            57544904,
            57741709
          ]
        }
      }
    }
  ],
  "disk_util" : [
    {
      "name" : "nvme2n1",
      "read_ios" : 167120,
      "write_ios" : 0,
      "read_merges" : 0,
      "write_merges" : 0,
      "read_ticks" : 10859,
      "write_ticks" : 0,
      "in_queue" : 10858,
      "util" : 99.215752
    }
  ]
}
