{
  "fio version" : "fio-3.33",
  "timestamp" : 1687932591,
  "timestamp_ms" : 1687932591720,
  "time" : "Wed Jun 28 06:09:51 2023",
  "jobs" : [
    {
      "jobname" : "FIOJOB",
      "groupid" : 0,
      "error" : 0,
      "eta" : 0,
      "elapsed" : 20,
      "job options" : {
        "ioengine" : "io_uring",
        "rw" : "randread",
        "bs" : "4k",
        "iodepth" : "16",
        "numjobs" : "1",
        "rwmixread" : "95",
        "runtime" : "60",
        "loops" : "1",
        "direct" : "1",
        "steadystate" : "iops:10%%",
        "steadystate_duration" : "10",
        "steadystate_ramp_time" : "1",
        "log_avg_msec" : "1000",
        "invalidate" : "1",
        "write_bw_log" : "/home/user/benchmarks/4096s/1x/nvme2n1/4k/randread-iodepth-16-numjobs-1",
        "write_lat_log" : "/home/user/benchmarks/4096s/1x/nvme2n1/4k/randread-iodepth-16-numjobs-1",
        "write_iops_log" : "/home/user/benchmarks/4096s/1x/nvme2n1/4k/randread-iodepth-16-numjobs-1",
        "filename" : "/dev/nvme2n1"
      },
      "read" : {
        "io_bytes" : 6046740480,
        "io_kbytes" : 5905020,
        "bw_bytes" : 320153570,
        "bw" : 312649,
        "iops" : 78162.492720,
        "runtime" : 18887,
        "total_ios" : 1476255,
        "short_ios" : 0,
        "drop_ios" : 0,
        "slat_ns" : {
          "min" : 909,
          "max" : 56880,
          "mean" : 2244.189450,
          "stddev" : 928.564029,
          "N" : 1476255
        },
        "clat_ns" : {
          "min" : 41550,
          "max" : 1066360,
          "mean" : 201649.288041,
          "stddev" : 125245.049259,
          "N" : 1476255,
          "percentile" : {
            "1.000000" : 62720,
            "5.000000" : 68096,
            "10.000000" : 76288,
            "20.000000" : 90624,
            "30.000000" : 110080,
            "40.000000" : 134144,
            "50.000000" : 162816,
            "60.000000" : 201728,
            "70.000000" : 244736,
            "80.000000" : 305152,
            "90.000000" : 391168,
            "95.000000" : 456704,
            "99.000000" : 561152,
            "99.500000" : 593920,
            "99.900000" : 667648,
            "99.950000" : 708608,
            "99.990000" : 798720
          }
        },
        "lat_ns" : {
          "min" : 42830,
          "max" : 1068740,
          "mean" : 203893.477491,
          "stddev" : 125423.858977,
          "N" : 1476255
        },
        "bw_min" : 211583,
        "bw_max" : 635516,
        "bw_agg" : 100.000000,
        "bw_mean" : 317075.055556,
        "bw_dev" : 128219.562672,
        "bw_samples" : 18,
        "iops_min" : 52895,
        "iops_max" : 158883,
        "iops_mean" : 79268.666667,
        "iops_stddev" : 32055.378890,
        "iops_samples" : 18
      },
      "write" : {
        "io_bytes" : 0,
        "io_kbytes" : 0,
        "bw_bytes" : 0,
        "bw" : 0,
        "iops" : 0.000000,
        "runtime" : 0,
        "total_ios" : 0,
        "short_ios" : 0,
        "drop_ios" : 0,
        "slat_ns" : {
          "min" : 0,
          "max" : 0,
          "mean" : 0.000000,
          "stddev" : 0.000000,
          "N" : 0
        },
        "clat_ns" : {
          "min" : 0,
          "max" : 0,
          "mean" : 0.000000,
          "stddev" : 0.000000,
          "N" : 0
        },
        "lat_ns" : {
          "min" : 0,
          "max" : 0,
          "mean" : 0.000000,
          "stddev" : 0.000000,
          "N" : 0
        },
        "bw_min" : 0,
        "bw_max" : 0,
        "bw_agg" : 0.000000,
        "bw_mean" : 0.000000,
        "bw_dev" : 0.000000,
        "bw_samples" : 0,
        "iops_min" : 0,
        "iops_max" : 0,
        "iops_mean" : 0.000000,
        "iops_stddev" : 0.000000,
        "iops_samples" : 0
      },
      "trim" : {
        "io_bytes" : 0,
        "io_kbytes" : 0,
        "bw_bytes" : 0,
        "bw" : 0,
        "iops" : 0.000000,
        "runtime" : 0,
        "total_ios" : 0,
        "short_ios" : 0,
        "drop_ios" : 0,
        "slat_ns" : {
          "min" : 0,
          "max" : 0,
          "mean" : 0.000000,
          "stddev" : 0.000000,
          "N" : 0
        },
        "clat_ns" : {
          "min" : 0,
          "max" : 0,
          "mean" : 0.000000,
          "stddev" : 0.000000,
          "N" : 0
        },
        "lat_ns" : {
          "min" : 0,
          "max" : 0,
          "mean" : 0.000000,
          "stddev" : 0.000000,
          "N" : 0
        },
        "bw_min" : 0,
        "bw_max" : 0,
        "bw_agg" : 0.000000,
        "bw_mean" : 0.000000,
        "bw_dev" : 0.000000,
        "bw_samples" : 0,
        "iops_min" : 0,
        "iops_max" : 0,
        "iops_mean" : 0.000000,
        "iops_stddev" : 0.000000,
        "iops_samples" : 0
      },
      "sync" : {
        "total_ios" : 0,
        "lat_ns" : {
          "min" : 0,
          "max" : 0,
          "mean" : 0.000000,
          "stddev" : 0.000000,
          "N" : 0
        }
      },
      "job_runtime" : 18886,
      "usr_cpu" : 12.252462,
      "sys_cpu" : 27.295351,
      "ctx" : 657051,
      "majf" : 0,
      "minf" : 54,
      "iodepth_level" : {
        "1" : 0.100000,
        "2" : 0.100000,
        "4" : 0.100000,
        "8" : 0.100000,
        "16" : 99.998984,
        "32" : 0.000000,
        ">=64" : 0.000000
      },
      "iodepth_submit" : {
        "0" : 0.000000,
        "4" : 100.000000,
        "8" : 0.000000,
        "16" : 0.000000,
        "32" : 0.000000,
        "64" : 0.000000,
        ">=64" : 0.000000
      },
      "iodepth_complete" : {
        "0" : 0.000000,
        "4" : 99.999932,
        "8" : 0.000000,
        "16" : 0.100000,
        "32" : 0.000000,
        "64" : 0.000000,
        ">=64" : 0.000000
      },
      "latency_ns" : {
        "2" : 0.000000,
        "4" : 0.000000,
        "10" : 0.000000,
        "20" : 0.000000,
        "50" : 0.000000,
        "100" : 0.000000,
        "250" : 0.000000,
        "500" : 0.000000,
        "750" : 0.000000,
        "1000" : 0.000000
      },
      "latency_us" : {
        "2" : 0.000000,
        "4" : 0.000000,
        "10" : 0.000000,
        "20" : 0.000000,
        "50" : 0.020525,
        "100" : 25.130685,
        "250" : 45.763977,
        "500" : 26.173798,
        "750" : 2.890558,
        "1000" : 0.020322
      },
      "latency_ms" : {
        "2" : 0.010000,
        "4" : 0.000000,
        "10" : 0.000000,
        "20" : 0.000000,
        "50" : 0.000000,
        "100" : 0.000000,
        "250" : 0.000000,
        "500" : 0.000000,
        "750" : 0.000000,
        "1000" : 0.000000,
        "2000" : 0.000000,
        ">=2000" : 0.000000
      },
      "latency_depth" : 16,
      "latency_target" : 0,
      "latency_percentile" : 100.000000,
      "latency_window" : 0,
      "steadystate" : {
        "ss" : "iops:10.000000%",
        "duration" : 10,
        "attained" : 1,
        "criterion" : "7.360582%",
        "max_deviation" : 4085.800000,
        "slope" : 0.000000,
        "data" : {
          "bw_mean" : 227367075,
          "iops_mean" : 55509,
          "iops" : [
            59595,
            54690,
            54995,
            54713,
            53213,
            53105,
            55350,
            56002,
            56793,
            56636
          ],
          "bw" : [
            244101120,
            224013069,
            225259520,
            224107371,
            217961321,
            217518080,
            226715035,
            229384192,
            232627379,
            231983663
          ]
        }
      }
    }
  ],
  "disk_util" : [
    {
      "name" : "nvme2n1",
      "read_ios" : 1476237,
      "write_ios" : 0,
      "read_merges" : 0,
      "write_merges" : 0,
      "read_ticks" : 290885,
      "write_ticks" : 0,
      "in_queue" : 290885,
      "util" : 99.515381
    }
  ]
}
