{
  "fio version" : "fio-3.33",
  "timestamp" : 1687914983,
  "timestamp_ms" : 1687914983555,
  "time" : "Wed Jun 28 01:16:23 2023",
  "jobs" : [
    {
      "jobname" : "FIOJOB",
      "groupid" : 0,
      "error" : 0,
      "eta" : 0,
      "elapsed" : 13,
      "job options" : {
        "ioengine" : "io_uring",
        "rw" : "randrw",
        "bs" : "4k",
        "iodepth" : "2",
        "numjobs" : "2",
        "rwmixread" : "65",
        "runtime" : "60",
        "loops" : "1",
        "direct" : "1",
        "steadystate" : "iops:10%%",
        "steadystate_duration" : "10",
        "steadystate_ramp_time" : "1",
        "log_avg_msec" : "1000",
        "invalidate" : "1",
        "write_bw_log" : "/home/user/benchmarks/512s/1x/nvme3n1/randrw65/4k/randrw-iodepth-2-numjobs-2",
        "write_lat_log" : "/home/user/benchmarks/512s/1x/nvme3n1/randrw65/4k/randrw-iodepth-2-numjobs-2",
        "write_iops_log" : "/home/user/benchmarks/512s/1x/nvme3n1/randrw65/4k/randrw-iodepth-2-numjobs-2",
        "filename" : "/dev/nvme3n1"
      },
      "read" : {
        "io_bytes" : 814940160,
        "io_kbytes" : 795840,
        "bw_bytes" : 68545727,
        "bw" : 66939,
        "iops" : 16734.796871,
        "runtime" : 11889,
        "total_ios" : 198960,
        "short_ios" : 0,
        "drop_ios" : 0,
        "slat_ns" : {
          "min" : 940,
          "max" : 31020,
          "mean" : 1695.609077,
          "stddev" : 738.394352,
          "N" : 198960
        },
        "clat_ns" : {
          "min" : 43220,
          "max" : 5581079,
          "mean" : 111414.192622,
          "stddev" : 156597.647199,
          "N" : 198960,
          "percentile" : {
            "1.000000" : 61184,
            "5.000000" : 62208,
            "10.000000" : 63232,
            "20.000000" : 66048,
            "30.000000" : 73216,
            "40.000000" : 77312,
            "50.000000" : 86528,
            "60.000000" : 96768,
            "70.000000" : 103936,
            "80.000000" : 114176,
            "90.000000" : 136192,
            "95.000000" : 162816,
            "99.000000" : 1105920,
            "99.500000" : 1515520,
            "99.900000" : 1761280,
            "99.950000" : 1810432,
            "99.990000" : 2113536
          }
        },
        "lat_ns" : {
          "min" : 45090,
          "max" : 5583479,
          "mean" : 113109.801699,
          "stddev" : 156601.013965,
          "N" : 198960
        },
        "bw_min" : 63428,
        "bw_max" : 69749,
        "bw_agg" : 51.517282,
        "bw_mean" : 67175.090909,
        "bw_dev" : 1908.444417,
        "bw_samples" : 11,
        "iops_min" : 15857,
        "iops_max" : 17437,
        "iops_mean" : 16793.454545,
        "iops_stddev" : 477.103419,
        "iops_samples" : 11
      },
      "write" : {
        "io_bytes" : 440033280,
        "io_kbytes" : 429720,
        "bw_bytes" : 37011799,
        "bw" : 36144,
        "iops" : 9036.083775,
        "runtime" : 11889,
        "total_ios" : 107430,
        "short_ios" : 0,
        "drop_ios" : 0,
        "slat_ns" : {
          "min" : 1030,
          "max" : 27430,
          "mean" : 1967.908033,
          "stddev" : 816.378955,
          "N" : 107430
        },
        "clat_ns" : {
          "min" : 931,
          "max" : 53540,
          "mean" : 7969.414381,
          "stddev" : 1990.583168,
          "N" : 107430,
          "percentile" : {
            "1.000000" : 5664,
            "5.000000" : 6304,
            "10.000000" : 6496,
            "20.000000" : 6560,
            "30.000000" : 6688,
            "40.000000" : 6752,
            "50.000000" : 6816,
            "60.000000" : 7136,
            "70.000000" : 9408,
            "80.000000" : 9664,
            "90.000000" : 10432,
            "95.000000" : 11328,
            "99.000000" : 15296,
            "99.500000" : 16192,
            "99.900000" : 19072,
            "99.950000" : 21888,
            "99.990000" : 28544
          }
        },
        "lat_ns" : {
          "min" : 5529,
          "max" : 56350,
          "mean" : 9937.322415,
          "stddev" : 2589.758885,
          "N" : 107430
        },
        "bw_min" : 34000,
        "bw_max" : 37289,
        "bw_agg" : 51.490904,
        "bw_mean" : 36262.909091,
        "bw_dev" : 932.486081,
        "bw_samples" : 11,
        "iops_min" : 8500,
        "iops_max" : 9322,
        "iops_mean" : 9065.545455,
        "iops_stddev" : 233.162331,
        "iops_samples" : 11
      },
      "trim" : {
        "io_bytes" : 0,
        "io_kbytes" : 0,
        "bw_bytes" : 0,
        "bw" : 0,
        "iops" : 0.000000,
        "runtime" : 0,
        "total_ios" : 0,
        "short_ios" : 0,
        "drop_ios" : 0,
        "slat_ns" : {
          "min" : 0,
          "max" : 0,
          "mean" : 0.000000,
          "stddev" : 0.000000,
          "N" : 0
        },
        "clat_ns" : {
          "min" : 0,
          "max" : 0,
          "mean" : 0.000000,
          "stddev" : 0.000000,
          "N" : 0
        },
        "lat_ns" : {
          "min" : 0,
          "max" : 0,
          "mean" : 0.000000,
          "stddev" : 0.000000,
          "N" : 0
        },
        "bw_min" : 0,
        "bw_max" : 0,
        "bw_agg" : 0.000000,
        "bw_mean" : 0.000000,
        "bw_dev" : 0.000000,
        "bw_samples" : 0,
        "iops_min" : 0,
        "iops_max" : 0,
        "iops_mean" : 0.000000,
        "iops_stddev" : 0.000000,
        "iops_samples" : 0
      },
      "sync" : {
        "total_ios" : 0,
        "lat_ns" : {
          "min" : 0,
          "max" : 0,
          "mean" : 0.000000,
          "stddev" : 0.000000,
          "N" : 0
        }
      },
      "job_runtime" : 11888,
      "usr_cpu" : 3.474092,
      "sys_cpu" : 8.958614,
      "ctx" : 276109,
      "majf" : 0,
      "minf" : 42,
      "iodepth_level" : {
        "1" : 0.100000,
        "2" : 99.999674,
        "4" : 0.000000,
        "8" : 0.000000,
        "16" : 0.000000,
        "32" : 0.000000,
        ">=64" : 0.000000
      },
      "iodepth_submit" : {
        "0" : 0.000000,
        "4" : 100.000000,
        "8" : 0.000000,
        "16" : 0.000000,
        "32" : 0.000000,
        "64" : 0.000000,
        ">=64" : 0.000000
      },
      "iodepth_complete" : {
        "0" : 0.000000,
        "4" : 100.000000,
        "8" : 0.000000,
        "16" : 0.000000,
        "32" : 0.000000,
        "64" : 0.000000,
        ">=64" : 0.000000
      },
      "latency_ns" : {
        "2" : 0.000000,
        "4" : 0.000000,
        "10" : 0.000000,
        "20" : 0.000000,
        "50" : 0.000000,
        "100" : 0.000000,
        "250" : 0.000000,
        "500" : 0.000000,
        "750" : 0.000000,
        "1000" : 0.010000
      },
      "latency_us" : {
        "2" : 0.010000,
        "4" : 0.010000,
        "10" : 31.145272,
        "20" : 3.886223,
        "50" : 0.112275,
        "100" : 42.665883,
        "250" : 20.983061,
        "500" : 0.198766,
        "750" : 0.141976,
        "1000" : 0.144587
      },
      "latency_ms" : {
        "2" : 0.710859,
        "4" : 0.010000,
        "10" : 0.010000,
        "20" : 0.000000,
        "50" : 0.000000,
        "100" : 0.000000,
        "250" : 0.000000,
        "500" : 0.000000,
        "750" : 0.000000,
        "1000" : 0.000000,
        "2000" : 0.000000,
        ">=2000" : 0.000000
      },
      "latency_depth" : 2,
      "latency_target" : 0,
      "latency_percentile" : 100.000000,
      "latency_window" : 0,
      "steadystate" : {
        "ss" : "iops:10.000000%",
        "duration" : 10,
        "attained" : 1,
        "criterion" : "3.296186%",
        "max_deviation" : 854.200000,
        "slope" : 0.000000,
        "data" : {
          "bw_mean" : 106148185,
          "iops_mean" : 25914,