{
  "fio version" : "fio-3.33",
  "timestamp" : 1687914150,
  "timestamp_ms" : 1687914150440,
  "time" : "Wed Jun 28 01:02:30 2023",
  "jobs" : [
    {
      "jobname" : "FIOJOB",
      "groupid" : 0,
      "error" : 0,
      "eta" : 0,
      "elapsed" : 13,
      "job options" : {
        "ioengine" : "io_uring",
        "rw" : "randrw",
        "bs" : "4k",
        "iodepth" : "1",
        "numjobs" : "1",
        "rwmixread" : "65",
        "runtime" : "60",
        "loops" : "1",
        "direct" : "1",
        "steadystate" : "iops:10%%",
        "steadystate_duration" : "10",
        "steadystate_ramp_time" : "1",
        "log_avg_msec" : "1000",
        "invalidate" : "1",
        "write_bw_log" : "/home/user/benchmarks/512s/1x/nvme3n1/randrw65/4k/randrw-iodepth-1-numjobs-1",
        "write_lat_log" : "/home/user/benchmarks/512s/1x/nvme3n1/randrw65/4k/randrw-iodepth-1-numjobs-1",
        "write_iops_log" : "/home/user/benchmarks/512s/1x/nvme3n1/randrw65/4k/randrw-iodepth-1-numjobs-1",
        "filename" : "/dev/nvme3n1"
      },
      "read" : {
        "io_bytes" : 587952128,
        "io_kbytes" : 574172,
        "bw_bytes" : 49453455,
        "bw" : 48294,
        "iops" : 12073.597443,
        "runtime" : 11889,
        "total_ios" : 143543,
        "short_ios" : 0,
        "drop_ios" : 0,
        "slat_ns" : {
          "min" : 1020,
          "max" : 28040,
          "mean" : 2437.300516,
          "stddev" : 437.124193,
          "N" : 143543
        },
        "clat_ns" : {
          "min" : 43610,
          "max" : 3043409,
          "mean" : 72045.101433,
          "stddev" : 61962.475724,
          "N" : 143543,
          "percentile" : {
            "1.000000" : 60160,
            "5.000000" : 61184,
            "10.000000" : 62208,
            "20.000000" : 64256,
            "30.000000" : 65280,
            "40.000000" : 65280,
            "50.000000" : 66048,
            "60.000000" : 67072,
            "70.000000" : 74240,
            "80.000000" : 77312,
            "90.000000" : 78336,
            "95.000000" : 78336,
            "99.000000" : 97792,
            "99.500000" : 111104,
            "99.900000" : 1400832,
            "99.950000" : 1662976,
            "99.990000" : 1941504
          }
        },
        "lat_ns" : {
          "min" : 45230,
          "max" : 3046140,
          "mean" : 74482.401949,
          "stddev" : 61976.671505,
          "N" : 143543
        },
        "bw_min" : 44568,
        "bw_max" : 52184,
        "bw_agg" : 100.000000,
        "bw_mean" : 48428.454545,
        "bw_dev" : 2173.929684,
        "bw_samples" : 11,
        "iops_min" : 11142,
        "iops_max" : 13046,
        "iops_mean" : 12106.818182,
        "iops_stddev" : 543.561739,
        "iops_samples" : 11
      },
      "write" : {
        "io_bytes" : 316260352,
        "io_kbytes" : 308848,
        "bw_bytes" : 26601089,
        "bw" : 25977,
        "iops" : 6494.406594,
        "runtime" : 11889,
        "total_ios" : 77212,
        "short_ios" : 0,
        "drop_ios" : 0,
        "slat_ns" : {
          "min" : 1120,
          "max" : 21350,
          "mean" : 2772.115798,
          "stddev" : 479.395489,
          "N" : 77212
        },
        "clat_ns" : {
          "min" : 260,
          "max" : 32570,
          "mean" : 10010.102277,
          "stddev" : 1710.945741,
          "N" : 77212,
          "percentile" : {
            "1.000000" : 7072,
            "5.000000" : 7136,
            "10.000000" : 7264,
            "20.000000" : 7584,
            "30.000000" : 9664,
            "40.000000" : 9792,
            "50.000000" : 10816,
            "60.000000" : 10816,
            "70.000000" : 10944,
            "80.000000" : 10944,
            "90.000000" : 11200,
            "95.000000" : 12224,
            "99.000000" : 13248,
            "99.500000" : 14400,
            "99.900000" : 21888,
            "99.950000" : 22144,
            "99.990000" : 23680
          }
        },
        "lat_ns" : {
          "min" : 6850,
          "max" : 35960,
          "mean" : 12782.218075,
          "stddev" : 2060.666298,
          "N" : 77212
        },
        "bw_min" : 24280,
        "bw_max" : 28088,
        "bw_agg" : 100.000000,
        "bw_mean" : 26030.545455,
        "bw_dev" : 1139.100115,
        "bw_samples" : 11,
        "iops_min" : 6070,
        "iops_max" : 7022,
        "iops_mean" : 6507.454545,
        "iops_stddev" : 284.797600,
        "iops_samples" : 11
      },
      "trim" : {
        "io_bytes" : 0,
        "io_kbytes" : 0,
        "bw_bytes" : 0,
        "bw" : 0,
        "iops" : 0.000000,
        "runtime" : 0,
        "total_ios" : 0,
        "short_ios" : 0,
        "drop_ios" : 0,
        "slat_ns" : {
          "min" : 0,
          "max" : 0,
          "mean" : 0.000000,
          "stddev" : 0.000000,
          "N" : 0
        },
        "clat_ns" : {
          "min" : 0,
          "max" : 0,
          "mean" : 0.000000,
          "stddev" : 0.000000,
          "N" : 0
        },
        "lat_ns" : {
          "min" : 0,
          "max" : 0,
          "mean" : 0.000000,
          "stddev" : 0.000000,
          "N" : 0
        },
        "bw_min" : 0,
        "bw_max" : 0,
        "bw_agg" : 0.000000,
        "bw_mean" : 0.000000,
        "bw_dev" : 0.000000,
        "bw_samples" : 0,
        "iops_min" : 0,
        "iops_max" : 0,
        "iops_mean" : 0.000000,
        "iops_stddev" : 0.000000,
        "iops_samples" : 0
      },
      "sync" : {
        "total_ios" : 0,
        "lat_ns" : {
          "min" : 0,
          "max" : 0,
          "mean" : 0.000000,
          "stddev" : 0.000000,
          "N" : 0
        }
      },
      "job_runtime" : 11888,
      "usr_cpu" : 3.549798,
      "sys_cpu" : 10.380215,
      "ctx" : 220749,
      "majf" : 0,
      "minf" : 40,
      "iodepth_level" : {
        "1" : 100.000000,
        "2" : 0.000000,
        "4" : 0.000000,
        "8" : 0.000000,
        "16" : 0.000000,
        "32" : 0.000000,
        ">=64" : 0.000000
      },
      "iodepth_submit" : {
        "0" : 0.000000,
        "4" : 100.000000,
        "8" : 0.000000,
        "16" : 0.000000,
        "32" : 0.000000,
        "64" : 0.000000,
        ">=64" : 0.000000
      },
      "iodepth_complete" : {
        "0" : 0.000000,
        "4" : 100.000000,
        "8" : 0.000000,
        "16" : 0.000000,
        "32" : 0.000000,
        "64" : 0.000000,
        ">=64" : 0.000000
      },
      "latency_ns" : {
        "2" : 0.000000,
        "4" : 0.000000,
        "10" : 0.000000,
        "20" : 0.000000,
        "50" : 0.000000,
        "100" : 0.000000,
        "250" : 0.000000,
        "500" : 0.010000,
        "750" : 0.000000,
        "1000" : 0.000000
      },
      "latency_us" : {
        "2" : 0.000000,
        "4" : 0.000000,
        "10" : 14.454486,
        "20" : 20.431700,
        "50" : 0.096487,
        "100" : 64.520849,
        "250" : 0.328871,
        "500" : 0.027179,
        "750" : 0.014949,
        "1000" : 0.021744
      },
      "latency_ms" : {
        "2" : 0.100111,
        "4" : 0.010000,
        "10" : 0.000000,
        "20" : 0.000000,
        "50" : 0.000000,
        "100" : 0.000000,
        "250" : 0.000000,
        "500" : 0.000000,
        "750" : 0.000000,
        "1000" : 0.000000,
        "2000" : 0.000000,
        ">=2000" : 0.000000
      },
      "latency_depth" : 1,
      "latency_target" : 0,
      "latency_percentile" : 100.000000,
      "latency_window" : 0,
      "steadystate" : {
        "ss" : "iops:10.000000%",
        "duration" : 10,
        "attained" : 1,
        "criterion" : "6.126995%",
        "max_deviation" : 1122.300000,
        "slope" : 0.000000,
        "data" : {
          "bw_mean" : 75028498,
          "iops_mean" : 18317,