{
  "fio version" : "fio-3.33",
  "timestamp" : 1687914217,
  "timestamp_ms" : 1687914217374,
  "time" : "Wed Jun 28 01:03:37 2023",
  "jobs" : [
    {
      "jobname" : "FIOJOB",
      "groupid" : 0,
      "error" : 0,
      "eta" : 0,
      "elapsed" : 13,
      "job options" : {
        "ioengine" : "io_uring",
        "rw" : "randrw",
        "bs" : "4k",
        "iodepth" : "1",
        "numjobs" : "2",
        "rwmixread" : "65",
        "runtime" : "60",
        "loops" : "1",
        "direct" : "1",
        "steadystate" : "iops:10%%",
        "steadystate_duration" : "10",
        "steadystate_ramp_time" : "1",
        "log_avg_msec" : "1000",
        "invalidate" : "1",
        "write_bw_log" : "/home/user/benchmarks/512s/1x/nvme3n1/randrw65/4k/randrw-iodepth-1-numjobs-2",
        "write_lat_log" : "/home/user/benchmarks/512s/1x/nvme3n1/randrw65/4k/randrw-iodepth-1-numjobs-2",
        "write_iops_log" : "/home/user/benchmarks/512s/1x/nvme3n1/randrw65/4k/randrw-iodepth-1-numjobs-2",
        "filename" : "/dev/nvme3n1"
      },
      "read" : {
        "io_bytes" : 535736320,
        "io_kbytes" : 523180,
        "bw_bytes" : 45065302,
        "bw" : 44009,
        "iops" : 11002.271198,
        "runtime" : 11888,
        "total_ios" : 130795,
        "short_ios" : 0,
        "drop_ios" : 0,
        "slat_ns" : {
          "min" : 1170,
          "max" : 39780,
          "mean" : 2628.035858,
          "stddev" : 318.572277,
          "N" : 130795
        },
        "clat_ns" : {
          "min" : 45200,
          "max" : 5592350,
          "mean" : 79923.932742,
          "stddev" : 107705.247552,
          "N" : 130795,
          "percentile" : {
            "1.000000" : 62208,
            "5.000000" : 63744,
            "10.000000" : 64256,
            "20.000000" : 64768,
            "30.000000" : 65280,
            "40.000000" : 66048,
            "50.000000" : 66048,
            "60.000000" : 69120,
            "70.000000" : 76288,
            "80.000000" : 78336,
            "90.000000" : 79360,
            "95.000000" : 98816,
            "99.000000" : 138240,
            "99.500000" : 872448,
            "99.900000" : 1777664,
            "99.950000" : 1892352,
            "99.990000" : 2146304
          }
        },
        "lat_ns" : {
          "min" : 47690,
          "max" : 5594959,
          "mean" : 82551.968600,
          "stddev" : 107706.635437,
          "N" : 130795
        },
        "bw_min" : 42254,
        "bw_max" : 45708,
        "bw_agg" : 50.849344,
        "bw_mean" : 44100.363636,
        "bw_dev" : 1025.705540,
        "bw_samples" : 11,
        "iops_min" : 10563,
        "iops_max" : 11427,
        "iops_mean" : 11024.909091,
        "iops_stddev" : 256.625195,
        "iops_samples" : 11
      },
      "write" : {
        "io_bytes" : 288149504,
        "io_kbytes" : 281396,
        "bw_bytes" : 24238686,
        "bw" : 23670,
        "iops" : 5917.648048,
        "runtime" : 11888,
        "total_ios" : 70349,
        "short_ios" : 0,
        "drop_ios" : 0,
        "slat_ns" : {
          "min" : 1180,
          "max" : 30280,
          "mean" : 2942.572574,
          "stddev" : 351.391074,
          "N" : 70349
        },
        "clat_ns" : {
          "min" : 420,
          "max" : 38880,
          "mean" : 9648.744062,
          "stddev" : 863.958851,
          "N" : 70349,
          "percentile" : {
            "1.000000" : 8640,
            "5.000000" : 8768,
            "10.000000" : 8896,
            "20.000000" : 9152,
            "30.000000" : 9408,
            "40.000000" : 9536,
            "50.000000" : 9664,
            "60.000000" : 9664,
            "70.000000" : 9792,
            "80.000000" : 9920,
            "90.000000" : 10048,
            "95.000000" : 10688,
            "99.000000" : 11712,
            "99.500000" : 13248,
            "99.900000" : 20864,
            "99.950000" : 21632,
            "99.990000" : 28800
          }
        },
        "lat_ns" : {
          "min" : 7970,
          "max" : 44600,
          "mean" : 12591.316636,
          "stddev" : 938.456367,
          "N" : 70349
        },
        "bw_min" : 22906,
        "bw_max" : 24612,
        "bw_agg" : 50.650102,
        "bw_mean" : 23690.363636,
        "bw_dev" : 569.428006,
        "bw_samples" : 11,
        "iops_min" : 5726,
        "iops_max" : 6153,
        "iops_mean" : 5922.272727,
        "iops_stddev" : 142.593893,
        "iops_samples" : 11
      },
      "trim" : {
        "io_bytes" : 0,
        "io_kbytes" : 0,
        "bw_bytes" : 0,
        "bw" : 0,
        "iops" : 0.000000,
        "runtime" : 0,
        "total_ios" : 0,
        "short_ios" : 0,
        "drop_ios" : 0,
        "slat_ns" : {
          "min" : 0,
          "max" : 0,
          "mean" : 0.000000,
          "stddev" : 0.000000,
          "N" : 0
        },
        "clat_ns" : {
          "min" : 0,
          "max" : 0,
          "mean" : 0.000000,
          "stddev" : 0.000000,
          "N" : 0
        },
        "lat_ns" : {
          "min" : 0,
          "max" : 0,
          "mean" : 0.000000,
          "stddev" : 0.000000,
          "N" : 0
        },
        "bw_min" : 0,
        "bw_max" : 0,
        "bw_agg" : 0.000000,
        "bw_mean" : 0.000000,
        "bw_dev" : 0.000000,
        "bw_samples" : 0,
        "iops_min" : 0,
        "iops_max" : 0,
        "iops_mean" : 0.000000,
        "iops_stddev" : 0.000000,
        "iops_samples" : 0
      },
      "sync" : {
        "total_ios" : 0,
        "lat_ns" : {
          "min" : 0,
          "max" : 0,
          "mean" : 0.000000,
          "stddev" : 0.000000,
          "N" : 0
        }
      },
      "job_runtime" : 11887,
      "usr_cpu" : 4.080087,
      "sys_cpu" : 9.354757,
      "ctx" : 201132,
      "majf" : 0,
      "minf" : 44,
      "iodepth_level" : {
        "1" : 100.000000,
        "2" : 0.000000,
        "4" : 0.000000,
        "8" : 0.000000,
        "16" : 0.000000,
        "32" : 0.000000,
        ">=64" : 0.000000
      },
      "iodepth_submit" : {
        "0" : 0.000000,
        "4" : 100.000000,
        "8" : 0.000000,
        "16" : 0.000000,
        "32" : 0.000000,
        "64" : 0.000000,
        ">=64" : 0.000000
      },
      "iodepth_complete" : {
        "0" : 0.000000,
        "4" : 100.000000,
        "8" : 0.000000,
        "16" : 0.000000,
        "32" : 0.000000,
        "64" : 0.000000,
        ">=64" : 0.000000
      },
      "latency_ns" : {
        "2" : 0.000000,
        "4" : 0.000000,
        "10" : 0.000000,
        "20" : 0.000000,
        "50" : 0.000000,
        "100" : 0.000000,
        "250" : 0.000000,
        "500" : 0.010000,
        "750" : 0.010000,
        "1000" : 0.010000
      },
      "latency_us" : {
        "2" : 0.010000,
        "4" : 0.000000,
        "10" : 30.397626,
        "20" : 4.502247,
        "50" : 0.079048,
        "100" : 62.284731,
        "250" : 2.292885,
        "500" : 0.050710,
        "750" : 0.045241,
        "1000" : 0.045738
      },
      "latency_ms" : {
        "2" : 0.281390,
        "4" : 0.016406,
        "10" : 0.010000,
        "20" : 0.000000,
        "50" : 0.000000,
        "100" : 0.000000,
        "250" : 0.000000,
        "500" : 0.000000,
        "750" : 0.000000,
        "1000" : 0.000000,
        "2000" : 0.000000,
        ">=2000" : 0.000000
      },
      "latency_depth" : 1,
      "latency_target" : 0,
      "latency_percentile" : 100.000000,
      "latency_window" : 0,
      "steadystate" : {
        "ss" : "iops:10.000000%",
        "duration" : 10,
        "attained" : 1,
        "criterion" : "3.474575%",
        "max_deviation" : 587.700000,
        "slope" : 0.000000,
        "data" : {
          "bw_mean" : 69282420,
          "iops_mean" : 16914,