{
  "fio version" : "fio-3.33",
  "timestamp" : 1687915796,
  "timestamp_ms" : 1687915796856,
  "time" : "Wed Jun 28 01:29:56 2023",
  "jobs" : [
    {
      "jobname" : "FIOJOB",
      "groupid" : 0,
      "error" : 0,
      "eta" : 0,
      "elapsed" : 13,
      "job options" : {
        "ioengine" : "io_uring",
        "rw" : "randrw",
        "bs" : "4k",
        "iodepth" : "4",
        "numjobs" : "2",
        "rwmixread" : "65",
        "runtime" : "60",
        "loops" : "1",
        "direct" : "1",
        "steadystate" : "iops:10%%",
        "steadystate_duration" : "10",
        "steadystate_ramp_time" : "1",
        "log_avg_msec" : "1000",
        "invalidate" : "1",
        "write_bw_log" : "/home/user/benchmarks/512s/1x/nvme3n1/randrw65/4k/randrw-iodepth-4-numjobs-2",
        "write_lat_log" : "/home/user/benchmarks/512s/1x/nvme3n1/randrw65/4k/randrw-iodepth-4-numjobs-2",
        "write_iops_log" : "/home/user/benchmarks/512s/1x/nvme3n1/randrw65/4k/randrw-iodepth-4-numjobs-2",
        "filename" : "/dev/nvme3n1"
      },
      "read" : {
        "io_bytes" : 1161617408,
        "io_kbytes" : 1134392,
        "bw_bytes" : 97697006,
        "bw" : 95407,
        "iops" : 23851.808242,
        "runtime" : 11890,
        "total_ios" : 283598,
        "short_ios" : 0,
        "drop_ios" : 0,
        "slat_ns" : {
          "min" : 960,
          "max" : 44220,
          "mean" : 2693.921798,
          "stddev" : 673.153366,
          "N" : 283598
        },
        "clat_ns" : {
          "min" : 43660,
          "max" : 5946629,
          "mean" : 156382.473572,
          "stddev" : 233246.266059,
          "N" : 283598,
          "percentile" : {
            "1.000000" : 62720,
            "5.000000" : 64768,
            "10.000000" : 66048,
            "20.000000" : 76288,
            "30.000000" : 82432,
            "40.000000" : 93696,
            "50.000000" : 103936,
            "60.000000" : 116224,
            "70.000000" : 134144,
            "80.000000" : 156672,
            "90.000000" : 199680,
            "95.000000" : 268288,
            "99.000000" : 1564672,
            "99.500000" : 1712128,
            "99.900000" : 1957888,
            "99.950000" : 2113536,
            "99.990000" : 2834432
          }
        },
        "lat_ns" : {
          "min" : 45940,
          "max" : 5949000,
          "mean" : 159076.395370,
          "stddev" : 233235.334395,
          "N" : 283598
        },
        "bw_min" : 85776,
        "bw_max" : 100640,
        "bw_agg" : 50.766742,
        "bw_mean" : 95332.636364,
        "bw_dev" : 4800.057068,
        "bw_samples" : 11,
        "iops_min" : 21444,
        "iops_max" : 25158,
        "iops_mean" : 23832.818182,
        "iops_stddev" : 1199.626593,
        "iops_samples" : 11
      },
      "write" : {
        "io_bytes" : 626733056,
        "io_kbytes" : 612044,
        "bw_bytes" : 52710938,
        "bw" : 51475,
        "iops" : 12868.881413,
        "runtime" : 11890,
        "total_ios" : 153011,
        "short_ios" : 0,
        "drop_ios" : 0,
        "slat_ns" : {
          "min" : 1130,
          "max" : 42560,
          "mean" : 3019.484246,
          "stddev" : 717.640992,
          "N" : 153011
        },
        "clat_ns" : {
          "min" : 350,
          "max" : 99050,
          "mean" : 10057.417767,
          "stddev" : 2532.482618,
          "N" : 153011,
          "percentile" : {
            "1.000000" : 5984,
            "5.000000" : 6304,
            "10.000000" : 6944,
            "20.000000" : 8896,
            "30.000000" : 9664,
            "40.000000" : 9792,
            "50.000000" : 9792,
            "60.000000" : 9920,
            "70.000000" : 10048,
            "80.000000" : 10304,
            "90.000000" : 13376,
            "95.000000" : 15680,
            "99.000000" : 18048,
            "99.500000" : 20352,
            "99.900000" : 26496,
            "99.950000" : 29056,
            "99.990000" : 41728
          }
        },
        "lat_ns" : {
          "min" : 7029,
          "max" : 102140,
          "mean" : 13076.902014,
          "stddev" : 2500.404473,
          "N" : 153011
        },
        "bw_min" : 46128,
        "bw_max" : 54366,
        "bw_agg" : 50.693554,
        "bw_mean" : 51432.090909,
        "bw_dev" : 2742.833077,
        "bw_samples" : 11,
        "iops_min" : 11532,
        "iops_max" : 13591,
        "iops_mean" : 12857.727273,
        "iops_stddev" : 685.690906,
        "iops_samples" : 11
      },
      "trim" : {
        "io_bytes" : 0,
        "io_kbytes" : 0,
        "bw_bytes" : 0,
        "bw" : 0,
        "iops" : 0.000000,
        "runtime" : 0,
        "total_ios" : 0,
        "short_ios" : 0,
        "drop_ios" : 0,
        "slat_ns" : {
          "min" : 0,
          "max" : 0,
          "mean" : 0.000000,
          "stddev" : 0.000000,
          "N" : 0
        },
        "clat_ns" : {
          "min" : 0,
          "max" : 0,
          "mean" : 0.000000,
          "stddev" : 0.000000,
          "N" : 0
        },
        "lat_ns" : {
          "min" : 0,
          "max" : 0,
          "mean" : 0.000000,
          "stddev" : 0.000000,
          "N" : 0
        },
        "bw_min" : 0,
        "bw_max" : 0,
        "bw_agg" : 0.000000,
        "bw_mean" : 0.000000,
        "bw_dev" : 0.000000,
        "bw_samples" : 0,
        "iops_min" : 0,
        "iops_max" : 0,
        "iops_mean" : 0.000000,
        "iops_stddev" : 0.000000,
        "iops_samples" : 0
      },
      "sync" : {
        "total_ios" : 0,
        "lat_ns" : {
          "min" : 0,
          "max" : 0,
          "mean" : 0.000000,
          "stddev" : 0.000000,
          "N" : 0
        }
      },
      "job_runtime" : 11889,
      "usr_cpu" : 8.327025,
      "sys_cpu" : 17.797965,
      "ctx" : 315734,
      "majf" : 0,
      "minf" : 41,
      "iodepth_level" : {
        "1" : 0.100000,
        "2" : 0.100000,
        "4" : 99.999313,
        "8" : 0.000000,
        "16" : 0.000000,
        "32" : 0.000000,
        ">=64" : 0.000000
      },
      "iodepth_submit" : {
        "0" : 0.000000,
        "4" : 100.000000,
        "8" : 0.000000,
        "16" : 0.000000,
        "32" : 0.000000,
        "64" : 0.000000,
        ">=64" : 0.000000
      },
      "iodepth_complete" : {
        "0" : 0.000000,
        "4" : 100.000000,
        "8" : 0.000000,
        "16" : 0.000000,
        "32" : 0.000000,
        "64" : 0.000000,
        ">=64" : 0.000000
      },
      "latency_ns" : {
        "2" : 0.000000,
        "4" : 0.000000,
        "10" : 0.000000,
        "20" : 0.000000,
        "50" : 0.000000,
        "100" : 0.000000,
        "250" : 0.000000,
        "500" : 0.010000,
        "750" : 0.010000,
        "1000" : 0.010000
      },
      "latency_us" : {
        "2" : 0.000000,
        "4" : 0.010000,
        "10" : 24.016683,
        "20" : 10.818833,
        "50" : 0.237741,
        "100" : 29.958384,
        "250" : 31.396971,
        "500" : 1.250547,
        "750" : 0.354322,
        "1000" : 0.364170
      },
      "latency_ms" : {
        "2" : 1.546006,
        "4" : 0.052908,
        "10" : 0.010000,
        "20" : 0.000000,
        "50" : 0.000000,
        "100" : 0.000000,
        "250" : 0.000000,
        "500" : 0.000000,
        "750" : 0.000000,
        "1000" : 0.000000,
        "2000" : 0.000000,
        ">=2000" : 0.000000
      },
      "latency_depth" : 4,
      "latency_target" : 0,
      "latency_percentile" : 100.000000,
      "latency_window" : 0,
      "steadystate" : {
        "ss" : "iops:10.000000%",
        "duration" : 10,
        "attained" : 1,
        "criterion" : "6.020987%",
        "max_deviation" : 2225.700000,
        "slope" : 0.000000,
        "data" : {
          "bw_mean" : 151413157,
          "iops_mean" : 36965,