{
  "fio version" : "fio-3.33",
  "timestamp" : 1687917566,
  "timestamp_ms" : 1687917566604,
  "time" : "Wed Jun 28 01:59:26 2023",
  "jobs" : [
    {
      "jobname" : "FIOJOB",
      "groupid" : 0,
      "error" : 0,
      "eta" : 0,
      "elapsed" : 13,
      "job options" : {
        "ioengine" : "io_uring",
        "rw" : "randrw",
        "bs" : "4k",
        "iodepth" : "16",
        "numjobs" : "1",
        "rwmixread" : "65",
        "runtime" : "60",
        "loops" : "1",
        "direct" : "1",
        "steadystate" : "iops:10%%",
        "steadystate_duration" : "10",
        "steadystate_ramp_time" : "1",
        "log_avg_msec" : "1000",
        "invalidate" : "1",
        "write_bw_log" : "/home/user/benchmarks/512s/1x/nvme3n1/randrw65/4k/randrw-iodepth-16-numjobs-1",
        "write_lat_log" : "/home/user/benchmarks/512s/1x/nvme3n1/randrw65/4k/randrw-iodepth-16-numjobs-1",
        "write_iops_log" : "/home/user/benchmarks/512s/1x/nvme3n1/randrw65/4k/randrw-iodepth-16-numjobs-1",
        "filename" : "/dev/nvme3n1"
      },
      "read" : {
        "io_bytes" : 3008905216,
        "io_kbytes" : 2938384,
        "bw_bytes" : 253061834,
        "bw" : 247130,
        "iops" : 61782.674516,
        "runtime" : 11890,
        "total_ios" : 734596,
        "short_ios" : 0,
        "drop_ios" : 0,
        "slat_ns" : {
          "min" : 949,
          "max" : 32180,
          "mean" : 3490.635474,
          "stddev" : 1135.748490,
          "N" : 734596
        },
        "clat_ns" : {
          "min" : 43280,
          "max" : 5941309,
          "mean" : 241734.189075,
          "stddev" : 242141.539393,
          "N" : 734596,
          "percentile" : {
            "1.000000" : 67072,
            "5.000000" : 77312,
            "10.000000" : 86528,
            "20.000000" : 105984,
            "30.000000" : 128512,
            "40.000000" : 154624,
            "50.000000" : 187392,
            "60.000000" : 222208,
            "70.000000" : 257024,
            "80.000000" : 301056,
            "90.000000" : 378880,
            "95.000000" : 501760,
            "99.000000" : 1548288,
            "99.500000" : 1761280,
            "99.900000" : 2113536,
            "99.950000" : 2375680,
            "99.990000" : 3063808
          }
        },
        "lat_ns" : {
          "min" : 46240,
          "max" : 5943839,
          "mean" : 245224.824550,
          "stddev" : 242094.730409,
          "N" : 734596
        },
        "bw_min" : 235163,
        "bw_max" : 256464,
        "bw_agg" : 99.937807,
        "bw_mean" : 246977.636364,
        "bw_dev" : 5867.218170,
        "bw_samples" : 11,
        "iops_min" : 58790,
        "iops_max" : 64118,
        "iops_mean" : 61744.272727,
        "iops_stddev" : 1467.263854,
        "iops_samples" : 11
      },
      "write" : {
        "io_bytes" : 1621291008,
        "io_kbytes" : 1583292,
        "bw_bytes" : 136357528,
        "bw" : 133161,
        "iops" : 33290.412111,
        "runtime" : 11890,
        "total_ios" : 395823,
        "short_ios" : 0,
        "drop_ios" : 0,
        "slat_ns" : {
          "min" : 1049,
          "max" : 38010,
          "mean" : 3975.527612,
          "stddev" : 1200.498146,
          "N" : 395823
        },
        "clat_ns" : {
          "min" : 280,
          "max" : 1406120,
          "mean" : 17988.291908,
          "stddev" : 8509.730144,
          "N" : 395823,
          "percentile" : {
            "1.000000" : 6624,
            "5.000000" : 7776,
            "10.000000" : 9536,
            "20.000000" : 11584,
            "30.000000" : 12608,
            "40.000000" : 13632,
            "50.000000" : 15552,
            "60.000000" : 18304,
            "70.000000" : 20608,
            "80.000000" : 24192,
            "90.000000" : 30592,
            "95.000000" : 34560,
            "99.000000" : 41728,
            "99.500000" : 45312,
            "99.900000" : 52992,
            "99.950000" : 56576,
            "99.990000" : 64256
          }
        },
        "lat_ns" : {
          "min" : 6600,
          "max" : 1414220,
          "mean" : 21963.819520,
          "stddev" : 8714.335861,
          "N" : 395823
        },
        "bw_min" : 127163,
        "bw_max" : 137792,
        "bw_agg" : 99.979237,
        "bw_mean" : 133134.181818,
        "bw_dev" : 3210.842750,
        "bw_samples" : 11,
        "iops_min" : 31790,
        "iops_max" : 34448,
        "iops_mean" : 33283.272727,
        "iops_stddev" : 803.018442,
        "iops_samples" : 11
      },
      "trim" : {
        "io_bytes" : 0,
        "io_kbytes" : 0,
        "bw_bytes" : 0,
        "bw" : 0,
        "iops" : 0.000000,
        "runtime" : 0,
        "total_ios" : 0,
        "short_ios" : 0,
        "drop_ios" : 0,
        "slat_ns" : {
          "min" : 0,
          "max" : 0,
          "mean" : 0.000000,
          "stddev" : 0.000000,
          "N" : 0
        },
        "clat_ns" : {
          "min" : 0,
          "max" : 0,
          "mean" : 0.000000,
          "stddev" : 0.000000,
          "N" : 0
        },
        "lat_ns" : {
          "min" : 0,
          "max" : 0,
          "mean" : 0.000000,
          "stddev" : 0.000000,
          "N" : 0
        },
        "bw_min" : 0,
        "bw_max" : 0,
        "bw_agg" : 0.000000,
        "bw_mean" : 0.000000,
        "bw_dev" : 0.000000,
        "bw_samples" : 0,
        "iops_min" : 0,
        "iops_max" : 0,
        "iops_mean" : 0.000000,
        "iops_stddev" : 0.000000,
        "iops_samples" : 0
      },
      "sync" : {
        "total_ios" : 0,
        "lat_ns" : {
          "min" : 0,
          "max" : 0,
          "mean" : 0.000000,
          "stddev" : 0.000000,
          "N" : 0
        }
      },
      "job_runtime" : 11889,
      "usr_cpu" : 21.372697,
      "sys_cpu" : 42.846329,
      "ctx" : 309618,
      "majf" : 0,
      "minf" : 41,
      "iodepth_level" : {
        "1" : 0.100000,
        "2" : 0.100000,
        "4" : 0.100000,
        "8" : 0.100000,
        "16" : 99.998673,
        "32" : 0.000000,
        ">=64" : 0.000000
      },
      "iodepth_submit" : {
        "0" : 0.000000,
        "4" : 100.000000,
        "8" : 0.000000,
        "16" : 0.000000,
        "32" : 0.000000,
        "64" : 0.000000,
        ">=64" : 0.000000
      },
      "iodepth_complete" : {
        "0" : 0.000000,
        "4" : 99.999912,
        "8" : 0.000000,
        "16" : 0.100000,
        "32" : 0.000000,
        "64" : 0.000000,
        ">=64" : 0.000000
      },
      "latency_ns" : {
        "2" : 0.000000,
        "4" : 0.000000,
        "10" : 0.000000,
        "20" : 0.000000,
        "50" : 0.000000,
        "100" : 0.000000,
        "250" : 0.000000,
        "500" : 0.010000,
        "750" : 0.010000,
        "1000" : 0.010000
      },
      "latency_us" : {
        "2" : 0.010000,
        "4" : 0.010000,
        "10" : 3.889266,
        "20" : 19.829727,
        "50" : 11.228668,
        "100" : 11.020515,
        "250" : 33.168144,
        "500" : 17.577022,
        "750" : 1.052353,
        "1000" : 0.606678
      },
      "latency_ms" : {
        "2" : 1.512802,
        "4" : 0.108102,
        "10" : 0.010000,
        "20" : 0.000000,
        "50" : 0.000000,
        "100" : 0.000000,
        "250" : 0.000000,
        "500" : 0.000000,
        "750" : 0.000000,
        "1000" : 0.000000,
        "2000" : 0.000000,
        ">=2000" : 0.000000
      },
      "latency_depth" : 16,
      "latency_target" : 0,
      "latency_percentile" : 100.000000,
      "latency_window" : 0,
      "steadystate" : {
        "ss" : "iops:10.000000%",
        "duration" : 10,
        "attained" : 1,
        "criterion" : "4.161084%",
        "max_deviation" : 3944.000000,
        "slope" : 0.000000,
        "data" : {
          "bw_mean" : 388232545,
          "iops_mean" : 94783,