{
  "fio version" : "fio-3.33",
  "timestamp" : 1687916641,
  "timestamp_ms" : 1687916641570,
  "time" : "Wed Jun 28 01:44:01 2023",
  "jobs" : [
    {
      "jobname" : "FIOJOB",
      "groupid" : 0,
      "error" : 0,
      "eta" : 0,
      "elapsed" : 13,
      "job options" : {
        "ioengine" : "io_uring",
        "rw" : "randrw",
        "bs" : "4k",
        "iodepth" : "8",
        "numjobs" : "1",
        "rwmixread" : "65",
        "runtime" : "60",
        "loops" : "1",
        "direct" : "1",
        "steadystate" : "iops:10%%",
        "steadystate_duration" : "10",
        "steadystate_ramp_time" : "1",
        "log_avg_msec" : "1000",
        "invalidate" : "1",
        "write_bw_log" : "/home/user/benchmarks/512s/1x/nvme3n1/randrw65/4k/randrw-iodepth-8-numjobs-1",
        "write_lat_log" : "/home/user/benchmarks/512s/1x/nvme3n1/randrw65/4k/randrw-iodepth-8-numjobs-1",
        "write_iops_log" : "/home/user/benchmarks/512s/1x/nvme3n1/randrw65/4k/randrw-iodepth-8-numjobs-1",
        "filename" : "/dev/nvme3n1"
      },
      "read" : {
        "io_bytes" : 2047303680,
        "io_kbytes" : 1999320,
        "bw_bytes" : 172187021,
        "bw" : 168151,
        "iops" : 42037.846930,
        "runtime" : 11890,
        "total_ios" : 499830,
        "short_ios" : 0,
        "drop_ios" : 0,
        "slat_ns" : {
          "min" : 950,
          "max" : 27320,
          "mean" : 2717.859678,
          "stddev" : 947.573389,
          "N" : 499830
        },
        "clat_ns" : {
          "min" : 42280,
          "max" : 6068350,
          "mean" : 178270.622826,
          "stddev" : 192850.997991,
          "N" : 499830,
          "percentile" : {
            "1.000000" : 62720,
            "5.000000" : 65280,
            "10.000000" : 68096,
            "20.000000" : 79360,
            "30.000000" : 95744,
            "40.000000" : 112128,
            "50.000000" : 136192,
            "60.000000" : 166912,
            "70.000000" : 201728,
            "80.000000" : 234496,
            "90.000000" : 276480,
            "95.000000" : 321536,
            "99.000000" : 1302528,
            "99.500000" : 1662976,
            "99.900000" : 1990656,
            "99.950000" : 2113536,
            "99.990000" : 2506752
          }
        },
        "lat_ns" : {
          "min" : 43350,
          "max" : 6070810,
          "mean" : 180988.482504,
          "stddev" : 192826.841031,
          "N" : 499830
        },
        "bw_min" : 162620,
        "bw_max" : 174116,
        "bw_agg" : 100.000000,
        "bw_mean" : 169122.363636,
        "bw_dev" : 3277.579542,
        "bw_samples" : 11,
        "iops_min" : 40655,
        "iops_max" : 43531,
        "iops_mean" : 42280.545455,
        "iops_stddev" : 819.552727,
        "iops_samples" : 11
      },
      "write" : {
        "io_bytes" : 1104134144,
        "io_kbytes" : 1078256,
        "bw_bytes" : 92862417,
        "bw" : 90685,
        "iops" : 22671.488646,
        "runtime" : 11890,
        "total_ios" : 269564,
        "short_ios" : 0,
        "drop_ios" : 0,
        "slat_ns" : {
          "min" : 1040,
          "max" : 33920,
          "mean" : 3115.472348,
          "stddev" : 1031.708375,
          "N" : 269564
        },
        "clat_ns" : {
          "min" : 250,
          "max" : 53180,
          "mean" : 11204.816259,
          "stddev" : 3668.917793,
          "N" : 269564,
          "percentile" : {
            "1.000000" : 5920,
            "5.000000" : 6496,
            "10.000000" : 6816,
            "20.000000" : 8512,
            "30.000000" : 9664,
            "40.000000" : 9920,
            "50.000000" : 10176,
            "60.000000" : 11328,
            "70.000000" : 11712,
            "80.000000" : 13632,
            "90.000000" : 16320,
            "95.000000" : 18048,
            "99.000000" : 22912,
            "99.500000" : 25472,
            "99.900000" : 30848,
            "99.950000" : 33024,
            "99.990000" : 38656
          }
        },
        "lat_ns" : {
          "min" : 6320,
          "max" : 60560,
          "mean" : 14320.288607,
          "stddev" : 3976.075716,
          "N" : 269564
        },
        "bw_min" : 87708,
        "bw_max" : 93764,
        "bw_agg" : 100.000000,
        "bw_mean" : 91175.090909,
        "bw_dev" : 2047.128499,
        "bw_samples" : 11,
        "iops_min" : 21927,
        "iops_max" : 23441,
        "iops_mean" : 22793.545455,
        "iops_stddev" : 511.798860,
        "iops_samples" : 11
      },
      "trim" : {
        "io_bytes" : 0,
        "io_kbytes" : 0,
        "bw_bytes" : 0,
        "bw" : 0,
        "iops" : 0.000000,
        "runtime" : 0,
        "total_ios" : 0,
        "short_ios" : 0,
        "drop_ios" : 0,
        "slat_ns" : {
          "min" : 0,
          "max" : 0,
          "mean" : 0.000000,
          "stddev" : 0.000000,
          "N" : 0
        },
        "clat_ns" : {
          "min" : 0,
          "max" : 0,
          "mean" : 0.000000,
          "stddev" : 0.000000,
          "N" : 0
        },
        "lat_ns" : {
          "min" : 0,
          "max" : 0,
          "mean" : 0.000000,
          "stddev" : 0.000000,
          "N" : 0
        },
        "bw_min" : 0,
        "bw_max" : 0,
        "bw_agg" : 0.000000,
        "bw_mean" : 0.000000,
        "bw_dev" : 0.000000,
        "bw_samples" : 0,
        "iops_min" : 0,
        "iops_max" : 0,
        "iops_mean" : 0.000000,
        "iops_stddev" : 0.000000,
        "iops_samples" : 0
      },
      "sync" : {
        "total_ios" : 0,
        "lat_ns" : {
          "min" : 0,
          "max" : 0,
          "mean" : 0.000000,
          "stddev" : 0.000000,
          "N" : 0
        }
      },
      "job_runtime" : 11889,
      "usr_cpu" : 13.079317,
      "sys_cpu" : 28.967954,
      "ctx" : 419925,
      "majf" : 0,
      "minf" : 40,
      "iodepth_level" : {
        "1" : 0.100000,
        "2" : 0.100000,
        "4" : 0.100000,
        "8" : 99.999090,
        "16" : 0.000000,
        "32" : 0.000000,
        ">=64" : 0.000000
      },
      "iodepth_submit" : {
        "0" : 0.000000,
        "4" : 100.000000,
        "8" : 0.000000,
        "16" : 0.000000,
        "32" : 0.000000,
        "64" : 0.000000,
        ">=64" : 0.000000
      },
      "iodepth_complete" : {
        "0" : 0.000000,
        "4" : 99.999870,
        "8" : 0.100000,
        "16" : 0.000000,
        "32" : 0.000000,
        "64" : 0.000000,
        ">=64" : 0.000000
      },
      "latency_ns" : {
        "2" : 0.000000,
        "4" : 0.000000,
        "10" : 0.000000,
        "20" : 0.000000,
        "50" : 0.000000,
        "100" : 0.000000,
        "250" : 0.000000,
        "500" : 0.010000,
        "750" : 0.010000,
        "1000" : 0.010000
      },
      "latency_us" : {
        "2" : 0.010000,
        "4" : 0.010000,
        "10" : 15.191046,
        "20" : 18.969345,
        "50" : 0.949449,
        "100" : 21.280644,
        "250" : 33.637122,
        "500" : 8.545167,
        "750" : 0.267483,
        "1000" : 0.223553
      },
      "latency_ms" : {
        "2" : 0.868866,
        "4" : 0.060177,
        "10" : 0.010000,
        "20" : 0.000000,
        "50" : 0.000000,
        "100" : 0.000000,
        "250" : 0.000000,
        "500" : 0.000000,
        "750" : 0.000000,
        "1000" : 0.000000,
        "2000" : 0.000000,
        ">=2000" : 0.000000
      },
      "latency_depth" : 8,
      "latency_target" : 0,
      "latency_percentile" : 100.000000,
      "latency_window" : 0,
      "steadystate" : {
        "ss" : "iops:10.000000%",
        "duration" : 10,
        "attained" : 1,
        "criterion" : "4.983095%",
        "max_deviation" : 3224.800000,
        "slope" : 0.000000,
        "data" : {
          "bw_mean" : 265073418,
          "iops_mean" : 64714,