{
  "fio version" : "fio-3.33",
  "timestamp" : 1687915713,
  "timestamp_ms" : 1687915713920,
  "time" : "Wed Jun 28 01:28:33 2023",
  "jobs" : [
    {
      "jobname" : "FIOJOB",
      "groupid" : 0,
      "error" : 0,
      "eta" : 0,
      "elapsed" : 13,
      "job options" : {
        "ioengine" : "io_uring",
        "rw" : "randrw",
        "bs" : "4k",
        "iodepth" : "4",
        "numjobs" : "1",
        "rwmixread" : "65",
        "runtime" : "60",
        "loops" : "1",
        "direct" : "1",
        "steadystate" : "iops:10%%",
        "steadystate_duration" : "10",
        "steadystate_ramp_time" : "1",
        "log_avg_msec" : "1000",
        "invalidate" : "1",
        "write_bw_log" : "/home/user/benchmarks/512s/1x/nvme3n1/randrw65/4k/randrw-iodepth-4-numjobs-1",
        "write_lat_log" : "/home/user/benchmarks/512s/1x/nvme3n1/randrw65/4k/randrw-iodepth-4-numjobs-1",
        "write_iops_log" : "/home/user/benchmarks/512s/1x/nvme3n1/randrw65/4k/randrw-iodepth-4-numjobs-1",
        "filename" : "/dev/nvme3n1"
      },
      "read" : {
        "io_bytes" : 1491460096,
        "io_kbytes" : 1456504,
        "bw_bytes" : 125438191,
        "bw" : 122498,
        "iops" : 30624.558452,
        "runtime" : 11890,
        "total_ios" : 364126,
        "short_ios" : 0,
        "drop_ios" : 0,
        "slat_ns" : {
          "min" : 920,
          "max" : 26769,
          "mean" : 2624.272867,
          "stddev" : 726.522366,
          "N" : 364126
        },
        "clat_ns" : {
          "min" : 44360,
          "max" : 5689800,
          "mean" : 119424.436580,
          "stddev" : 129743.999729,
          "N" : 364126,
          "percentile" : {
            "1.000000" : 61696,
            "5.000000" : 63744,
            "10.000000" : 64768,
            "20.000000" : 66048,
            "30.000000" : 76288,
            "40.000000" : 81408,
            "50.000000" : 95744,
            "60.000000" : 109056,
            "70.000000" : 125440,
            "80.000000" : 146432,
            "90.000000" : 179200,
            "95.000000" : 201728,
            "99.000000" : 411648,
            "99.500000" : 1286144,
            "99.900000" : 1761280,
            "99.950000" : 1843200,
            "99.990000" : 2146304
          }
        },
        "lat_ns" : {
          "min" : 46870,
          "max" : 5692080,
          "mean" : 122048.709447,
          "stddev" : 129722.345910,
          "N" : 364126
        },
        "bw_min" : 120120,
        "bw_max" : 124060,
        "bw_agg" : 100.000000,
        "bw_mean" : 122567.000000,
        "bw_dev" : 1139.016857,
        "bw_samples" : 11,
        "iops_min" : 30031,
        "iops_max" : 31015,
        "iops_mean" : 30641.363636,
        "iops_stddev" : 284.324207,
        "iops_samples" : 11
      },
      "write" : {
        "io_bytes" : 804847616,
        "io_kbytes" : 785984,
        "bw_bytes" : 67691136,
        "bw" : 66104,
        "iops" : 16526.156434,
        "runtime" : 11890,
        "total_ios" : 196496,
        "short_ios" : 0,
        "drop_ios" : 0,
        "slat_ns" : {
          "min" : 1050,
          "max" : 29510,
          "mean" : 3023.363763,
          "stddev" : 817.129847,
          "N" : 196496
        },
        "clat_ns" : {
          "min" : 240,
          "max" : 48570,
          "mean" : 9914.249700,
          "stddev" : 2696.284580,
          "N" : 196496,
          "percentile" : {
            "1.000000" : 5792,
            "5.000000" : 6176,
            "10.000000" : 6560,
            "20.000000" : 8032,
            "30.000000" : 9536,
            "40.000000" : 9664,
            "50.000000" : 9792,
            "60.000000" : 9920,
            "70.000000" : 10048,
            "80.000000" : 10560,
            "90.000000" : 13888,
            "95.000000" : 15680,
            "99.000000" : 18304,
            "99.500000" : 20608,
            "99.900000" : 26496,
            "99.950000" : 29056,
            "99.990000" : 35072
          }
        },
        "lat_ns" : {
          "min" : 6160,
          "max" : 53340,
          "mean" : 12937.613463,
          "stddev" : 2669.982121,
          "N" : 196496
        },
        "bw_min" : 64280,
        "bw_max" : 67651,
        "bw_agg" : 100.000000,
        "bw_mean" : 66186.454545,
        "bw_dev" : 1056.557842,
        "bw_samples" : 11,
        "iops_min" : 16070,
        "iops_max" : 16912,
        "iops_mean" : 16546.272727,
        "iops_stddev" : 263.893953,
        "iops_samples" : 11
      },
      "trim" : {
        "io_bytes" : 0,
        "io_kbytes" : 0,
        "bw_bytes" : 0,
        "bw" : 0,
        "iops" : 0.000000,
        "runtime" : 0,
        "total_ios" : 0,
        "short_ios" : 0,
        "drop_ios" : 0,
        "slat_ns" : {
          "min" : 0,
          "max" : 0,
          "mean" : 0.000000,
          "stddev" : 0.000000,
          "N" : 0
        },
        "clat_ns" : {
          "min" : 0,
          "max" : 0,
          "mean" : 0.000000,
          "stddev" : 0.000000,
          "N" : 0
        },
        "lat_ns" : {
          "min" : 0,
          "max" : 0,
          "mean" : 0.000000,
          "stddev" : 0.000000,
          "N" : 0
        },
        "bw_min" : 0,
        "bw_max" : 0,
        "bw_agg" : 0.000000,
        "bw_mean" : 0.000000,
        "bw_dev" : 0.000000,
        "bw_samples" : 0,
        "iops_min" : 0,
        "iops_max" : 0,
        "iops_mean" : 0.000000,
        "iops_stddev" : 0.000000,
        "iops_samples" : 0
      },
      "sync" : {
        "total_ios" : 0,
        "lat_ns" : {
          "min" : 0,
          "max" : 0,
          "mean" : 0.000000,
          "stddev" : 0.000000,
          "N" : 0
        }
      },
      "job_runtime" : 11889,
      "usr_cpu" : 9.462528,
      "sys_cpu" : 23.366137,
      "ctx" : 392928,
      "majf" : 0,
      "minf" : 39,
      "iodepth_level" : {
        "1" : 0.100000,
        "2" : 0.100000,
        "4" : 99.999465,
        "8" : 0.000000,
        "16" : 0.000000,
        "32" : 0.000000,
        ">=64" : 0.000000
      },
      "iodepth_submit" : {
        "0" : 0.000000,
        "4" : 100.000000,
        "8" : 0.000000,
        "16" : 0.000000,
        "32" : 0.000000,
        "64" : 0.000000,
        ">=64" : 0.000000
      },
      "iodepth_complete" : {
        "0" : 0.000000,
        "4" : 100.000000,
        "8" : 0.000000,
        "16" : 0.000000,
        "32" : 0.000000,
        "64" : 0.000000,
        ">=64" : 0.000000
      },
      "latency_ns" : {
        "2" : 0.000000,
        "4" : 0.000000,
        "10" : 0.000000,
        "20" : 0.000000,
        "50" : 0.000000,
        "100" : 0.000000,
        "250" : 0.010000,
        "500" : 0.010000,
        "750" : 0.010000,
        "1000" : 0.010000
      },
      "latency_us" : {
        "2" : 0.010000,
        "4" : 0.010000,
        "10" : 24.563788,
        "20" : 10.251471,
        "50" : 0.232242,
        "100" : 35.143287,
        "250" : 28.967468,
        "500" : 0.224750,
        "750" : 0.086689,
        "1000" : 0.087403
      },
      "latency_ms" : {
        "2" : 0.423815,
        "4" : 0.011059,
        "10" : 0.010000,
        "20" : 0.000000,
        "50" : 0.000000,
        "100" : 0.000000,
        "250" : 0.000000,
        "500" : 0.000000,
        "750" : 0.000000,
        "1000" : 0.000000,
        "2000" : 0.000000,
        ">=2000" : 0.000000
      },
      "latency_depth" : 4,
      "latency_target" : 0,
      "latency_percentile" : 100.000000,
      "latency_window" : 0,
      "steadystate" : {
        "ss" : "iops:10.000000%",
        "duration" : 10,
        "attained" : 1,
        "criterion" : "1.881295%",
        "max_deviation" : 889.800000,
        "slope" : 0.000000,
        "data" : {
          "bw_mean" : 193731161,
          "iops_mean" : 47297,