{
  "fio version" : "fio-3.33",
  "timestamp" : 1687916722,
  "timestamp_ms" : 1687916722506,
  "time" : "Wed Jun 28 01:45:22 2023",
  "jobs" : [
    {
      "jobname" : "FIOJOB",
      "groupid" : 0,
      "error" : 0,
      "eta" : 0,
      "elapsed" : 13,
      "job options" : {
        "ioengine" : "io_uring",
        "rw" : "randrw",
        "bs" : "4k",
        "iodepth" : "8",
        "numjobs" : "2",
        "rwmixread" : "65",
        "runtime" : "60",
        "loops" : "1",
        "direct" : "1",
        "steadystate" : "iops:10%%",
        "steadystate_duration" : "10",
        "steadystate_ramp_time" : "1",
        "log_avg_msec" : "1000",
        "invalidate" : "1",
        "write_bw_log" : "/home/user/benchmarks/512s/1x/nvme3n1/randrw65/4k/randrw-iodepth-8-numjobs-2",
        "write_lat_log" : "/home/user/benchmarks/512s/1x/nvme3n1/randrw65/4k/randrw-iodepth-8-numjobs-2",
        "write_iops_log" : "/home/user/benchmarks/512s/1x/nvme3n1/randrw65/4k/randrw-iodepth-8-numjobs-2",
        "filename" : "/dev/nvme3n1"
      },
      "read" : {
        "io_bytes" : 1738371072,
        "io_kbytes" : 1697628,
        "bw_bytes" : 146216761,
        "bw" : 142789,
        "iops" : 35697.451426,
        "runtime" : 11889,
        "total_ios" : 424407,
        "short_ios" : 0,
        "drop_ios" : 0,
        "slat_ns" : {
          "min" : 930,
          "max" : 33680,
          "mean" : 2657.213050,
          "stddev" : 798.133338,
          "N" : 424407
        },
        "clat_ns" : {
          "min" : 43169,
          "max" : 5403149,
          "mean" : 211411.488001,
          "stddev" : 276815.384888,
          "N" : 424407,
          "percentile" : {
            "1.000000" : 63744,
            "5.000000" : 68096,
            "10.000000" : 76288,
            "20.000000" : 87552,
            "30.000000" : 99840,
            "40.000000" : 114176,
            "50.000000" : 132096,
            "60.000000" : 154624,
            "70.000000" : 187392,
            "80.000000" : 228352,
            "90.000000" : 305152,
            "95.000000" : 733184,
            "99.000000" : 1630208,
            "99.500000" : 1777664,
            "99.900000" : 2072576,
            "99.950000" : 2310144,
            "99.990000" : 3096576
          }
        },
        "lat_ns" : {
          "min" : 44940,
          "max" : 5405589,
          "mean" : 214068.701051,
          "stddev" : 276793.480208,
          "N" : 424407
        },
        "bw_min" : 135660,
        "bw_max" : 149740,
        "bw_agg" : 54.113596,
        "bw_mean" : 143819.272727,
        "bw_dev" : 3951.283743,
        "bw_samples" : 11,
        "iops_min" : 33915,
        "iops_max" : 37435,
        "iops_mean" : 35954.727273,
        "iops_stddev" : 987.790169,
        "iops_samples" : 11
      },
      "write" : {
        "io_bytes" : 937025536,
        "io_kbytes" : 915064,
        "bw_bytes" : 78814495,
        "bw" : 76967,
        "iops" : 19241.820170,
        "runtime" : 11889,
        "total_ios" : 228766,
        "short_ios" : 0,
        "drop_ios" : 0,
        "slat_ns" : {
          "min" : 1040,
          "max" : 31429,
          "mean" : 3032.811598,
          "stddev" : 866.495855,
          "N" : 228766
        },
        "clat_ns" : {
          "min" : 320,
          "max" : 114820,
          "mean" : 12705.774101,
          "stddev" : 6262.588362,
          "N" : 228766,
          "percentile" : {
            "1.000000" : 5984,
            "5.000000" : 6816,
            "10.000000" : 7776,
            "20.000000" : 8896,
            "30.000000" : 9664,
            "40.000000" : 9920,
            "50.000000" : 10944,
            "60.000000" : 11456,
            "70.000000" : 12480,
            "80.000000" : 15296,
            "90.000000" : 19328,
            "95.000000" : 31104,
            "99.000000" : 33536,
            "99.500000" : 35072,
            "99.900000" : 38144,
            "99.950000" : 41728,
            "99.990000" : 47360
          }
        },
        "lat_ns" : {
          "min" : 6350,
          "max" : 117720,
          "mean" : 15738.585699,
          "stddev" : 6325.494825,
          "N" : 228766
        },
        "bw_min" : 72864,
        "bw_max" : 81012,
        "bw_agg" : 54.035273,
        "bw_mean" : 77571.909091,
        "bw_dev" : 2221.261194,
        "bw_samples" : 11,
        "iops_min" : 18216,
        "iops_max" : 20253,
        "iops_mean" : 19392.727273,
        "iops_stddev" : 555.319384,
        "iops_samples" : 11
      },
      "trim" : {
        "io_bytes" : 0,
        "io_kbytes" : 0,
        "bw_bytes" : 0,
        "bw" : 0,
        "iops" : 0.000000,
        "runtime" : 0,
        "total_ios" : 0,
        "short_ios" : 0,
        "drop_ios" : 0,
        "slat_ns" : {
          "min" : 0,
          "max" : 0,
          "mean" : 0.000000,
          "stddev" : 0.000000,
          "N" : 0
        },
        "clat_ns" : {
          "min" : 0,
          "max" : 0,
          "mean" : 0.000000,
          "stddev" : 0.000000,
          "N" : 0
        },
        "lat_ns" : {
          "min" : 0,
          "max" : 0,
          "mean" : 0.000000,
          "stddev" : 0.000000,
          "N" : 0
        },
        "bw_min" : 0,
        "bw_max" : 0,
        "bw_agg" : 0.000000,
        "bw_mean" : 0.000000,
        "bw_dev" : 0.000000,
        "bw_samples" : 0,
        "iops_min" : 0,
        "iops_max" : 0,
        "iops_mean" : 0.000000,
        "iops_stddev" : 0.000000,
        "iops_samples" : 0
      },
      "sync" : {
        "total_ios" : 0,
        "lat_ns" : {
          "min" : 0,
          "max" : 0,
          "mean" : 0.000000,
          "stddev" : 0.000000,
          "N" : 0
        }
      },
      "job_runtime" : 11888,
      "usr_cpu" : 9.496972,
      "sys_cpu" : 26.076716,
      "ctx" : 371082,
      "majf" : 0,
      "minf" : 42,
      "iodepth_level" : {
        "1" : 0.100000,
        "2" : 0.100000,
        "4" : 0.100000,
        "8" : 99.998928,
        "16" : 0.000000,
        "32" : 0.000000,
        ">=64" : 0.000000
      },
      "iodepth_submit" : {
        "0" : 0.000000,
        "4" : 100.000000,
        "8" : 0.000000,
        "16" : 0.000000,
        "32" : 0.000000,
        "64" : 0.000000,
        ">=64" : 0.000000
      },
      "iodepth_complete" : {
        "0" : 0.000000,
        "4" : 99.999847,
        "8" : 0.100000,
        "16" : 0.000000,
        "32" : 0.000000,
        "64" : 0.000000,
        ">=64" : 0.000000
      },
      "latency_ns" : {
        "2" : 0.000000,
        "4" : 0.000000,
        "10" : 0.000000,
        "20" : 0.000000,
        "50" : 0.000000,
        "100" : 0.000000,
        "250" : 0.000000,
        "500" : 0.010000,
        "750" : 0.000000,
        "1000" : 0.000000
      },
      "latency_us" : {
        "2" : 0.010000,
        "4" : 0.010000,
        "10" : 14.891767,
        "20" : 16.789273,
        "50" : 3.371542,
        "100" : 19.737956,
        "250" : 34.953986,
        "500" : 6.140333,
        "750" : 0.918899,
        "1000" : 0.816629
      },
      "latency_ms" : {
        "2" : 2.277498,
        "4" : 0.099208,
        "10" : 0.010000,
        "20" : 0.000000,
        "50" : 0.000000,
        "100" : 0.000000,
        "250" : 0.000000,
        "500" : 0.000000,
        "750" : 0.000000,
        "1000" : 0.000000,
        "2000" : 0.000000,
        ">=2000" : 0.000000
      },
      "latency_depth" : 8,
      "latency_target" : 0,
      "latency_percentile" : 100.000000,
      "latency_window" : 0,
      "steadystate" : {
        "ss" : "iops:10.000000%",
        "duration" : 10,
        "attained" : 1,
        "criterion" : "7.475615%",
        "max_deviation" : 4132.400000,
        "slope" : 0.000000,
        "data" : {
          "bw_mean" : 226421401,
          "iops_mean" : 55278,