{
  "fio version" : "fio-3.33",
  "timestamp" : 1687919932,
  "timestamp_ms" : 1687919932596,
  "time" : "Wed Jun 28 02:38:52 2023",
  "jobs" : [
    {
      "jobname" : "FIOJOB",
      "groupid" : 0,
      "error" : 0,
      "eta" : 0,
      "elapsed" : 13,
      "job options" : {
        "ioengine" : "io_uring",
        "rw" : "randrw",
        "bs" : "4k",
        "iodepth" : "64",
        "numjobs" : "1",
        "rwmixread" : "65",
        "runtime" : "60",
        "loops" : "1",
        "direct" : "1",
        "steadystate" : "iops:10%%",
        "steadystate_duration" : "10",
        "steadystate_ramp_time" : "1",
        "log_avg_msec" : "1000",
        "invalidate" : "1",
        "write_bw_log" : "/home/user/benchmarks/512s/1x/nvme3n1/randrw65/4k/randrw-iodepth-64-numjobs-1",
        "write_lat_log" : "/home/user/benchmarks/512s/1x/nvme3n1/randrw65/4k/randrw-iodepth-64-numjobs-1",
        "write_iops_log" : "/home/user/benchmarks/512s/1x/nvme3n1/randrw65/4k/randrw-iodepth-64-numjobs-1",
        "filename" : "/dev/nvme3n1"
      },
      "read" : {
        "io_bytes" : 7291351040,
        "io_kbytes" : 7120460,
        "bw_bytes" : 613233897,
        "bw" : 598861,
        "iops" : 149715.306981,
        "runtime" : 11890,
        "total_ios" : 1780115,
        "short_ios" : 0,
        "drop_ios" : 0,
        "slat_ns" : {
          "min" : 940,
          "max" : 30151,
          "mean" : 1420.934866,
          "stddev" : 715.621805,
          "N" : 1780115
        },
        "clat_ns" : {
          "min" : 46720,
          "max" : 9181919,
          "mean" : 418251.801062,
          "stddev" : 391756.293212,
          "N" : 1780115,
          "percentile" : {
            "1.000000" : 79360,
            "5.000000" : 104960,
            "10.000000" : 128512,
            "20.000000" : 175104,
            "30.000000" : 224256,
            "40.000000" : 264192,
            "50.000000" : 305152,
            "60.000000" : 346112,
            "70.000000" : 403456,
            "80.000000" : 505856,
            "90.000000" : 872448,
            "95.000000" : 1335296,
            "99.000000" : 1925120,
            "99.500000" : 2179072,
            "99.900000" : 2932736,
            "99.950000" : 3293184,
            "99.990000" : 4554752
          }
        },
        "lat_ns" : {
          "min" : 48700,
          "max" : 9182919,
          "mean" : 419672.735928,
          "stddev" : 391733.420053,
          "N" : 1780115
        },
        "bw_min" : 579915,
        "bw_max" : 615092,
        "bw_agg" : 100.000000,
        "bw_mean" : 599354.909091,
        "bw_dev" : 12026.112385,
        "bw_samples" : 11,
        "iops_min" : 144979,
        "iops_max" : 153773,
        "iops_mean" : 149839.090909,
        "iops_stddev" : 3006.504031,
        "iops_samples" : 11
      },
      "write" : {
        "io_bytes" : 3927089152,
        "io_kbytes" : 3835048,
        "bw_bytes" : 330285042,
        "bw" : 322543,
        "iops" : 80635.996636,
        "runtime" : 11890,
        "total_ios" : 958762,
        "short_ios" : 0,
        "drop_ios" : 0,
        "slat_ns" : {
          "min" : 1020,
          "max" : 31410,
          "mean" : 1699.977531,
          "stddev" : 795.087884,
          "N" : 958762
        },
        "clat_ns" : {
          "min" : 109,
          "max" : 880970,
          "mean" : 11264.324015,
          "stddev" : 6964.870625,
          "N" : 958762,
          "percentile" : {
            "1.000000" : 5152,
            "5.000000" : 5536,
            "10.000000" : 5856,
            "20.000000" : 6560,
            "30.000000" : 6816,
            "40.000000" : 7520,
            "50.000000" : 8896,
            "60.000000" : 9920,
            "70.000000" : 11968,
            "80.000000" : 15168,
            "90.000000" : 21632,
            "95.000000" : 26240,
            "99.000000" : 32640,
            "99.500000" : 37120,
            "99.900000" : 51456,
            "99.950000" : 62208,
            "99.990000" : 90624
          }
        },
        "lat_ns" : {
          "min" : 6100,
          "max" : 882360,
          "mean" : 12964.301546,
          "stddev" : 7081.939516,
          "N" : 958762
        },
        "bw_min" : 312472,
        "bw_max" : 331847,
        "bw_agg" : 100.000000,
        "bw_mean" : 322943.545455,
        "bw_dev" : 6512.937899,
        "bw_samples" : 11,
        "iops_min" : 78118,
        "iops_max" : 82961,
        "iops_mean" : 80735.636364,
        "iops_stddev" : 1628.269098,
        "iops_samples" : 11
      },
      "trim" : {
        "io_bytes" : 0,
        "io_kbytes" : 0,
        "bw_bytes" : 0,
        "bw" : 0,
        "iops" : 0.000000,
        "runtime" : 0,
        "total_ios" : 0,
        "short_ios" : 0,
        "drop_ios" : 0,
        "slat_ns" : {
          "min" : 0,
          "max" : 0,
          "mean" : 0.000000,
          "stddev" : 0.000000,
          "N" : 0
        },
        "clat_ns" : {
          "min" : 0,
          "max" : 0,
          "mean" : 0.000000,
          "stddev" : 0.000000,
          "N" : 0
        },
        "lat_ns" : {
          "min" : 0,
          "max" : 0,
          "mean" : 0.000000,
          "stddev" : 0.000000,
          "N" : 0
        },
        "bw_min" : 0,
        "bw_max" : 0,
        "bw_agg" : 0.000000,
        "bw_mean" : 0.000000,
        "bw_dev" : 0.000000,
        "bw_samples" : 0,
        "iops_min" : 0,
        "iops_max" : 0,
        "iops_mean" : 0.000000,
        "iops_stddev" : 0.000000,
        "iops_samples" : 0
      },
      "sync" : {
        "total_ios" : 0,
        "lat_ns" : {
          "min" : 0,
          "max" : 0,
          "mean" : 0.000000,
          "stddev" : 0.000000,
          "N" : 0
        }
      },
      "job_runtime" : 11889,
      "usr_cpu" : 19.555892,
      "sys_cpu" : 41.349146,
      "ctx" : 666635,
      "majf" : 0,
      "minf" : 39,
      "iodepth_level" : {
        "1" : 0.100000,
        "2" : 0.100000,
        "4" : 0.100000,
        "8" : 0.100000,
        "16" : 0.100000,
        "32" : 0.100000,
        ">=64" : 99.997700
      },
      "iodepth_submit" : {
        "0" : 0.000000,
        "4" : 100.000000,
        "8" : 0.000000,
        "16" : 0.000000,
        "32" : 0.000000,
        "64" : 0.000000,
        ">=64" : 0.000000
      },
      "iodepth_complete" : {
        "0" : 0.000000,
        "4" : 99.999963,
        "8" : 0.000000,
        "16" : 0.000000,
        "32" : 0.000000,
        "64" : 0.100000,
        ">=64" : 0.000000
      },
      "latency_ns" : {
        "2" : 0.000000,
        "4" : 0.000000,
        "10" : 0.000000,
        "20" : 0.000000,
        "50" : 0.000000,
        "100" : 0.000000,
        "250" : 0.010000,
        "500" : 0.010000,
        "750" : 0.010000,
        "1000" : 0.000000
      },
      "latency_us" : {
        "2" : 0.010000,
        "4" : 0.010000,
        "10" : 21.048444,
        "20" : 9.706168,
        "50" : 4.206469,
        "100" : 2.809692,
        "250" : 20.820030,
        "500" : 28.127185,
        "750" : 5.612775,
        "1000" : 2.178959
      },
      "latency_ms" : {
        "2" : 4.964955,
        "4" : 0.507690,
        "10" : 0.011392,
        "20" : 0.000000,
        "50" : 0.000000,
        "100" : 0.000000,
        "250" : 0.000000,
        "500" : 0.000000,
        "750" : 0.000000,
        "1000" : 0.000000,
        "2000" : 0.000000,
        ">=2000" : 0.000000
      },
      "latency_depth" : 64,
      "latency_target" : 0,
      "latency_percentile" : 100.000000,
      "latency_window" : 0,
      "steadystate" : {
        "ss" : "iops:10.000000%",
        "duration" : 10,
        "attained" : 1,
        "criterion" : "4.344287%",
        "max_deviation" : 10033.500000,
        "slope" : 0.000000,
        "data" : {
          "bw_mean" : 946007789,
          "iops_mean" : 230958,