{
  "fio version" : "fio-3.33",
  "timestamp" : 1687917628,
  "timestamp_ms" : 1687917628538,
  "time" : "Wed Jun 28 02:00:28 2023",
  "jobs" : [
    {
      "jobname" : "FIOJOB",
      "groupid" : 0,
      "error" : 0,
      "eta" : 0,
      "elapsed" : 13,
      "job options" : {
        "ioengine" : "io_uring",
        "rw" : "randrw",
        "bs" : "4k",
        "iodepth" : "16",
        "numjobs" : "2",
        "rwmixread" : "65",
        "runtime" : "60",
        "loops" : "1",
        "direct" : "1",
        "steadystate" : "iops:10%%",
        "steadystate_duration" : "10",
        "steadystate_ramp_time" : "1",
        "log_avg_msec" : "1000",
        "invalidate" : "1",
        "write_bw_log" : "/home/user/benchmarks/512s/1x/nvme3n1/randrw65/4k/randrw-iodepth-16-numjobs-2",
        "write_lat_log" : "/home/user/benchmarks/512s/1x/nvme3n1/randrw65/4k/randrw-iodepth-16-numjobs-2",
        "write_iops_log" : "/home/user/benchmarks/512s/1x/nvme3n1/randrw65/4k/randrw-iodepth-16-numjobs-2",
        "filename" : "/dev/nvme3n1"
      },
      "read" : {
        "io_bytes" : 2530263040,
        "io_kbytes" : 2470960,
        "bw_bytes" : 212823874,
        "bw" : 207835,
        "iops" : 51958.953655,
        "runtime" : 11889,
        "total_ios" : 617740,
        "short_ios" : 0,
        "drop_ios" : 0,
        "slat_ns" : {
          "min" : 900,
          "max" : 58930,
          "mean" : 1788.616507,
          "stddev" : 974.118606,
          "N" : 617740
        },
        "clat_ns" : {
          "min" : 42910,
          "max" : 6322499,
          "mean" : 297848.049822,
          "stddev" : 357029.629163,
          "N" : 617740,
          "percentile" : {
            "1.000000" : 72192,
            "5.000000" : 80384,
            "10.000000" : 88576,
            "20.000000" : 108032,
            "30.000000" : 126464,
            "40.000000" : 150528,
            "50.000000" : 181248,
            "60.000000" : 216064,
            "70.000000" : 257024,
            "80.000000" : 321536,
            "90.000000" : 659456,
            "95.000000" : 1155072,
            "99.000000" : 1777664,
            "99.500000" : 1941504,
            "99.900000" : 2605056,
            "99.950000" : 2998272,
            "99.990000" : 4292608
          }
        },
        "lat_ns" : {
          "min" : 44480,
          "max" : 6323539,
          "mean" : 299636.666329,
          "stddev" : 357017.751689,
          "N" : 617740
        },
        "bw_min" : 198308,
        "bw_max" : 218038,
        "bw_agg" : 53.150876,
        "bw_mean" : 208858.636364,
        "bw_dev" : 7121.613571,
        "bw_samples" : 11,
        "iops_min" : 49577,
        "iops_max" : 54509,
        "iops_mean" : 52214.818182,
        "iops_stddev" : 1781.041932,
        "iops_samples" : 11
      },
      "write" : {
        "io_bytes" : 1364402176,
        "io_kbytes" : 1332424,
        "bw_bytes" : 114761727,
        "bw" : 112071,
        "iops" : 28017.999832,
        "runtime" : 11889,
        "total_ios" : 333106,
        "short_ios" : 0,
        "drop_ios" : 0,
        "slat_ns" : {
          "min" : 980,
          "max" : 51270,
          "mean" : 2078.088530,
          "stddev" : 1067.188085,
          "N" : 333106
        },
        "clat_ns" : {
          "min" : 140,
          "max" : 499060,
          "mean" : 11265.517511,
          "stddev" : 7981.564274,
          "N" : 333106,
          "percentile" : {
            "1.000000" : 5280,
            "5.000000" : 5728,
            "10.000000" : 6176,
            "20.000000" : 6624,
            "30.000000" : 6752,
            "40.000000" : 6944,
            "50.000000" : 7520,
            "60.000000" : 8896,
            "70.000000" : 10176,
            "80.000000" : 13376,
            "90.000000" : 26240,
            "95.000000" : 31616,
            "99.000000" : 35584,
            "99.500000" : 37120,
            "99.900000" : 43264,
            "99.950000" : 45824,
            "99.990000" : 51456
          }
        },
        "lat_ns" : {
          "min" : 6100,
          "max" : 502010,
          "mean" : 13343.606041,
          "stddev" : 8536.653975,
          "N" : 333106
        },
        "bw_min" : 107124,
        "bw_max" : 117713,
        "bw_agg" : 53.148418,
        "bw_mean" : 112756.727273,
        "bw_dev" : 4075.307573,
        "bw_samples" : 11,
        "iops_min" : 26781,
        "iops_max" : 29428,
        "iops_mean" : 28189.090909,
        "iops_stddev" : 1019.519147,
        "iops_samples" : 11
      },
      "trim" : {
        "io_bytes" : 0,
        "io_kbytes" : 0,
        "bw_bytes" : 0,
        "bw" : 0,
        "iops" : 0.000000,
        "runtime" : 0,
        "total_ios" : 0,
        "short_ios" : 0,
        "drop_ios" : 0,
        "slat_ns" : {
          "min" : 0,
          "max" : 0,
          "mean" : 0.000000,
          "stddev" : 0.000000,
          "N" : 0
        },
        "clat_ns" : {
          "min" : 0,
          "max" : 0,
          "mean" : 0.000000,
          "stddev" : 0.000000,
          "N" : 0
        },
        "lat_ns" : {
          "min" : 0,
          "max" : 0,
          "mean" : 0.000000,
          "stddev" : 0.000000,
          "N" : 0
        },
        "bw_min" : 0,
        "bw_max" : 0,
        "bw_agg" : 0.000000,
        "bw_mean" : 0.000000,
        "bw_dev" : 0.000000,
        "bw_samples" : 0,
        "iops_min" : 0,
        "iops_max" : 0,
        "iops_mean" : 0.000000,
        "iops_stddev" : 0.000000,
        "iops_samples" : 0
      },
      "sync" : {
        "total_ios" : 0,
        "lat_ns" : {
          "min" : 0,
          "max" : 0,
          "mean" : 0.000000,
          "stddev" : 0.000000,
          "N" : 0
        }
      },
      "job_runtime" : 11888,
      "usr_cpu" : 10.430686,
      "sys_cpu" : 22.568977,
      "ctx" : 534142,
      "majf" : 0,
      "minf" : 43,
      "iodepth_level" : {
        "1" : 0.100000,
        "2" : 0.100000,
        "4" : 0.100000,
        "8" : 0.100000,
        "16" : 99.998422,
        "32" : 0.000000,
        ">=64" : 0.000000
      },
      "iodepth_submit" : {
        "0" : 0.000000,
        "4" : 100.000000,
        "8" : 0.000000,
        "16" : 0.000000,
        "32" : 0.000000,
        "64" : 0.000000,
        ">=64" : 0.000000
      },
      "iodepth_complete" : {
        "0" : 0.000000,
        "4" : 99.999895,
        "8" : 0.000000,
        "16" : 0.100000,
        "32" : 0.000000,
        "64" : 0.000000,
        ">=64" : 0.000000
      },
      "latency_ns" : {
        "2" : 0.000000,
        "4" : 0.000000,
        "10" : 0.000000,
        "20" : 0.000000,
        "50" : 0.000000,
        "100" : 0.000000,
        "250" : 0.010000,
        "500" : 0.010000,
        "750" : 0.000000,
        "1000" : 0.000000
      },
      "latency_us" : {
        "2" : 0.010000,
        "4" : 0.010000,
        "10" : 24.064780,
        "20" : 6.277462,
        "50" : 4.684986,
        "100" : 10.558808,
        "250" : 33.938514,
        "500" : 12.492770,
        "750" : 2.166807,
        "1000" : 1.694807
      },
      "latency_ms" : {
        "2" : 3.852780,
        "4" : 0.257560,
        "10" : 0.010000,
        "20" : 0.000000,
        "50" : 0.000000,
        "100" : 0.000000,
        "250" : 0.000000,
        "500" : 0.000000,
        "750" : 0.000000,
        "1000" : 0.000000,
        "2000" : 0.000000,
        ">=2000" : 0.000000
      },
      "latency_depth" : 16,
      "latency_target" : 0,
      "latency_percentile" : 100.000000,
      "latency_window" : 0,
      "steadystate" : {
        "ss" : "iops:10.000000%",
        "duration" : 10,
        "attained" : 1,
        "criterion" : "6.512537%",
        "max_deviation" : 5212.400000,
        "slope" : 0.000000,
        "data" : {
          "bw_mean" : 327831079,
          "iops_mean" : 80036,