{
  "fio version" : "fio-3.33",
  "timestamp" : 1687914887,
  "timestamp_ms" : 1687914887629,
  "time" : "Wed Jun 28 01:14:47 2023",
  "jobs" : [
    {
      "jobname" : "FIOJOB",
      "groupid" : 0,
      "error" : 0,
      "eta" : 0,
      "elapsed" : 13,
      "job options" : {
        "ioengine" : "io_uring",
        "rw" : "randrw",
        "bs" : "4k",
        "iodepth" : "2",
        "numjobs" : "1",
        "rwmixread" : "65",
        "runtime" : "60",
        "loops" : "1",
        "direct" : "1",
        "steadystate" : "iops:10%%",
        "steadystate_duration" : "10",
        "steadystate_ramp_time" : "1",
        "log_avg_msec" : "1000",
        "invalidate" : "1",
        "write_bw_log" : "/home/user/benchmarks/512s/1x/nvme3n1/randrw65/4k/randrw-iodepth-2-numjobs-1",
        "write_lat_log" : "/home/user/benchmarks/512s/1x/nvme3n1/randrw65/4k/randrw-iodepth-2-numjobs-1",
        "write_iops_log" : "/home/user/benchmarks/512s/1x/nvme3n1/randrw65/4k/randrw-iodepth-2-numjobs-1",
        "filename" : "/dev/nvme3n1"
      },
      "read" : {
        "io_bytes" : 1051365376,
        "io_kbytes" : 1026724,
        "bw_bytes" : 88431775,
        "bw" : 86359,
        "iops" : 21589.788880,
        "runtime" : 11889,
        "total_ios" : 256681,
        "short_ios" : 0,
        "drop_ios" : 0,
        "slat_ns" : {
          "min" : 930,
          "max" : 27100,
          "mean" : 2217.081958,
          "stddev" : 796.051011,
          "N" : 256681
        },
        "clat_ns" : {
          "min" : 41750,
          "max" : 2944230,
          "mean" : 82751.761509,
          "stddev" : 83155.085710,
          "N" : 256681,
          "percentile" : {
            "1.000000" : 60160,
            "5.000000" : 61696,
            "10.000000" : 62720,
            "20.000000" : 64256,
            "30.000000" : 64768,
            "40.000000" : 66048,
            "50.000000" : 73216,
            "60.000000" : 76288,
            "70.000000" : 78336,
            "80.000000" : 93696,
            "90.000000" : 107008,
            "95.000000" : 117248,
            "99.000000" : 140288,
            "99.500000" : 238592,
            "99.900000" : 1581056,
            "99.950000" : 1662976,
            "99.990000" : 1777664
          }
        },
        "lat_ns" : {
          "min" : 43450,
          "max" : 2946770,
          "mean" : 84968.843467,
          "stddev" : 83147.582771,
          "N" : 256681
        },
        "bw_min" : 82064,
        "bw_max" : 91271,
        "bw_agg" : 100.000000,
        "bw_mean" : 86466.000000,
        "bw_dev" : 2709.772684,
        "bw_samples" : 11,
        "iops_min" : 20517,
        "iops_max" : 22817,
        "iops_mean" : 21616.363636,
        "iops_stddev" : 677.105645,
        "iops_samples" : 11
      },
      "write" : {
        "io_bytes" : 566861824,
        "io_kbytes" : 553576,
        "bw_bytes" : 47679520,
        "bw" : 46562,
        "iops" : 11640.508033,
        "runtime" : 11889,
        "total_ios" : 138394,
        "short_ios" : 0,
        "drop_ios" : 0,
        "slat_ns" : {
          "min" : 1020,
          "max" : 22570,
          "mean" : 2523.028773,
          "stddev" : 866.460633,
          "N" : 138394
        },
        "clat_ns" : {
          "min" : 160,
          "max" : 57250,
          "mean" : 9216.703419,
          "stddev" : 2482.571835,
          "N" : 138394,
          "percentile" : {
            "1.000000" : 5408,
            "5.000000" : 5792,
            "10.000000" : 6176,
            "20.000000" : 6496,
            "30.000000" : 6944,
            "40.000000" : 9280,
            "50.000000" : 9536,
            "60.000000" : 9664,
            "70.000000" : 10688,
            "80.000000" : 11072,
            "90.000000" : 11328,
            "95.000000" : 12608,
            "99.000000" : 16192,
            "99.500000" : 16512,
            "99.900000" : 21888,
            "99.950000" : 24960,
            "99.990000" : 29568
          }
        },
        "lat_ns" : {
          "min" : 5460,
          "max" : 59980,
          "mean" : 11739.732192,
          "stddev" : 2892.848702,
          "N" : 138394
        },
        "bw_min" : 44048,
        "bw_max" : 49233,
        "bw_agg" : 100.000000,
        "bw_mean" : 46599.727273,
        "bw_dev" : 1503.319533,
        "bw_samples" : 11,
        "iops_min" : 11012,
        "iops_max" : 12308,
        "iops_mean" : 11649.636364,
        "iops_stddev" : 375.718052,
        "iops_samples" : 11
      },
      "trim" : {
        "io_bytes" : 0,
        "io_kbytes" : 0,
        "bw_bytes" : 0,
        "bw" : 0,
        "iops" : 0.000000,
        "runtime" : 0,
        "total_ios" : 0,
        "short_ios" : 0,
        "drop_ios" : 0,
        "slat_ns" : {
          "min" : 0,
          "max" : 0,
          "mean" : 0.000000,
          "stddev" : 0.000000,
          "N" : 0
        },
        "clat_ns" : {
          "min" : 0,
          "max" : 0,
          "mean" : 0.000000,
          "stddev" : 0.000000,
          "N" : 0
        },
        "lat_ns" : {
          "min" : 0,
          "max" : 0,
          "mean" : 0.000000,
          "stddev" : 0.000000,
          "N" : 0
        },
        "bw_min" : 0,
        "bw_max" : 0,
        "bw_agg" : 0.000000,
        "bw_mean" : 0.000000,
        "bw_dev" : 0.000000,
        "bw_samples" : 0,
        "iops_min" : 0,
        "iops_max" : 0,
        "iops_mean" : 0.000000,
        "iops_stddev" : 0.000000,
        "iops_samples" : 0
      },
      "sync" : {
        "total_ios" : 0,
        "lat_ns" : {
          "min" : 0,
          "max" : 0,
          "mean" : 0.000000,
          "stddev" : 0.000000,
          "N" : 0
        }
      },
      "job_runtime" : 11888,
      "usr_cpu" : 6.006057,
      "sys_cpu" : 14.897376,
      "ctx" : 341936,
      "majf" : 0,
      "minf" : 41,
      "iodepth_level" : {
        "1" : 0.100000,
        "2" : 99.999747,
        "4" : 0.000000,
        "8" : 0.000000,
        "16" : 0.000000,
        "32" : 0.000000,
        ">=64" : 0.000000
      },
      "iodepth_submit" : {
        "0" : 0.000000,
        "4" : 100.000000,
        "8" : 0.000000,
        "16" : 0.000000,
        "32" : 0.000000,
        "64" : 0.000000,
        ">=64" : 0.000000
      },
      "iodepth_complete" : {
        "0" : 0.000000,
        "4" : 100.000000,
        "8" : 0.000000,
        "16" : 0.000000,
        "32" : 0.000000,
        "64" : 0.000000,
        ">=64" : 0.000000
      },
      "latency_ns" : {
        "2" : 0.000000,
        "4" : 0.000000,
        "10" : 0.000000,
        "20" : 0.000000,
        "50" : 0.000000,
        "100" : 0.000000,
        "250" : 0.010000,
        "500" : 0.010000,
        "750" : 0.000000,
        "1000" : 0.010000
      },
      "latency_us" : {
        "2" : 0.010000,
        "4" : 0.010000,
        "10" : 23.658293,
        "20" : 11.303423,
        "50" : 0.551794,
        "100" : 56.035943,
        "250" : 8.127318,
        "500" : 0.043536,
        "750" : 0.037208,
        "1000" : 0.039739
      },
      "latency_ms" : {
        "2" : 0.198950,
        "4" : 0.010000,
        "10" : 0.000000,
        "20" : 0.000000,
        "50" : 0.000000,
        "100" : 0.000000,
        "250" : 0.000000,
        "500" : 0.000000,
        "750" : 0.000000,
        "1000" : 0.000000,
        "2000" : 0.000000,
        ">=2000" : 0.000000
      },
      "latency_depth" : 2,
      "latency_target" : 0,
      "latency_percentile" : 100.000000,
      "latency_window" : 0,
      "steadystate" : {
        "ss" : "iops:10.000000%",
        "duration" : 10,
        "attained" : 1,
        "criterion" : "4.005892%",
        "max_deviation" : 1332.500000,
        "slope" : 0.000000,
        "data" : {
          "bw_mean" : 136248117,
          "iops_mean" : 33263,