{
  "fio version" : "fio-3.33",
  "timestamp" : 1687918750,
  "timestamp_ms" : 1687918750289,
  "time" : "Wed Jun 28 02:19:10 2023",
  "jobs" : [
    {
      "jobname" : "FIOJOB",
      "groupid" : 0,
      "error" : 0,
      "eta" : 0,
      "elapsed" : 13,
      "job options" : {
        "ioengine" : "io_uring",
        "rw" : "randrw",
        "bs" : "4k",
        "iodepth" : "32",
        "numjobs" : "2",
        "rwmixread" : "65",
        "runtime" : "60",
        "loops" : "1",
        "direct" : "1",
        "steadystate" : "iops:10%%",
        "steadystate_duration" : "10",
        "steadystate_ramp_time" : "1",
        "log_avg_msec" : "1000",
        "invalidate" : "1",
        "write_bw_log" : "/home/user/benchmarks/512s/1x/nvme3n1/randrw65/4k/randrw-iodepth-32-numjobs-2",
        "write_lat_log" : "/home/user/benchmarks/512s/1x/nvme3n1/randrw65/4k/randrw-iodepth-32-numjobs-2",
        "write_iops_log" : "/home/user/benchmarks/512s/1x/nvme3n1/randrw65/4k/randrw-iodepth-32-numjobs-2",
        "filename" : "/dev/nvme3n1"
      },
      "read" : {
        "io_bytes" : 3594174464,
        "io_kbytes" : 3509936,
        "bw_bytes" : 302260067,
        "bw" : 295175,
        "iops" : 73793.961820,
        "runtime" : 11891,
        "total_ios" : 877484,
        "short_ios" : 0,
        "drop_ios" : 0,
        "slat_ns" : {
          "min" : 930,
          "max" : 83529,
          "mean" : 3129.342390,
          "stddev" : 1494.343434,
          "N" : 877484
        },
        "clat_ns" : {
          "min" : 45620,
          "max" : 8217800,
          "mean" : 413989.937172,
          "stddev" : 433520.404843,
          "N" : 877484,
          "percentile" : {
            "1.000000" : 84480,
            "5.000000" : 107008,
            "10.000000" : 128512,
            "20.000000" : 158720,
            "30.000000" : 189440,
            "40.000000" : 224256,
            "50.000000" : 261120,
            "60.000000" : 301056,
            "70.000000" : 358400,
            "80.000000" : 489472,
            "90.000000" : 1028096,
            "95.000000" : 1466368,
            "99.000000" : 1990656,
            "99.500000" : 2211840,
            "99.900000" : 3031040,
            "99.950000" : 3358720,
            "99.990000" : 5144576
          }
        },
        "lat_ns" : {
          "min" : 48470,
          "max" : 8220220,
          "mean" : 417119.279562,
          "stddev" : 433451.964657,
          "N" : 877484
        },
        "bw_min" : 282954,
        "bw_max" : 311052,
        "bw_agg" : 51.941684,
        "bw_mean" : 297014.090909,
        "bw_dev" : 8895.246444,
        "bw_samples" : 11,
        "iops_min" : 70738,
        "iops_max" : 77768,
        "iops_mean" : 74253.454545,
        "iops_stddev" : 2224.616298,
        "iops_samples" : 11
      },
      "write" : {
        "io_bytes" : 1936502784,
        "io_kbytes" : 1891116,
        "bw_bytes" : 162854493,
        "bw" : 159037,
        "iops" : 39759.397864,
        "runtime" : 11891,
        "total_ios" : 472779,
        "short_ios" : 0,
        "drop_ios" : 0,
        "slat_ns" : {
          "min" : 1000,
          "max" : 57500,
          "mean" : 3565.801292,
          "stddev" : 1610.683233,
          "N" : 472779
        },
        "clat_ns" : {
          "min" : 160,
          "max" : 165140,
          "mean" : 23920.374333,
          "stddev" : 17454.795945,
          "N" : 472779,
          "percentile" : {
            "1.000000" : 6368,
            "5.000000" : 7072,
            "10.000000" : 8160,
            "20.000000" : 9920,
            "30.000000" : 11328,
            "40.000000" : 13888,
            "50.000000" : 18048,
            "60.000000" : 23424,
            "70.000000" : 30080,
            "80.000000" : 35584,
            "90.000000" : 47360,
            "95.000000" : 59136,
            "99.000000" : 83456,
            "99.500000" : 92672,
            "99.900000" : 109056,
            "99.950000" : 114176,
            "99.990000" : 124416
          }
        },
        "lat_ns" : {
          "min" : 6260,
          "max" : 167980,
          "mean" : 27486.175625,
          "stddev" : 17994.277618,
          "N" : 472779
        },
        "bw_min" : 152608,
        "bw_max" : 167188,
        "bw_agg" : 51.904701,
        "bw_mean" : 160054.181818,
        "bw_dev" : 4376.356037,
        "bw_samples" : 11,
        "iops_min" : 38152,
        "iops_max" : 41797,
        "iops_mean" : 40013.272727,
        "iops_stddev" : 1094.022860,
        "iops_samples" : 11
      },
      "trim" : {
        "io_bytes" : 0,
        "io_kbytes" : 0,
        "bw_bytes" : 0,
        "bw" : 0,
        "iops" : 0.000000,
        "runtime" : 0,
        "total_ios" : 0,
        "short_ios" : 0,
        "drop_ios" : 0,
        "slat_ns" : {
          "min" : 0,
          "max" : 0,
          "mean" : 0.000000,
          "stddev" : 0.000000,
          "N" : 0
        },
        "clat_ns" : {
          "min" : 0,
          "max" : 0,
          "mean" : 0.000000,
          "stddev" : 0.000000,
          "N" : 0
        },
        "lat_ns" : {
          "min" : 0,
          "max" : 0,
          "mean" : 0.000000,
          "stddev" : 0.000000,
          "N" : 0
        },
        "bw_min" : 0,
        "bw_max" : 0,
        "bw_agg" : 0.000000,
        "bw_mean" : 0.000000,
        "bw_dev" : 0.000000,
        "bw_samples" : 0,
        "iops_min" : 0,
        "iops_max" : 0,
        "iops_mean" : 0.000000,
        "iops_stddev" : 0.000000,
        "iops_samples" : 0
      },
      "sync" : {
        "total_ios" : 0,
        "lat_ns" : {
          "min" : 0,
          "max" : 0,
          "mean" : 0.000000,
          "stddev" : 0.000000,
          "N" : 0
        }
      },
      "job_runtime" : 11890,
      "usr_cpu" : 21.724138,
      "sys_cpu" : 43.507149,
      "ctx" : 293311,
      "majf" : 0,
      "minf" : 43,
      "iodepth_level" : {
        "1" : 0.100000,
        "2" : 0.100000,
        "4" : 0.100000,
        "8" : 0.100000,
        "16" : 0.100000,
        "32" : 99.997704,
        ">=64" : 0.000000
      },
      "iodepth_submit" : {
        "0" : 0.000000,
        "4" : 100.000000,
        "8" : 0.000000,
        "16" : 0.000000,
        "32" : 0.000000,
        "64" : 0.000000,
        ">=64" : 0.000000
      },
      "iodepth_complete" : {
        "0" : 0.000000,
        "4" : 99.999926,
        "8" : 0.000000,
        "16" : 0.000000,
        "32" : 0.100000,
        "64" : 0.000000,
        ">=64" : 0.000000
      },
      "latency_ns" : {
        "2" : 0.000000,
        "4" : 0.000000,
        "10" : 0.000000,
        "20" : 0.000000,
        "50" : 0.000000,
        "100" : 0.000000,
        "250" : 0.010000,
        "500" : 0.010000,
        "750" : 0.010000,
        "1000" : 0.010000
      },
      "latency_us" : {
        "2" : 0.010000,
        "4" : 0.010000,
        "10" : 7.356567,
        "20" : 11.626624,
        "50" : 13.053753,
        "100" : 5.225723,
        "250" : 28.350033,
        "500" : 21.615271,
        "750" : 3.766525,
        "1000" : 2.274742
      },
      "latency_ms" : {
        "2" : 6.106736,
        "4" : 0.603438,
        "10" : 0.014664,
        "20" : 0.000000,
        "50" : 0.000000,
        "100" : 0.000000,
        "250" : 0.000000,
        "500" : 0.000000,
        "750" : 0.000000,
        "1000" : 0.000000,
        "2000" : 0.000000,
        ">=2000" : 0.000000
      },
      "latency_depth" : 32,
      "latency_target" : 0,
      "latency_percentile" : 100.000000,
      "latency_window" : 0,
      "steadystate" : {
        "ss" : "iops:10.000000%",
        "duration" : 10,
        "attained" : 1,
        "criterion" : "6.168645%",
        "max_deviation" : 6975.800000,
        "slope" : 0.000000,
        "data" : {
          "bw_mean" : 463196962,
          "iops_mean" : 113084,