{
  "fio version" : "fio-3.33",
  "timestamp" : 1687918687,
  "timestamp_ms" : 1687918687351,
  "time" : "Wed Jun 28 02:18:07 2023",
  "jobs" : [
    {
      "jobname" : "FIOJOB",
      "groupid" : 0,
      "error" : 0,
      "eta" : 0,
      "elapsed" : 13,
      "job options" : {
        "ioengine" : "io_uring",
        "rw" : "randrw",
        "bs" : "4k",
        "iodepth" : "32",
        "numjobs" : "1",
        "rwmixread" : "65",
        "runtime" : "60",
        "loops" : "1",
        "direct" : "1",
        "steadystate" : "iops:10%%",
        "steadystate_duration" : "10",
        "steadystate_ramp_time" : "1",
        "log_avg_msec" : "1000",
        "invalidate" : "1",
        "write_bw_log" : "/home/user/benchmarks/512s/1x/nvme3n1/randrw65/4k/randrw-iodepth-32-numjobs-1",
        "write_lat_log" : "/home/user/benchmarks/512s/1x/nvme3n1/randrw65/4k/randrw-iodepth-32-numjobs-1",
        "write_iops_log" : "/home/user/benchmarks/512s/1x/nvme3n1/randrw65/4k/randrw-iodepth-32-numjobs-1",
        "filename" : "/dev/nvme3n1"
      },
      "read" : {
        "io_bytes" : 4622893056,
        "io_kbytes" : 4514544,
        "bw_bytes" : 388772437,
        "bw" : 379660,
        "iops" : 94915.145909,
        "runtime" : 11891,
        "total_ios" : 1128636,
        "short_ios" : 0,
        "drop_ios" : 0,
        "slat_ns" : {
          "min" : 940,
          "max" : 30011,
          "mean" : 2164.914848,
          "stddev" : 939.440318,
          "N" : 1128636
        },
        "clat_ns" : {
          "min" : 44730,
          "max" : 7542820,
          "mean" : 324078.915317,
          "stddev" : 320625.708342,
          "N" : 1128636,
          "percentile" : {
            "1.000000" : 75264,
            "5.000000" : 87552,
            "10.000000" : 102912,
            "20.000000" : 134144,
            "30.000000" : 171008,
            "40.000000" : 209920,
            "50.000000" : 244736,
            "60.000000" : 280576,
            "70.000000" : 321536,
            "80.000000" : 387072,
            "90.000000" : 552960,
            "95.000000" : 987136,
            "99.000000" : 1761280,
            "99.500000" : 1941504,
            "99.900000" : 2605056,
            "99.950000" : 2965504,
            "99.990000" : 4112384
          }
        },
        "lat_ns" : {
          "min" : 47010,
          "max" : 7544680,
          "mean" : 326243.830165,
          "stddev" : 320606.640465,
          "N" : 1128636
        },
        "bw_min" : 359140,
        "bw_max" : 398130,
        "bw_agg" : 99.970346,
        "bw_mean" : 379548.272727,
        "bw_dev" : 14675.297217,
        "bw_samples" : 11,
        "iops_min" : 89784,
        "iops_max" : 99532,
        "iops_mean" : 94887.363636,
        "iops_stddev" : 3668.990195,
        "iops_samples" : 11
      },
      "write" : {
        "io_bytes" : 2490277888,
        "io_kbytes" : 2431912,
        "bw_bytes" : 209425438,
        "bw" : 204517,
        "iops" : 51129.257422,
        "runtime" : 11891,
        "total_ios" : 607978,
        "short_ios" : 0,
        "drop_ios" : 0,
        "slat_ns" : {
          "min" : 1029,
          "max" : 28949,
          "mean" : 2516.800638,
          "stddev" : 1037.354164,
          "N" : 607978
        },
        "clat_ns" : {
          "min" : 170,
          "max" : 124231,
          "mean" : 15406.533220,
          "stddev" : 9831.848710,
          "N" : 607978,
          "percentile" : {
            "1.000000" : 6112,
            "5.000000" : 6624,
            "10.000000" : 7328,
            "20.000000" : 8256,
            "30.000000" : 9024,
            "40.000000" : 10048,
            "50.000000" : 11840,
            "60.000000" : 13632,
            "70.000000" : 16768,
            "80.000000" : 22400,
            "90.000000" : 29824,
            "95.000000" : 34560,
            "99.000000" : 48896,
            "99.500000" : 57088,
            "99.900000" : 74240,
            "99.950000" : 81408,
            "99.990000" : 94720
          }
        },
        "lat_ns" : {
          "min" : 6390,
          "max" : 129491,
          "mean" : 17923.333857,
          "stddev" : 10122.319072,
          "N" : 607978
        },
        "bw_min" : 192852,
        "bw_max" : 214050,
        "bw_agg" : 99.938866,
        "bw_mean" : 204392.636364,
        "bw_dev" : 7924.515269,
        "bw_samples" : 11,
        "iops_min" : 48213,
        "iops_max" : 53512,
        "iops_mean" : 51098.000000,
        "iops_stddev" : 1981.057142,
        "iops_samples" : 11
      },
      "trim" : {
        "io_bytes" : 0,
        "io_kbytes" : 0,
        "bw_bytes" : 0,
        "bw" : 0,
        "iops" : 0.000000,
        "runtime" : 0,
        "total_ios" : 0,
        "short_ios" : 0,
        "drop_ios" : 0,
        "slat_ns" : {
          "min" : 0,
          "max" : 0,
          "mean" : 0.000000,
          "stddev" : 0.000000,
          "N" : 0
        },
        "clat_ns" : {
          "min" : 0,
          "max" : 0,
          "mean" : 0.000000,
          "stddev" : 0.000000,
          "N" : 0
        },
        "lat_ns" : {
          "min" : 0,
          "max" : 0,
          "mean" : 0.000000,
          "stddev" : 0.000000,
          "N" : 0
        },
        "bw_min" : 0,
        "bw_max" : 0,
        "bw_agg" : 0.000000,
        "bw_mean" : 0.000000,
        "bw_dev" : 0.000000,
        "bw_samples" : 0,
        "iops_min" : 0,
        "iops_max" : 0,
        "iops_mean" : 0.000000,
        "iops_stddev" : 0.000000,
        "iops_samples" : 0
      },
      "sync" : {
        "total_ios" : 0,
        "lat_ns" : {
          "min" : 0,
          "max" : 0,
          "mean" : 0.000000,
          "stddev" : 0.000000,
          "N" : 0
        }
      },
      "job_runtime" : 11890,
      "usr_cpu" : 20.042052,
      "sys_cpu" : 40.134567,
      "ctx" : 445845,
      "majf" : 0,
      "minf" : 40,
      "iodepth_level" : {
        "1" : 0.100000,
        "2" : 0.100000,
        "4" : 0.100000,
        "8" : 0.100000,
        "16" : 0.100000,
        "32" : 99.998215,
        ">=64" : 0.000000
      },
      "iodepth_submit" : {
        "0" : 0.000000,
        "4" : 100.000000,
        "8" : 0.000000,
        "16" : 0.000000,
        "32" : 0.000000,
        "64" : 0.000000,
        ">=64" : 0.000000
      },
      "iodepth_complete" : {
        "0" : 0.000000,
        "4" : 99.999942,
        "8" : 0.000000,
        "16" : 0.000000,
        "32" : 0.100000,
        "64" : 0.000000,
        ">=64" : 0.000000
      },
      "latency_ns" : {
        "2" : 0.000000,
        "4" : 0.000000,
        "10" : 0.000000,
        "20" : 0.000000,
        "50" : 0.000000,
        "100" : 0.000000,
        "250" : 0.010000,
        "500" : 0.010000,
        "750" : 0.010000,
        "1000" : 0.010000
      },
      "latency_us" : {
        "2" : 0.010000,
        "4" : 0.010000,
        "10" : 13.891343,
        "20" : 12.846090,
        "50" : 7.949896,
        "100" : 6.289999,
        "250" : 27.522005,
        "500" : 23.855157,
        "750" : 3.125392,
        "1000" : 1.344110
      },
      "latency_ms" : {
        "2" : 2.906057,
        "4" : 0.259586,
        "10" : 0.010000,
        "20" : 0.000000,
        "50" : 0.000000,
        "100" : 0.000000,
        "250" : 0.000000,
        "500" : 0.000000,
        "750" : 0.000000,
        "1000" : 0.000000,
        "2000" : 0.000000,
        ">=2000" : 0.000000
      },
      "latency_depth" : 32,
      "latency_target" : 0,
      "latency_percentile" : 100.000000,
      "latency_window" : 0,
      "steadystate" : {
        "ss" : "iops:10.000000%",
        "duration" : 10,
        "attained" : 1,
        "criterion" : "4.467254%",
        "max_deviation" : 6551.800000,
        "slope" : 0.000000,
        "data" : {
          "bw_mean" : 600732034,
          "iops_mean" : 146662,