{
  "fio version" : "fio-3.33",
  "timestamp" : 1687919994,
  "timestamp_ms" : 1687919994527,
  "time" : "Wed Jun 28 02:39:54 2023",
  "jobs" : [
    {
      "jobname" : "FIOJOB",
      "groupid" : 0,
      "error" : 0,
      "eta" : 0,
      "elapsed" : 13,
      "job options" : {
        "ioengine" : "io_uring",
        "rw" : "randrw",
        "bs" : "4k",
        "iodepth" : "64",
        "numjobs" : "2",
        "rwmixread" : "65",
        "runtime" : "60",
        "loops" : "1",
        "direct" : "1",
        "steadystate" : "iops:10%%",
        "steadystate_duration" : "10",
        "steadystate_ramp_time" : "1",
        "log_avg_msec" : "1000",
        "invalidate" : "1",
        "write_bw_log" : "/home/user/benchmarks/512s/1x/nvme3n1/randrw65/4k/randrw-iodepth-64-numjobs-2",
        "write_lat_log" : "/home/user/benchmarks/512s/1x/nvme3n1/randrw65/4k/randrw-iodepth-64-numjobs-2",
        "write_iops_log" : "/home/user/benchmarks/512s/1x/nvme3n1/randrw65/4k/randrw-iodepth-64-numjobs-2",
        "filename" : "/dev/nvme3n1"
      },
      "read" : {
        "io_bytes" : 5225156608,
        "io_kbytes" : 5102692,
        "bw_bytes" : 439458083,
        "bw" : 429158,
        "iops" : 107289.571068,
        "runtime" : 11890,
        "total_ios" : 1275673,
        "short_ios" : 0,
        "drop_ios" : 0,
        "slat_ns" : {
          "min" : 900,
          "max" : 35350,
          "mean" : 1805.324633,
          "stddev" : 983.064809,
          "N" : 1275673
        },
        "clat_ns" : {
          "min" : 53430,
          "max" : 8222860,
          "mean" : 584739.587447,
          "stddev" : 559600.812183,
          "N" : 1275673,
          "percentile" : {
            "1.000000" : 110080,
            "5.000000" : 136192,
            "10.000000" : 158720,
            "20.000000" : 203776,
            "30.000000" : 252928,
            "40.000000" : 296960,
            "50.000000" : 350208,
            "60.000000" : 428032,
            "70.000000" : 577536,
            "80.000000" : 929792,
            "90.000000" : 1466368,
            "95.000000" : 1794048,
            "99.000000" : 2473984,
            "99.500000" : 2867200,
            "99.900000" : 3719168,
            "99.950000" : 4145152,
            "99.990000" : 5210112
          }
        },
        "lat_ns" : {
          "min" : 54530,
          "max" : 8224530,
          "mean" : 586544.912080,
          "stddev" : 559565.772246,
          "N" : 1275673
        },
        "bw_min" : 400432,
        "bw_max" : 446874,
        "bw_agg" : 52.379350,
        "bw_mean" : 428440.363636,
        "bw_dev" : 13024.036865,
        "bw_samples" : 11,
        "iops_min" : 100108,
        "iops_max" : 111718,
        "iops_mean" : 107109.909091,
        "iops_stddev" : 3255.831091,
        "iops_samples" : 11
      },
      "write" : {
        "io_bytes" : 2815713280,
        "io_kbytes" : 2749720,
        "bw_bytes" : 236813564,
        "bw" : 231263,
        "iops" : 57815.811606,
        "runtime" : 11890,
        "total_ios" : 687430,
        "short_ios" : 0,
        "drop_ios" : 0,
        "slat_ns" : {
          "min" : 970,
          "max" : 33429,
          "mean" : 2097.971978,
          "stddev" : 1065.589877,
          "N" : 687430
        },
        "clat_ns" : {
          "min" : 150,
          "max" : 622750,
          "mean" : 14514.446291,
          "stddev" : 11930.839804,
          "N" : 687430,
          "percentile" : {
            "1.000000" : 5344,
            "5.000000" : 5984,
            "10.000000" : 6496,
            "20.000000" : 6944,
            "30.000000" : 7712,
            "40.000000" : 8384,
            "50.000000" : 9536,
            "60.000000" : 11456,
            "70.000000" : 14400,
            "80.000000" : 20864,
            "90.000000" : 29824,
            "95.000000" : 37120,
            "99.000000" : 61184,
            "99.500000" : 70144,
            "99.900000" : 90624,
            "99.950000" : 98816,
            "99.990000" : 117248
          }
        },
        "lat_ns" : {
          "min" : 6111,
          "max" : 625480,
          "mean" : 16612.418269,
          "stddev" : 12273.736022,
          "N" : 687430
        },
        "bw_min" : 214214,
        "bw_max" : 241085,
        "bw_agg" : 52.365485,
        "bw_mean" : 230792.636364,
        "bw_dev" : 7405.413118,
        "bw_samples" : 11,
        "iops_min" : 53553,
        "iops_max" : 60271,
        "iops_mean" : 57697.909091,
        "iops_stddev" : 1851.388368,
        "iops_samples" : 11
      },
      "trim" : {
        "io_bytes" : 0,
        "io_kbytes" : 0,
        "bw_bytes" : 0,
        "bw" : 0,
        "iops" : 0.000000,
        "runtime" : 0,
        "total_ios" : 0,
        "short_ios" : 0,
        "drop_ios" : 0,
        "slat_ns" : {
          "min" : 0,
          "max" : 0,
          "mean" : 0.000000,
          "stddev" : 0.000000,
          "N" : 0
        },
        "clat_ns" : {
          "min" : 0,
          "max" : 0,
          "mean" : 0.000000,
          "stddev" : 0.000000,
          "N" : 0
        },
        "lat_ns" : {
          "min" : 0,
          "max" : 0,
          "mean" : 0.000000,
          "stddev" : 0.000000,
          "N" : 0
        },
        "bw_min" : 0,
        "bw_max" : 0,
        "bw_agg" : 0.000000,
        "bw_mean" : 0.000000,
        "bw_dev" : 0.000000,
        "bw_samples" : 0,
        "iops_min" : 0,
        "iops_max" : 0,
        "iops_mean" : 0.000000,
        "iops_stddev" : 0.000000,
        "iops_samples" : 0
      },
      "sync" : {
        "total_ios" : 0,
        "lat_ns" : {
          "min" : 0,
          "max" : 0,
          "mean" : 0.000000,
          "stddev" : 0.000000,
          "N" : 0
        }
      },
      "job_runtime" : 11889,
      "usr_cpu" : 17.057785,
      "sys_cpu" : 39.162251,
      "ctx" : 564335,
      "majf" : 0,
      "minf" : 39,
      "iodepth_level" : {
        "1" : 0.100000,
        "2" : 0.100000,
        "4" : 0.100000,
        "8" : 0.100000,
        "16" : 0.100000,
        "32" : 0.100000,
        ">=64" : 99.996791
      },
      "iodepth_submit" : {
        "0" : 0.000000,
        "4" : 100.000000,
        "8" : 0.000000,
        "16" : 0.000000,
        "32" : 0.000000,
        "64" : 0.000000,
        ">=64" : 0.000000
      },
      "iodepth_complete" : {
        "0" : 0.000000,
        "4" : 99.999949,
        "8" : 0.000000,
        "16" : 0.000000,
        "32" : 0.000000,
        "64" : 0.100000,
        ">=64" : 0.000000
      },
      "latency_ns" : {
        "2" : 0.000000,
        "4" : 0.000000,
        "10" : 0.000000,
        "20" : 0.000000,
        "50" : 0.000000,
        "100" : 0.000000,
        "250" : 0.010000,
        "500" : 0.010000,
        "750" : 0.010000,
        "1000" : 0.010000
      },
      "latency_us" : {
        "2" : 0.010000,
        "4" : 0.010000,
        "10" : 18.507333,
        "20" : 9.134060,
        "50" : 6.624156,
        "100" : 1.050378,
        "250" : 18.927229,
        "500" : 23.653522,
        "750" : 6.419989,
        "1000" : 3.673827
      },
      "latency_ms" : {
        "2" : 10.187392,
        "4" : 1.778256,
        "10" : 0.039427,
        "20" : 0.000000,
        "50" : 0.000000,
        "100" : 0.000000,
        "250" : 0.000000,
        "500" : 0.000000,
        "750" : 0.000000,
        "1000" : 0.000000,
        "2000" : 0.000000,
        ">=2000" : 0.000000
      },
      "latency_depth" : 64,
      "latency_target" : 0,
      "latency_percentile" : 100.000000,
      "latency_window" : 0,
      "steadystate" : {
        "ss" : "iops:10.000000%",
        "duration" : 10,
        "attained" : 1,
        "criterion" : "7.402637%",
        "max_deviation" : 12268.900000,
        "slope" : 0.000000,
        "data" : {
          "bw_mean" : 678859949,
          "iops_mean" : 165736,