{
  "fio version" : "fio-3.33",
  "timestamp" : 1687919970,
  "timestamp_ms" : 1687919970150,
  "time" : "Wed Jun 28 02:39:30 2023",
  "jobs" : [
    {
      "jobname" : "FIOJOB",
      "groupid" : 0,
      "error" : 0,
      "eta" : 0,
      "elapsed" : 13,
      "job options" : {
        "ioengine" : "io_uring",
        "rw" : "randrw",
        "bs" : "4k",
        "iodepth" : "64",
        "numjobs" : "2",
        "rwmixread" : "35",
        "runtime" : "60",
        "loops" : "1",
        "direct" : "1",
        "steadystate" : "iops:10%%",
        "steadystate_duration" : "10",
        "steadystate_ramp_time" : "1",
        "log_avg_msec" : "1000",
        "invalidate" : "1",
        "write_bw_log" : "/home/user/benchmarks/512s/1x/nvme3n1/randrw35/4k/randrw-iodepth-64-numjobs-2",
        "write_lat_log" : "/home/user/benchmarks/512s/1x/nvme3n1/randrw35/4k/randrw-iodepth-64-numjobs-2",
        "write_iops_log" : "/home/user/benchmarks/512s/1x/nvme3n1/randrw35/4k/randrw-iodepth-64-numjobs-2",
        "filename" : "/dev/nvme3n1"
      },
      "read" : {
        "io_bytes" : 2788352000,
        "io_kbytes" : 2723000,
        "bw_bytes" : 234433495,
        "bw" : 228938,
        "iops" : 57234.740205,
        "runtime" : 11894,
        "total_ios" : 680750,
        "short_ios" : 0,
        "drop_ios" : 0,
        "slat_ns" : {
          "min" : 911,
          "max" : 33630,
          "mean" : 1892.999072,
          "stddev" : 817.928890,
          "N" : 680750
        },
        "clat_ns" : {
          "min" : 68020,
          "max" : 9125129,
          "mean" : 1010543.510681,
          "stddev" : 766459.910442,
          "N" : 680750,
          "percentile" : {
            "1.000000" : 109056,
            "5.000000" : 156672,
            "10.000000" : 203776,
            "20.000000" : 296960,
            "30.000000" : 395264,
            "40.000000" : 585728,
            "50.000000" : 897024,
            "60.000000" : 1155072,
            "70.000000" : 1384448,
            "80.000000" : 1630208,
            "90.000000" : 1974272,
            "95.000000" : 2310144,
            "99.000000" : 3424256,
            "99.500000" : 3948544,
            "99.900000" : 4816896,
            "99.950000" : 5472256,
            "99.990000" : 7110656
          }
        },
        "lat_ns" : {
          "min" : 69610,
          "max" : 9126859,
          "mean" : 1012436.509752,
          "stddev" : 766389.339423,
          "N" : 680750
        },
        "bw_min" : 223631,
        "bw_max" : 234548,
        "bw_agg" : 50.244764,
        "bw_mean" : 229827.454545,
        "bw_dev" : 3618.665538,
        "bw_samples" : 11,
        "iops_min" : 55907,
        "iops_max" : 58637,
        "iops_mean" : 57457.000000,
        "iops_stddev" : 904.860321,
        "iops_samples" : 11
      },
      "write" : {
        "io_bytes" : 5176549376,
        "io_kbytes" : 5055224,
        "bw_bytes" : 435223589,
        "bw" : 425023,
        "iops" : 106255.759206,
        "runtime" : 11894,
        "total_ios" : 1263806,
        "short_ios" : 0,
        "drop_ios" : 0,
        "slat_ns" : {
          "min" : 1000,
          "max" : 39770,
          "mean" : 2120.480816,
          "stddev" : 867.234562,
          "N" : 1263806
        },
        "clat_ns" : {
          "min" : 1310,
          "max" : 2574380,
          "mean" : 53788.252310,
          "stddev" : 128058.352221,
          "N" : 1263806,
          "percentile" : {
            "1.000000" : 11840,
            "5.000000" : 21632,
            "10.000000" : 24448,
            "20.000000" : 27776,
            "30.000000" : 29568,
            "40.000000" : 30592,
            "50.000000" : 32128,
            "60.000000" : 35072,
            "70.000000" : 42752,
            "80.000000" : 58112,
            "90.000000" : 81408,
            "95.000000" : 100864,
            "99.000000" : 222208,
            "99.500000" : 1286144,
            "99.900000" : 1875968,
            "99.950000" : 2007040,
            "99.990000" : 2179072
          }
        },
        "lat_ns" : {
          "min" : 6950,
          "max" : 2576280,
          "mean" : 55908.733126,
          "stddev" : 128083.018102,
          "N" : 1263806
        },
        "bw_min" : 417397,
        "bw_max" : 437304,
        "bw_agg" : 50.255252,
        "bw_mean" : 426895.818182,
        "bw_dev" : 7714.957613,
        "bw_samples" : 11,
        "iops_min" : 104349,
        "iops_max" : 109326,
        "iops_mean" : 106723.636364,
        "iops_stddev" : 1929.071190,
        "iops_samples" : 11
      },
      "trim" : {
        "io_bytes" : 0,
        "io_kbytes" : 0,
        "bw_bytes" : 0,
        "bw" : 0,
        "iops" : 0.000000,
        "runtime" : 0,
        "total_ios" : 0,
        "short_ios" : 0,
        "drop_ios" : 0,
        "slat_ns" : {
          "min" : 0,
          "max" : 0,
          "mean" : 0.000000,
          "stddev" : 0.000000,
          "N" : 0
        },
        "clat_ns" : {
          "min" : 0,
          "max" : 0,
          "mean" : 0.000000,
          "stddev" : 0.000000,
          "N" : 0
        },
        "lat_ns" : {
          "min" : 0,
          "max" : 0,
          "mean" : 0.000000,
          "stddev" : 0.000000,
          "N" : 0
        },
        "bw_min" : 0,
        "bw_max" : 0,
        "bw_agg" : 0.000000,
        "bw_mean" : 0.000000,
        "bw_dev" : 0.000000,
        "bw_samples" : 0,
        "iops_min" : 0,
        "iops_max" : 0,
        "iops_mean" : 0.000000,
        "iops_stddev" : 0.000000,
        "iops_samples" : 0
      },
      "sync" : {
        "total_ios" : 0,
        "lat_ns" : {
          "min" : 0,
          "max" : 0,
          "mean" : 0.000000,
          "stddev" : 0.000000,
          "N" : 0
        }
      },
      "job_runtime" : 11893,
      "usr_cpu" : 18.927100,
      "sys_cpu" : 36.231397,
      "ctx" : 280072,
      "majf" : 0,
      "minf" : 41,
      "iodepth_level" : {
        "1" : 0.100000,
        "2" : 0.100000,
        "4" : 0.100000,
        "8" : 0.100000,
        "16" : 0.100000,
        "32" : 0.100000,
        ">=64" : 99.996760
      },
      "iodepth_submit" : {
        "0" : 0.000000,
        "4" : 100.000000,
        "8" : 0.000000,
        "16" : 0.000000,
        "32" : 0.000000,
        "64" : 0.000000,
        ">=64" : 0.000000
      },
      "iodepth_complete" : {
        "0" : 0.000000,
        "4" : 99.999949,
        "8" : 0.000000,
        "16" : 0.000000,
        "32" : 0.000000,
        "64" : 0.100000,
        ">=64" : 0.000000
      },
      "latency_ns" : {
        "2" : 0.000000,
        "4" : 0.000000,
        "10" : 0.000000,
        "20" : 0.000000,
        "50" : 0.000000,
        "100" : 0.000000,
        "250" : 0.000000,
        "500" : 0.000000,
        "750" : 0.000000,
        "1000" : 0.000000
      },
      "latency_us" : {
        "2" : 0.010000,
        "4" : 0.000000,
        "10" : 0.449717,
        "20" : 1.785395,
        "50" : 46.775099,
        "100" : 12.834241,
        "250" : 7.744801,
        "500" : 7.625545,
        "750" : 3.166687,
        "1000" : 2.996468
      },
      "latency_ms" : {
        "2" : 13.247291,
        "4" : 3.213844,
        "10" : 0.160859,
        "20" : 0.000000,
        "50" : 0.000000,
        "100" : 0.000000,
        "250" : 0.000000,
        "500" : 0.000000,
        "750" : 0.000000,
        "1000" : 0.000000,
        "2000" : 0.000000,
        ">=2000" : 0.000000
      },
      "latency_depth" : 64,
      "latency_target" : 0,
      "latency_percentile" : 100.000000,
      "latency_window" : 0,
      "steadystate" : {
        "ss" : "iops:10.000000%",
        "duration" : 10,
        "attained" : 1,
        "criterion" : "4.573315%",
        "max_deviation" : 7489.800000,
        "slope" : 0.000000,
        "data" : {
          "bw_mean" : 670810705,
          "iops_mean" : 163771,