{
  "fio version" : "fio-3.33",
  "timestamp" : 1687916698,
  "timestamp_ms" : 1687916698128,
  "time" : "Wed Jun 28 01:44:58 2023",
  "jobs" : [
    {
      "jobname" : "FIOJOB",
      "groupid" : 0,
      "error" : 0,
      "eta" : 0,
      "elapsed" : 23,
      "job options" : {
        "ioengine" : "io_uring",
        "rw" : "randrw",
        "bs" : "4k",
        "iodepth" : "8",
        "numjobs" : "2",
        "rwmixread" : "35",
        "runtime" : "60",
        "loops" : "1",
        "direct" : "1",
        "steadystate" : "iops:10%%",
        "steadystate_duration" : "10",
        "steadystate_ramp_time" : "1",
        "log_avg_msec" : "1000",
        "invalidate" : "1",
        "write_bw_log" : "/home/user/benchmarks/512s/1x/nvme3n1/randrw35/4k/randrw-iodepth-8-numjobs-2",
        "write_lat_log" : "/home/user/benchmarks/512s/1x/nvme3n1/randrw35/4k/randrw-iodepth-8-numjobs-2",
        "write_iops_log" : "/home/user/benchmarks/512s/1x/nvme3n1/randrw35/4k/randrw-iodepth-8-numjobs-2",
        "filename" : "/dev/nvme3n1"
      },
      "read" : {
        "io_bytes" : 2176491520,
        "io_kbytes" : 2125480,
        "bw_bytes" : 99428575,
        "bw" : 97098,
        "iops" : 24274.554591,
        "runtime" : 21890,
        "total_ios" : 531370,
        "short_ios" : 0,
        "drop_ios" : 0,
        "slat_ns" : {
          "min" : 980,
          "max" : 56620,
          "mean" : 2816.429608,
          "stddev" : 1009.745690,
          "N" : 531370
        },
        "clat_ns" : {
          "min" : 41920,
          "max" : 6325470,
          "mean" : 295848.583646,
          "stddev" : 327496.691508,
          "N" : 531370,
          "percentile" : {
            "1.000000" : 64256,
            "5.000000" : 74240,
            "10.000000" : 86528,
            "20.000000" : 114176,
            "30.000000" : 142336,
            "40.000000" : 173056,
            "50.000000" : 205824,
            "60.000000" : 234496,
            "70.000000" : 268288,
            "80.000000" : 325632,
            "90.000000" : 602112,
            "95.000000" : 970752,
            "99.000000" : 1728512,
            "99.500000" : 1925120,
            "99.900000" : 2670592,
            "99.950000" : 3129344,
            "99.990000" : 4620288
          }
        },
        "lat_ns" : {
          "min" : 46260,
          "max" : 6327690,
          "mean" : 298665.013254,
          "stddev" : 327449.032751,
          "N" : 531370
        },
        "bw_min" : 73029,
        "bw_max" : 122798,
        "bw_agg" : 67.940451,
        "bw_mean" : 96558.000000,
        "bw_dev" : 19326.069337,
        "bw_samples" : 21,
        "iops_min" : 18257,
        "iops_max" : 30699,
        "iops_mean" : 24139.238095,
        "iops_stddev" : 4831.581365,
        "iops_samples" : 21
      },
      "write" : {
        "io_bytes" : 4039454720,
        "io_kbytes" : 3944780,
        "bw_bytes" : 184534249,
        "bw" : 180209,
        "iops" : 45052.306989,
        "runtime" : 21890,
        "total_ios" : 986195,
        "short_ios" : 0,
        "drop_ios" : 0,
        "slat_ns" : {
          "min" : 1050,
          "max" : 36460,
          "mean" : 3168.819309,
          "stddev" : 1067.562511,
          "N" : 986195
        },
        "clat_ns" : {
          "min" : 240,
          "max" : 874639,
          "mean" : 11866.712743,
          "stddev" : 5836.729988,
          "N" : 986195,
          "percentile" : {
            "1.000000" : 5920,
            "5.000000" : 6240,
            "10.000000" : 6880,
            "20.000000" : 7968,
            "30.000000" : 9152,
            "40.000000" : 9664,
            "50.000000" : 9792,
            "60.000000" : 10048,
            "70.000000" : 11840,
            "80.000000" : 15296,
            "90.000000" : 18816,
            "95.000000" : 25216,
            "99.000000" : 32128,
            "99.500000" : 33536,
            "99.900000" : 37632,
            "99.950000" : 40704,
            "99.990000" : 45312
          }
        },
        "lat_ns" : {
          "min" : 6990,
          "max" : 877490,
          "mean" : 15035.532052,
          "stddev" : 6043.045499,
          "N" : 986195
        },
        "bw_min" : 134378,
        "bw_max" : 228688,
        "bw_agg" : 67.884961,
        "bw_mean" : 179320.523810,
        "bw_dev" : 36521.134961,
        "bw_samples" : 21,
        "iops_min" : 33594,
        "iops_max" : 57172,
        "iops_mean" : 44829.761905,
        "iops_stddev" : 9130.323663,
        "iops_samples" : 21
      },
      "trim" : {
        "io_bytes" : 0,
        "io_kbytes" : 0,
        "bw_bytes" : 0,
        "bw" : 0,
        "iops" : 0.000000,
        "runtime" : 0,
        "total_ios" : 0,
        "short_ios" : 0,
        "drop_ios" : 0,
        "slat_ns" : {
          "min" : 0,
          "max" : 0,
          "mean" : 0.000000,
          "stddev" : 0.000000,
          "N" : 0
        },
        "clat_ns" : {
          "min" : 0,
          "max" : 0,
          "mean" : 0.000000,
          "stddev" : 0.000000,
          "N" : 0
        },
        "lat_ns" : {
          "min" : 0,
          "max" : 0,
          "mean" : 0.000000,
          "stddev" : 0.000000,
          "N" : 0
        },
        "bw_min" : 0,
        "bw_max" : 0,
        "bw_agg" : 0.000000,
        "bw_mean" : 0.000000,
        "bw_dev" : 0.000000,
        "bw_samples" : 0,
        "iops_min" : 0,
        "iops_max" : 0,
        "iops_mean" : 0.000000,
        "iops_stddev" : 0.000000,
        "iops_samples" : 0
      },
      "sync" : {
        "total_ios" : 0,
        "lat_ns" : {
          "min" : 0,
          "max" : 0,
          "mean" : 0.000000,
          "stddev" : 0.000000,
          "N" : 0
        }
      },
      "job_runtime" : 21889,
      "usr_cpu" : 13.454246,
      "sys_cpu" : 30.778016,
      "ctx" : 611486,
      "majf" : 0,
      "minf" : 41,
      "iodepth_level" : {
        "1" : 0.100000,
        "2" : 0.100000,
        "4" : 0.100000,
        "8" : 99.999539,
        "16" : 0.000000,
        "32" : 0.000000,
        ">=64" : 0.000000
      },
      "iodepth_submit" : {
        "0" : 0.000000,
        "4" : 100.000000,
        "8" : 0.000000,
        "16" : 0.000000,
        "32" : 0.000000,
        "64" : 0.000000,
        ">=64" : 0.000000
      },
      "iodepth_complete" : {
        "0" : 0.000000,
        "4" : 99.999934,
        "8" : 0.100000,
        "16" : 0.000000,
        "32" : 0.000000,
        "64" : 0.000000,
        ">=64" : 0.000000
      },
      "latency_ns" : {
        "2" : 0.000000,
        "4" : 0.000000,
        "10" : 0.000000,
        "20" : 0.000000,
        "50" : 0.000000,
        "100" : 0.000000,
        "250" : 0.010000,
        "500" : 0.010000,
        "750" : 0.010000,
        "1000" : 0.010000
      },
      "latency_us" : {
        "2" : 0.010000,
        "4" : 0.010000,
        "10" : 38.326134,
        "20" : 20.921806,
        "50" : 5.733263,
        "100" : 5.163074,
        "250" : 17.474573,
        "500" : 8.043412,
        "750" : 1.731524,
        "1000" : 0.932678
      },
      "latency_ms" : {
        "2" : 1.527117,
        "4" : 0.130933,
        "10" : 0.010000,
        "20" : 0.000000,
        "50" : 0.000000,
        "100" : 0.000000,
        "250" : 0.000000,
        "500" : 0.000000,
        "750" : 0.000000,
        "1000" : 0.000000,
        "2000" : 0.000000,
        ">=2000" : 0.000000
      },
      "latency_depth" : 8,
      "latency_target" : 0,
      "latency_percentile" : 100.000000,
      "latency_window" : 0,
      "steadystate" : {
        "ss" : "iops:10.000000%",
        "duration" : 10,
        "attained" : 1,
        "criterion" : "5.770633%",
        "max_deviation" : 4828.000000,
        "slope" : 0.000000,
        "data" : {
          "bw_mean" : 342693986,
          "iops_mean" : 83665,