{
  "fio version" : "fio-3.33",
  "timestamp" : 1687917604,
  "timestamp_ms" : 1687917604164,
  "time" : "Wed Jun 28 02:00:04 2023",
  "jobs" : [
    {
      "jobname" : "FIOJOB",
      "groupid" : 0,
      "error" : 0,
      "eta" : 0,
      "elapsed" : 13,
      "job options" : {
        "ioengine" : "io_uring",
        "rw" : "randrw",
        "bs" : "4k",
        "iodepth" : "16",
        "numjobs" : "2",
        "rwmixread" : "35",
        "runtime" : "60",
        "loops" : "1",
        "direct" : "1",
        "steadystate" : "iops:10%%",
        "steadystate_duration" : "10",
        "steadystate_ramp_time" : "1",
        "log_avg_msec" : "1000",
        "invalidate" : "1",
        "write_bw_log" : "/home/user/benchmarks/512s/1x/nvme3n1/randrw35/4k/randrw-iodepth-16-numjobs-2",
        "write_lat_log" : "/home/user/benchmarks/512s/1x/nvme3n1/randrw35/4k/randrw-iodepth-16-numjobs-2",
        "write_iops_log" : "/home/user/benchmarks/512s/1x/nvme3n1/randrw35/4k/randrw-iodepth-16-numjobs-2",
        "filename" : "/dev/nvme3n1"
      },
      "read" : {
        "io_bytes" : 1389535232,
        "io_kbytes" : 1356968,
        "bw_bytes" : 116875702,
        "bw" : 114136,
        "iops" : 28534.107158,
        "runtime" : 11889,
        "total_ios" : 339242,
        "short_ios" : 0,
        "drop_ios" : 0,
        "slat_ns" : {
          "min" : 950,
          "max" : 37340,
          "mean" : 3009.093223,
          "stddev" : 1062.806291,
          "N" : 339242
        },
        "clat_ns" : {
          "min" : 47150,
          "max" : 7139000,
          "mean" : 509029.802345,
          "stddev" : 483318.582071,
          "N" : 339242,
          "percentile" : {
            "1.000000" : 79360,
            "5.000000" : 98816,
            "10.000000" : 118272,
            "20.000000" : 162816,
            "30.000000" : 214016,
            "40.000000" : 261120,
            "50.000000" : 317440,
            "60.000000" : 415744,
            "70.000000" : 577536,
            "80.000000" : 790528,
            "90.000000" : 1171456,
            "95.000000" : 1531904,
            "99.000000" : 2179072,
            "99.500000" : 2539520,
            "99.900000" : 3489792,
            "99.950000" : 4145152,
            "99.990000" : 5537792
          }
        },
        "lat_ns" : {
          "min" : 50450,
          "max" : 7141340,
          "mean" : 512038.895567,
          "stddev" : 483221.878173,
          "N" : 339242
        },
        "bw_min" : 110046,
        "bw_max" : 121269,
        "bw_agg" : 50.588377,
        "bw_mean" : 114828.818182,
        "bw_dev" : 4289.479708,
        "bw_samples" : 11,
        "iops_min" : 27510,
        "iops_max" : 30317,
        "iops_mean" : 28707.090909,
        "iops_stddev" : 1072.625420,
        "iops_samples" : 11
      },
      "write" : {
        "io_bytes" : 2576977920,
        "io_kbytes" : 2516580,
        "bw_bytes" : 216753126,
        "bw" : 211672,
        "iops" : 52918.243755,
        "runtime" : 11889,
        "total_ios" : 629145,
        "short_ios" : 0,
        "drop_ios" : 0,
        "slat_ns" : {
          "min" : 1030,
          "max" : 55849,
          "mean" : 3333.698170,
          "stddev" : 1117.085181,
          "N" : 629145
        },
        "clat_ns" : {
          "min" : 270,
          "max" : 787679,
          "mean" : 21285.058339,
          "stddev" : 11223.967955,
          "N" : 629145,
          "percentile" : {
            "1.000000" : 6304,
            "5.000000" : 7840,
            "10.000000" : 9024,
            "20.000000" : 10176,
            "30.000000" : 11968,
            "40.000000" : 15168,
            "50.000000" : 18816,
            "60.000000" : 24448,
            "70.000000" : 29824,
            "80.000000" : 32384,
            "90.000000" : 34560,
            "95.000000" : 38144,
            "99.000000" : 48896,
            "99.500000" : 53504,
            "99.900000" : 63232,
            "99.950000" : 67072,
            "99.990000" : 73216
          }
        },
        "lat_ns" : {
          "min" : 6760,
          "max" : 790939,
          "mean" : 24618.756509,
          "stddev" : 11323.934474,
          "N" : 629145
        },
        "bw_min" : 202790,
        "bw_max" : 226146,
        "bw_agg" : 50.439308,
        "bw_mean" : 212856.454545,
        "bw_dev" : 8522.391535,
        "bw_samples" : 11,
        "iops_min" : 50694,
        "iops_max" : 56536,
        "iops_mean" : 53213.636364,
        "iops_stddev" : 2131.299147,
        "iops_samples" : 11
      },
      "trim" : {
        "io_bytes" : 0,
        "io_kbytes" : 0,
        "bw_bytes" : 0,
        "bw" : 0,
        "iops" : 0.000000,
        "runtime" : 0,
        "total_ios" : 0,
        "short_ios" : 0,
        "drop_ios" : 0,
        "slat_ns" : {
          "min" : 0,
          "max" : 0,
          "mean" : 0.000000,
          "stddev" : 0.000000,
          "N" : 0
        },
        "clat_ns" : {
          "min" : 0,
          "max" : 0,
          "mean" : 0.000000,
          "stddev" : 0.000000,
          "N" : 0
        },
        "lat_ns" : {
          "min" : 0,
          "max" : 0,
          "mean" : 0.000000,
          "stddev" : 0.000000,
          "N" : 0
        },
        "bw_min" : 0,
        "bw_max" : 0,
        "bw_agg" : 0.000000,
        "bw_mean" : 0.000000,
        "bw_dev" : 0.000000,
        "bw_samples" : 0,
        "iops_min" : 0,
        "iops_max" : 0,
        "iops_mean" : 0.000000,
        "iops_stddev" : 0.000000,
        "iops_samples" : 0
      },
      "sync" : {
        "total_ios" : 0,
        "lat_ns" : {
          "min" : 0,
          "max" : 0,
          "mean" : 0.000000,
          "stddev" : 0.000000,
          "N" : 0
        }
      },
      "job_runtime" : 11888,
      "usr_cpu" : 15.932032,
      "sys_cpu" : 32.780956,
      "ctx" : 282331,
      "majf" : 0,
      "minf" : 42,
      "iodepth_level" : {
        "1" : 0.100000,
        "2" : 0.100000,
        "4" : 0.100000,
        "8" : 0.100000,
        "16" : 99.998451,
        "32" : 0.000000,
        ">=64" : 0.000000
      },
      "iodepth_submit" : {
        "0" : 0.000000,
        "4" : 100.000000,
        "8" : 0.000000,
        "16" : 0.000000,
        "32" : 0.000000,
        "64" : 0.000000,
        ">=64" : 0.000000
      },
      "iodepth_complete" : {
        "0" : 0.000000,
        "4" : 99.999897,
        "8" : 0.000000,
        "16" : 0.100000,
        "32" : 0.000000,
        "64" : 0.000000,
        ">=64" : 0.000000
      },
      "latency_ns" : {
        "2" : 0.000000,
        "4" : 0.000000,
        "10" : 0.000000,
        "20" : 0.000000,
        "50" : 0.000000,
        "100" : 0.000000,
        "250" : 0.000000,
        "500" : 0.010000,
        "750" : 0.000000,
        "1000" : 0.010000
      },
      "latency_us" : {
        "2" : 0.010000,
        "4" : 0.010000,
        "10" : 11.097733,
        "20" : 23.044712,
        "50" : 30.274777,
        "100" : 2.435287,
        "250" : 11.280304,
        "500" : 9.791746,
        "750" : 4.475793,
        "1000" : 2.812202
      },
      "latency_ms" : {
        "2" : 4.289711,
        "4" : 0.474087,
        "10" : 0.020963,
        "20" : 0.000000,
        "50" : 0.000000,
        "100" : 0.000000,
        "250" : 0.000000,
        "500" : 0.000000,
        "750" : 0.000000,
        "1000" : 0.000000,
        "2000" : 0.000000,
        ">=2000" : 0.000000
      },
      "latency_depth" : 16,
      "latency_target" : 0,
      "latency_percentile" : 100.000000,
      "latency_window" : 0,
      "steadystate" : {
        "ss" : "iops:10.000000%",
        "duration" : 10,
        "attained" : 1,
        "criterion" : "7.816295%",
        "max_deviation" : 6369.100000,
        "slope" : 0.000000,
        "data" : {
          "bw_mean" : 333763994,
          "iops_mean" : 81484,