{
  "fio version" : "fio-3.33",
  "timestamp" : 1687914959,
  "timestamp_ms" : 1687914959177,
  "time" : "Wed Jun 28 01:15:59 2023",
  "jobs" : [
    {
      "jobname" : "FIOJOB",
      "groupid" : 0,
      "error" : 0,
      "eta" : 0,
      "elapsed" : 25,
      "job options" : {
        "ioengine" : "io_uring",
        "rw" : "randrw",
        "bs" : "4k",
        "iodepth" : "2",
        "numjobs" : "2",
        "rwmixread" : "35",
        "runtime" : "60",
        "loops" : "1",
        "direct" : "1",
        "steadystate" : "iops:10%%",
        "steadystate_duration" : "10",
        "steadystate_ramp_time" : "1",
        "log_avg_msec" : "1000",
        "invalidate" : "1",
        "write_bw_log" : "/home/user/benchmarks/512s/1x/nvme3n1/randrw35/4k/randrw-iodepth-2-numjobs-2",
        "write_lat_log" : "/home/user/benchmarks/512s/1x/nvme3n1/randrw35/4k/randrw-iodepth-2-numjobs-2",
        "write_iops_log" : "/home/user/benchmarks/512s/1x/nvme3n1/randrw35/4k/randrw-iodepth-2-numjobs-2",
        "filename" : "/dev/nvme3n1"
      },
      "read" : {
        "io_bytes" : 1172733952,
        "io_kbytes" : 1145248,
        "bw_bytes" : 49090960,
        "bw" : 47940,
        "iops" : 11985.097744,
        "runtime" : 23889,
        "total_ios" : 286312,
        "short_ios" : 0,
        "drop_ios" : 0,
        "slat_ns" : {
          "min" : 1000,
          "max" : 38770,
          "mean" : 2788.516258,
          "stddev" : 631.606224,
          "N" : 286312
        },
        "clat_ns" : {
          "min" : 41050,
          "max" : 5387190,
          "mean" : 136199.316752,
          "stddev" : 205947.991654,
          "N" : 286312,
          "percentile" : {
            "1.000000" : 61184,
            "5.000000" : 63744,
            "10.000000" : 64768,
            "20.000000" : 69120,
            "30.000000" : 78336,
            "40.000000" : 89600,
            "50.000000" : 95744,
            "60.000000" : 100864,
            "70.000000" : 111104,
            "80.000000" : 121344,
            "90.000000" : 154624,
            "95.000000" : 224256,
            "99.000000" : 1368064,
            "99.500000" : 1613824,
            "99.900000" : 1875968,
            "99.950000" : 2039808,
            "99.990000" : 2736128
          }
        },
        "lat_ns" : {
          "min" : 44030,
          "max" : 5389700,
          "mean" : 138987.833011,
          "stddev" : 205933.385863,
          "N" : 286312
        },
        "bw_min" : 40632,
        "bw_max" : 56420,
        "bw_agg" : 65.367951,
        "bw_mean" : 47720.260870,
        "bw_dev" : 5705.451199,
        "bw_samples" : 23,
        "iops_min" : 10158,
        "iops_max" : 14105,
        "iops_mean" : 11929.913043,
        "iops_stddev" : 1426.321840,
        "iops_samples" : 23
      },
      "write" : {
        "io_bytes" : 2171891712,
        "io_kbytes" : 2120988,
        "bw_bytes" : 90915974,
        "bw" : 88785,
        "iops" : 22196.282808,
        "runtime" : 23889,
        "total_ios" : 530247,
        "short_ios" : 0,
        "drop_ios" : 0,
        "slat_ns" : {
          "min" : 1130,
          "max" : 36050,
          "mean" : 3091.337897,
          "stddev" : 647.451852,
          "N" : 530247
        },
        "clat_ns" : {
          "min" : 250,
          "max" : 51630,
          "mean" : 10415.029120,
          "stddev" : 2395.652993,
          "N" : 530247,
          "percentile" : {
            "1.000000" : 5792,
            "5.000000" : 6112,
            "10.000000" : 7136,
            "20.000000" : 9536,
            "30.000000" : 9664,
            "40.000000" : 9792,
            "50.000000" : 9920,
            "60.000000" : 10816,
            "70.000000" : 11328,
            "80.000000" : 11456,
            "90.000000" : 12096,
            "95.000000" : 16192,
            "99.000000" : 17280,
            "99.500000" : 18304,
            "99.900000" : 23168,
            "99.950000" : 26752,
            "99.990000" : 31616
          }
        },
        "lat_ns" : {
          "min" : 7380,
          "max" : 66071,
          "mean" : 13506.367018,
          "stddev" : 2226.301318,
          "N" : 530247
        },
        "bw_min" : 74426,
        "bw_max" : 106482,
        "bw_agg" : 65.153092,
        "bw_mean" : 88391.130435,
        "bw_dev" : 10737.329380,
        "bw_samples" : 23,
        "iops_min" : 18606,
        "iops_max" : 26620,
        "iops_mean" : 22097.434783,
        "iops_stddev" : 2684.355735,
        "iops_samples" : 23
      },
      "trim" : {
        "io_bytes" : 0,
        "io_kbytes" : 0,
        "bw_bytes" : 0,
        "bw" : 0,
        "iops" : 0.000000,
        "runtime" : 0,
        "total_ios" : 0,
        "short_ios" : 0,
        "drop_ios" : 0,
        "slat_ns" : {
          "min" : 0,
          "max" : 0,
          "mean" : 0.000000,
          "stddev" : 0.000000,
          "N" : 0
        },
        "clat_ns" : {
          "min" : 0,
          "max" : 0,
          "mean" : 0.000000,
          "stddev" : 0.000000,
          "N" : 0
        },
        "lat_ns" : {
          "min" : 0,
          "max" : 0,
          "mean" : 0.000000,
          "stddev" : 0.000000,
          "N" : 0
        },
        "bw_min" : 0,
        "bw_max" : 0,
        "bw_agg" : 0.000000,
        "bw_mean" : 0.000000,
        "bw_dev" : 0.000000,
        "bw_samples" : 0,
        "iops_min" : 0,
        "iops_max" : 0,
        "iops_mean" : 0.000000,
        "iops_stddev" : 0.000000,
        "iops_samples" : 0
      },
      "sync" : {
        "total_ios" : 0,
        "lat_ns" : {
          "min" : 0,
          "max" : 0,
          "mean" : 0.000000,
          "stddev" : 0.000000,
          "N" : 0
        }
      },
      "job_runtime" : 23888,
      "usr_cpu" : 7.426323,
      "sys_cpu" : 18.590924,
      "ctx" : 674995,
      "majf" : 0,
      "minf" : 39,
      "iodepth_level" : {
        "1" : 0.100000,
        "2" : 99.999878,
        "4" : 0.000000,
        "8" : 0.000000,
        "16" : 0.000000,
        "32" : 0.000000,
        ">=64" : 0.000000
      },
      "iodepth_submit" : {
        "0" : 0.000000,
        "4" : 100.000000,
        "8" : 0.000000,
        "16" : 0.000000,
        "32" : 0.000000,
        "64" : 0.000000,
        ">=64" : 0.000000
      },
      "iodepth_complete" : {
        "0" : 0.000000,
        "4" : 100.000000,
        "8" : 0.000000,
        "16" : 0.000000,
        "32" : 0.000000,
        "64" : 0.000000,
        ">=64" : 0.000000
      },
      "latency_ns" : {
        "2" : 0.000000,
        "4" : 0.000000,
        "10" : 0.000000,
        "20" : 0.000000,
        "50" : 0.000000,
        "100" : 0.000000,
        "250" : 0.000000,
        "500" : 0.010000,
        "750" : 0.010000,
        "1000" : 0.010000
      },
      "latency_us" : {
        "2" : 0.010000,
        "4" : 0.010000,
        "10" : 33.879487,
        "20" : 30.858885,
        "50" : 0.240399,
        "100" : 20.436613,
        "250" : 12.964281,
        "500" : 0.398012,
        "750" : 0.304448,
        "1000" : 0.270281
      },
      "latency_ms" : {
        "2" : 0.620776,
        "4" : 0.019717,
        "10" : 0.010000,
        "20" : 0.000000,
        "50" : 0.000000,
        "100" : 0.000000,
        "250" : 0.000000,
        "500" : 0.000000,
        "750" : 0.000000,
        "1000" : 0.000000,
        "2000" : 0.000000,
        ">=2000" : 0.000000
      },
      "latency_depth" : 2,
      "latency_target" : 0,
      "latency_percentile" : 100.000000,
      "latency_window" : 0,
      "steadystate" : {
        "ss" : "iops:10.000000%",
        "duration" : 10,
        "attained" : 1,
        "criterion" : "4.585941%",
        "max_deviation" : 1779.900000,
        "slope" : 0.000000,
        "data" : {
          "bw_mean" : 158975541,
          "iops_mean" : 38812,