{
  "fio version" : "fio-3.33",
  "timestamp" : 1687917542,
  "timestamp_ms" : 1687917542234,
  "time" : "Wed Jun 28 01:59:02 2023",
  "jobs" : [
    {
      "jobname" : "FIOJOB",
      "groupid" : 0,
      "error" : 0,
      "eta" : 0,
      "elapsed" : 13,
      "job options" : {
        "ioengine" : "io_uring",
        "rw" : "randrw",
        "bs" : "4k",
        "iodepth" : "16",
        "numjobs" : "1",
        "rwmixread" : "35",
        "runtime" : "60",
        "loops" : "1",
        "direct" : "1",
        "steadystate" : "iops:10%%",
        "steadystate_duration" : "10",
        "steadystate_ramp_time" : "1",
        "log_avg_msec" : "1000",
        "invalidate" : "1",
        "write_bw_log" : "/home/user/benchmarks/512s/1x/nvme3n1/randrw35/4k/randrw-iodepth-16-numjobs-1",
        "write_lat_log" : "/home/user/benchmarks/512s/1x/nvme3n1/randrw35/4k/randrw-iodepth-16-numjobs-1",
        "write_iops_log" : "/home/user/benchmarks/512s/1x/nvme3n1/randrw35/4k/randrw-iodepth-16-numjobs-1",
        "filename" : "/dev/nvme3n1"
      },
      "read" : {
        "io_bytes" : 2104098816,
        "io_kbytes" : 2054784,
        "bw_bytes" : 176904221,
        "bw" : 172758,
        "iops" : 43189.507315,
        "runtime" : 11894,
        "total_ios" : 513696,
        "short_ios" : 0,
        "drop_ios" : 0,
        "slat_ns" : {
          "min" : 910,
          "max" : 81450,
          "mean" : 2003.834887,
          "stddev" : 897.417620,
          "N" : 513696
        },
        "clat_ns" : {
          "min" : 43030,
          "max" : 7470830,
          "mean" : 334739.406495,
          "stddev" : 331445.586913,
          "N" : 513696,
          "percentile" : {
            "1.000000" : 67072,
            "5.000000" : 84480,
            "10.000000" : 103936,
            "20.000000" : 144384,
            "30.000000" : 189440,
            "40.000000" : 230400,
            "50.000000" : 264192,
            "60.000000" : 296960,
            "70.000000" : 333824,
            "80.000000" : 382976,
            "90.000000" : 536576,
            "95.000000" : 987136,
            "99.000000" : 1859584,
            "99.500000" : 2056192,
            "99.900000" : 2801664,
            "99.950000" : 3129344,
            "99.990000" : 4423680
          }
        },
        "lat_ns" : {
          "min" : 45400,
          "max" : 7474640,
          "mean" : 336743.241382,
          "stddev" : 331422.550420,
          "N" : 513696
        },
        "bw_min" : 158122,
        "bw_max" : 181948,
        "bw_agg" : 100.000000,
        "bw_mean" : 172764.363636,
        "bw_dev" : 6561.561815,
        "bw_samples" : 11,
        "iops_min" : 39530,
        "iops_max" : 45490,
        "iops_mean" : 43191.090909,
        "iops_stddev" : 1640.904717,
        "iops_samples" : 11
      },
      "write" : {
        "io_bytes" : 3906764800,
        "io_kbytes" : 3815200,
        "bw_bytes" : 328465175,
        "bw" : 320766,
        "iops" : 80191.693291,
        "runtime" : 11894,
        "total_ios" : 953800,
        "short_ios" : 0,
        "drop_ios" : 0,
        "slat_ns" : {
          "min" : 980,
          "max" : 89230,
          "mean" : 2256.566284,
          "stddev" : 966.881986,
          "N" : 953800
        },
        "clat_ns" : {
          "min" : 140,
          "max" : 1631040,
          "mean" : 14761.310930,
          "stddev" : 8878.342763,
          "N" : 953800,
          "percentile" : {
            "1.000000" : 5472,
            "5.000000" : 6432,
            "10.000000" : 6816,
            "20.000000" : 7904,
            "30.000000" : 8512,
            "40.000000" : 9408,
            "50.000000" : 11328,
            "60.000000" : 13120,
            "70.000000" : 17280,
            "80.000000" : 24960,
            "90.000000" : 28288,
            "95.000000" : 30336,
            "99.000000" : 35584,
            "99.500000" : 38656,
            "99.900000" : 47360,
            "99.950000" : 51456,
            "99.990000" : 59136
          }
        },
        "lat_ns" : {
          "min" : 6060,
          "max" : 1634370,
          "mean" : 17017.877214,
          "stddev" : 8916.339057,
          "N" : 953800
        },
        "bw_min" : 290374,
        "bw_max" : 335864,
        "bw_agg" : 99.991342,
        "bw_mean" : 320739.363636,
        "bw_dev" : 13515.214096,
        "bw_samples" : 11,
        "iops_min" : 72593,
        "iops_max" : 83969,
        "iops_mean" : 80184.545455,
        "iops_stddev" : 3379.214653,
        "iops_samples" : 11
      },
      "trim" : {
        "io_bytes" : 0,
        "io_kbytes" : 0,
        "bw_bytes" : 0,
        "bw" : 0,
        "iops" : 0.000000,
        "runtime" : 0,
        "total_ios" : 0,
        "short_ios" : 0,
        "drop_ios" : 0,
        "slat_ns" : {
          "min" : 0,
          "max" : 0,
          "mean" : 0.000000,
          "stddev" : 0.000000,
          "N" : 0
        },
        "clat_ns" : {
          "min" : 0,
          "max" : 0,
          "mean" : 0.000000,
          "stddev" : 0.000000,
          "N" : 0
        },
        "lat_ns" : {
          "min" : 0,
          "max" : 0,
          "mean" : 0.000000,
          "stddev" : 0.000000,
          "N" : 0
        },
        "bw_min" : 0,
        "bw_max" : 0,
        "bw_agg" : 0.000000,
        "bw_mean" : 0.000000,
        "bw_dev" : 0.000000,
        "bw_samples" : 0,
        "iops_min" : 0,
        "iops_max" : 0,
        "iops_mean" : 0.000000,
        "iops_stddev" : 0.000000,
        "iops_samples" : 0
      },
      "sync" : {
        "total_ios" : 0,
        "lat_ns" : {
          "min" : 0,
          "max" : 0,
          "mean" : 0.000000,
          "stddev" : 0.000000,
          "N" : 0
        }
      },
      "job_runtime" : 11893,
      "usr_cpu" : 16.858656,
      "sys_cpu" : 32.926932,
      "ctx" : 458162,
      "majf" : 0,
      "minf" : 42,
      "iodepth_level" : {
        "1" : 0.100000,
        "2" : 0.100000,
        "4" : 0.100000,
        "8" : 0.100000,
        "16" : 99.998978,
        "32" : 0.000000,
        ">=64" : 0.000000
      },
      "iodepth_submit" : {
        "0" : 0.000000,
        "4" : 100.000000,
        "8" : 0.000000,
        "16" : 0.000000,
        "32" : 0.000000,
        "64" : 0.000000,
        ">=64" : 0.000000
      },
      "iodepth_complete" : {
        "0" : 0.000000,
        "4" : 99.999932,
        "8" : 0.000000,
        "16" : 0.100000,
        "32" : 0.000000,
        "64" : 0.000000,
        ">=64" : 0.000000
      },
      "latency_ns" : {
        "2" : 0.000000,
        "4" : 0.000000,
        "10" : 0.000000,
        "20" : 0.000000,
        "50" : 0.000000,
        "100" : 0.000000,
        "250" : 0.010000,
        "500" : 0.010000,
        "750" : 0.010000,
        "1000" : 0.000000
      },
      "latency_us" : {
        "2" : 0.010000,
        "4" : 0.010000,
        "10" : 28.658954,
        "20" : 19.459678,
        "50" : 16.828598,
        "100" : 3.239191,
        "250" : 12.889166,
        "500" : 15.013670,
        "750" : 1.478028,
        "1000" : 0.706510
      },
      "latency_ms" : {
        "2" : 1.506921,
        "4" : 0.207292,
        "10" : 0.010000,
        "20" : 0.000000,
        "50" : 0.000000,
        "100" : 0.000000,
        "250" : 0.000000,
        "500" : 0.000000,
        "750" : 0.000000,
        "1000" : 0.000000,
        "2000" : 0.000000,
        ">=2000" : 0.000000
      },
      "latency_depth" : 16,
      "latency_target" : 0,
      "latency_percentile" : 100.000000,
      "latency_window" : 0,
      "steadystate" : {
        "ss" : "iops:10.000000%",
        "duration" : 10,
        "attained" : 1,
        "criterion" : "5.878409%",
        "max_deviation" : 7224.600000,
        "slope" : 0.000000,
        "data" : {
          "bw_mean" : 503402681,
          "iops_mean" : 122900,