{
  "fio version" : "fio-3.33",
  "timestamp" : 1687915772,
  "timestamp_ms" : 1687915772481,
  "time" : "Wed Jun 28 01:29:32 2023",
  "jobs" : [
    {
      "jobname" : "FIOJOB",
      "groupid" : 0,
      "error" : 0,
      "eta" : 0,
      "elapsed" : 25,
      "job options" : {
        "ioengine" : "io_uring",
        "rw" : "randrw",
        "bs" : "4k",
        "iodepth" : "4",
        "numjobs" : "2",
        "rwmixread" : "35",
        "runtime" : "60",
        "loops" : "1",
        "direct" : "1",
        "steadystate" : "iops:10%%",
        "steadystate_duration" : "10",
        "steadystate_ramp_time" : "1",
        "log_avg_msec" : "1000",
        "invalidate" : "1",
        "write_bw_log" : "/home/user/benchmarks/512s/1x/nvme3n1/randrw35/4k/randrw-iodepth-4-numjobs-2",
        "write_lat_log" : "/home/user/benchmarks/512s/1x/nvme3n1/randrw35/4k/randrw-iodepth-4-numjobs-2",
        "write_iops_log" : "/home/user/benchmarks/512s/1x/nvme3n1/randrw35/4k/randrw-iodepth-4-numjobs-2",
        "filename" : "/dev/nvme3n1"
      },
      "read" : {
        "io_bytes" : 1610739712,
        "io_kbytes" : 1572988,
        "bw_bytes" : 67417533,
        "bw" : 65837,
        "iops" : 16459.358781,
        "runtime" : 23892,
        "total_ios" : 393247,
        "short_ios" : 0,
        "drop_ios" : 0,
        "slat_ns" : {
          "min" : 950,
          "max" : 43370,
          "mean" : 2734.153954,
          "stddev" : 816.272178,
          "N" : 393247
        },
        "clat_ns" : {
          "min" : 31510,
          "max" : 6009980,
          "mean" : 212743.083011,
          "stddev" : 259329.518687,
          "N" : 393247,
          "percentile" : {
            "1.000000" : 62208,
            "5.000000" : 64768,
            "10.000000" : 72192,
            "20.000000" : 97792,
            "30.000000" : 116224,
            "40.000000" : 140288,
            "50.000000" : 156672,
            "60.000000" : 175104,
            "70.000000" : 193536,
            "80.000000" : 216064,
            "90.000000" : 280576,
            "95.000000" : 659456,
            "99.000000" : 1597440,
            "99.500000" : 1777664,
            "99.900000" : 2179072,
            "99.950000" : 2506752,
            "99.990000" : 3620864
          }
        },
        "lat_ns" : {
          "min" : 45450,
          "max" : 6012290,
          "mean" : 215477.236966,
          "stddev" : 259299.679342,
          "N" : 393247
        },
        "bw_min" : 51071,
        "bw_max" : 78992,
        "bw_agg" : 65.786514,
        "bw_mean" : 65429.869565,
        "bw_dev" : 10081.743271,
        "bw_samples" : 23,
        "iops_min" : 12767,
        "iops_max" : 19748,
        "iops_mean" : 16357.260870,
        "iops_stddev" : 2520.518655,
        "iops_samples" : 23
      },
      "write" : {
        "io_bytes" : 2988302336,
        "io_kbytes" : 2918264,
        "bw_bytes" : 125075436,
        "bw" : 122143,
        "iops" : 30535.995312,
        "runtime" : 23892,
        "total_ios" : 729566,
        "short_ios" : 0,
        "drop_ios" : 0,
        "slat_ns" : {
          "min" : 1049,
          "max" : 47729,
          "mean" : 3115.362621,
          "stddev" : 893.468618,
          "N" : 729566
        },
        "clat_ns" : {
          "min" : 220,
          "max" : 117230,
          "mean" : 10195.128812,
          "stddev" : 2833.970453,
          "N" : 729566,
          "percentile" : {
            "1.000000" : 6048,
            "5.000000" : 6368,
            "10.000000" : 6624,
            "20.000000" : 8160,
            "30.000000" : 9408,
            "40.000000" : 9920,
            "50.000000" : 9920,
            "60.000000" : 10048,
            "70.000000" : 10176,
            "80.000000" : 11584,
            "90.000000" : 13888,
            "95.000000" : 16320,
            "99.000000" : 18816,
            "99.500000" : 20864,
            "99.900000" : 26496,
            "99.950000" : 28544,
            "99.990000" : 36096
          }
        },
        "lat_ns" : {
          "min" : 6330,
          "max" : 120550,
          "mean" : 13310.491433,
          "stddev" : 2908.627630,
          "N" : 729566
        },
        "bw_min" : 95699,
        "bw_max" : 146250,
        "bw_agg" : 65.690664,
        "bw_mean" : 121469.652174,
        "bw_dev" : 18871.232471,
        "bw_samples" : 23,
        "iops_min" : 23925,
        "iops_max" : 36562,
        "iops_mean" : 30367.217391,
        "iops_stddev" : 4717.823583,
        "iops_samples" : 23
      },
      "trim" : {
        "io_bytes" : 0,
        "io_kbytes" : 0,
        "bw_bytes" : 0,
        "bw" : 0,
        "iops" : 0.000000,
        "runtime" : 0,
        "total_ios" : 0,
        "short_ios" : 0,
        "drop_ios" : 0,
        "slat_ns" : {
          "min" : 0,
          "max" : 0,
          "mean" : 0.000000,
          "stddev" : 0.000000,
          "N" : 0
        },
        "clat_ns" : {
          "min" : 0,
          "max" : 0,
          "mean" : 0.000000,
          "stddev" : 0.000000,
          "N" : 0
        },
        "lat_ns" : {
          "min" : 0,
          "max" : 0,
          "mean" : 0.000000,
          "stddev" : 0.000000,
          "N" : 0
        },
        "bw_min" : 0,
        "bw_max" : 0,
        "bw_agg" : 0.000000,
        "bw_mean" : 0.000000,
        "bw_dev" : 0.000000,
        "bw_samples" : 0,
        "iops_min" : 0,
        "iops_max" : 0,
        "iops_mean" : 0.000000,
        "iops_stddev" : 0.000000,
        "iops_samples" : 0
      },
      "sync" : {
        "total_ios" : 0,
        "lat_ns" : {
          "min" : 0,
          "max" : 0,
          "mean" : 0.000000,
          "stddev" : 0.000000,
          "N" : 0
        }
      },
      "job_runtime" : 23891,
      "usr_cpu" : 9.689841,
      "sys_cpu" : 23.481646,
      "ctx" : 746749,
      "majf" : 0,
      "minf" : 42,
      "iodepth_level" : {
        "1" : 0.100000,
        "2" : 0.100000,
        "4" : 99.999733,
        "8" : 0.000000,
        "16" : 0.000000,
        "32" : 0.000000,
        ">=64" : 0.000000
      },
      "iodepth_submit" : {
        "0" : 0.000000,
        "4" : 100.000000,
        "8" : 0.000000,
        "16" : 0.000000,
        "32" : 0.000000,
        "64" : 0.000000,
        ">=64" : 0.000000
      },
      "iodepth_complete" : {
        "0" : 0.000000,
        "4" : 100.000000,
        "8" : 0.000000,
        "16" : 0.000000,
        "32" : 0.000000,
        "64" : 0.000000,
        ">=64" : 0.000000
      },
      "latency_ns" : {
        "2" : 0.000000,
        "4" : 0.000000,
        "10" : 0.000000,
        "20" : 0.000000,
        "50" : 0.000000,
        "100" : 0.000000,
        "250" : 0.010000,
        "500" : 0.010000,
        "750" : 0.010000,
        "1000" : 0.010000
      },
      "latency_us" : {
        "2" : 0.010000,
        "4" : 0.010000,
        "10" : 33.470400,
        "20" : 31.026449,
        "50" : 0.489218,
        "100" : 7.511937,
        "250" : 23.422422,
        "500" : 1.799854,
        "750" : 0.783390,
        "1000" : 0.514868
      },
      "latency_ms" : {
        "2" : 0.903178,
        "4" : 0.061275,
        "10" : 0.010000,
        "20" : 0.000000,
        "50" : 0.000000,
        "100" : 0.000000,
        "250" : 0.000000,
        "500" : 0.000000,
        "750" : 0.000000,
        "1000" : 0.000000,
        "2000" : 0.000000,
        ">=2000" : 0.000000
      },
      "latency_depth" : 4,
      "latency_target" : 0,
      "latency_percentile" : 100.000000,
      "latency_window" : 0,
      "steadystate" : {
        "ss" : "iops:10.000000%",
        "duration" : 10,
        "attained" : 1,
        "criterion" : "3.767915%",
        "max_deviation" : 2076.400000,
        "slope" : 0.000000,
        "data" : {
          "bw_mean" : 225721329,
          "iops_mean" : 55107,