{
  "fio version" : "fio-3.33",
  "timestamp" : 1687916617,
  "timestamp_ms" : 1687916617202,
  "time" : "Wed Jun 28 01:43:37 2023",
  "jobs" : [
    {
      "jobname" : "FIOJOB",
      "groupid" : 0,
      "error" : 0,
      "eta" : 0,
      "elapsed" : 13,
      "job options" : {
        "ioengine" : "io_uring",
        "rw" : "randrw",
        "bs" : "4k",
        "iodepth" : "8",
        "numjobs" : "1",
        "rwmixread" : "35",
        "runtime" : "60",
        "loops" : "1",
        "direct" : "1",
        "steadystate" : "iops:10%%",
        "steadystate_duration" : "10",
        "steadystate_ramp_time" : "1",
        "log_avg_msec" : "1000",
        "invalidate" : "1",
        "write_bw_log" : "/home/user/benchmarks/512s/1x/nvme3n1/randrw35/4k/randrw-iodepth-8-numjobs-1",
        "write_lat_log" : "/home/user/benchmarks/512s/1x/nvme3n1/randrw35/4k/randrw-iodepth-8-numjobs-1",
        "write_iops_log" : "/home/user/benchmarks/512s/1x/nvme3n1/randrw35/4k/randrw-iodepth-8-numjobs-1",
        "filename" : "/dev/nvme3n1"
      },
      "read" : {
        "io_bytes" : 1301434368,
        "io_kbytes" : 1270932,
        "bw_bytes" : 109447007,
        "bw" : 106881,
        "iops" : 26720.460853,
        "runtime" : 11891,
        "total_ios" : 317733,
        "short_ios" : 0,
        "drop_ios" : 0,
        "slat_ns" : {
          "min" : 940,
          "max" : 27370,
          "mean" : 2711.579131,
          "stddev" : 938.939644,
          "N" : 317733
        },
        "clat_ns" : {
          "min" : 41480,
          "max" : 8421789,
          "mean" : 268707.963803,
          "stddev" : 264988.730171,
          "N" : 317733,
          "percentile" : {
            "1.000000" : 62720,
            "5.000000" : 69120,
            "10.000000" : 90624,
            "20.000000" : 130560,
            "30.000000" : 177152,
            "40.000000" : 209920,
            "50.000000" : 234496,
            "60.000000" : 257024,
            "70.000000" : 280576,
            "80.000000" : 309248,
            "90.000000" : 358400,
            "95.000000" : 493568,
            "99.000000" : 1728512,
            "99.500000" : 1925120,
            "99.900000" : 2342912,
            "99.950000" : 2768896,
            "99.990000" : 3883008
          }
        },
        "lat_ns" : {
          "min" : 44880,
          "max" : 8424069,
          "mean" : 271419.542934,
          "stddev" : 264953.112447,
          "N" : 317733
        },
        "bw_min" : 102214,
        "bw_max" : 110608,
        "bw_agg" : 99.856998,
        "bw_mean" : 106730.000000,
        "bw_dev" : 2132.610091,
        "bw_samples" : 11,
        "iops_min" : 25553,
        "iops_max" : 27652,
        "iops_mean" : 26682.454545,
        "iops_stddev" : 533.272794,
        "iops_samples" : 11
      },
      "write" : {
        "io_bytes" : 2411872256,
        "io_kbytes" : 2355344,
        "bw_bytes" : 202831742,
        "bw" : 198077,
        "iops" : 49519.468506,
        "runtime" : 11891,
        "total_ios" : 588836,
        "short_ios" : 0,
        "drop_ios" : 0,
        "slat_ns" : {
          "min" : 1020,
          "max" : 31910,
          "mean" : 3005.758267,
          "stddev" : 980.329386,
          "N" : 588836
        },
        "clat_ns" : {
          "min" : 250,
          "max" : 95940,
          "mean" : 10482.281678,
          "stddev" : 3972.401572,
          "N" : 588836,
          "percentile" : {
            "1.000000" : 5792,
            "5.000000" : 6112,
            "10.000000" : 6752,
            "20.000000" : 7712,
            "30.000000" : 8640,
            "40.000000" : 9408,
            "50.000000" : 9664,
            "60.000000" : 9664,
            "70.000000" : 9920,
            "80.000000" : 13120,
            "90.000000" : 15808,
            "95.000000" : 18304,
            "99.000000" : 24960,
            "99.500000" : 27520,
            "99.900000" : 33024,
            "99.950000" : 35584,
            "99.990000" : 41216
          }
        },
        "lat_ns" : {
          "min" : 6191,
          "max" : 100940,
          "mean" : 13488.039945,
          "stddev" : 4268.736356,
          "N" : 588836
        },
        "bw_min" : 192272,
        "bw_max" : 204544,
        "bw_agg" : 99.834473,
        "bw_mean" : 197750.818182,
        "bw_dev" : 3750.574858,
        "bw_samples" : 11,
        "iops_min" : 48068,
        "iops_max" : 51136,
        "iops_mean" : 49437.363636,
        "iops_stddev" : 937.565387,
        "iops_samples" : 11
      },
      "trim" : {
        "io_bytes" : 0,
        "io_kbytes" : 0,
        "bw_bytes" : 0,
        "bw" : 0,
        "iops" : 0.000000,
        "runtime" : 0,
        "total_ios" : 0,
        "short_ios" : 0,
        "drop_ios" : 0,
        "slat_ns" : {
          "min" : 0,
          "max" : 0,
          "mean" : 0.000000,
          "stddev" : 0.000000,
          "N" : 0
        },
        "clat_ns" : {
          "min" : 0,
          "max" : 0,
          "mean" : 0.000000,
          "stddev" : 0.000000,
          "N" : 0
        },
        "lat_ns" : {
          "min" : 0,
          "max" : 0,
          "mean" : 0.000000,
          "stddev" : 0.000000,
          "N" : 0
        },
        "bw_min" : 0,
        "bw_max" : 0,
        "bw_agg" : 0.000000,
        "bw_mean" : 0.000000,
        "bw_dev" : 0.000000,
        "bw_samples" : 0,
        "iops_min" : 0,
        "iops_max" : 0,
        "iops_mean" : 0.000000,
        "iops_stddev" : 0.000000,
        "iops_samples" : 0
      },
      "sync" : {
        "total_ios" : 0,
        "lat_ns" : {
          "min" : 0,
          "max" : 0,
          "mean" : 0.000000,
          "stddev" : 0.000000,
          "N" : 0
        }
      },
      "job_runtime" : 11890,
      "usr_cpu" : 14.886459,
      "sys_cpu" : 33.465097,
      "ctx" : 396848,
      "majf" : 0,
      "minf" : 40,
      "iodepth_level" : {
        "1" : 0.100000,
        "2" : 0.100000,
        "4" : 0.100000,
        "8" : 99.999228,
        "16" : 0.000000,
        "32" : 0.000000,
        ">=64" : 0.000000
      },
      "iodepth_submit" : {
        "0" : 0.000000,
        "4" : 100.000000,
        "8" : 0.000000,
        "16" : 0.000000,
        "32" : 0.000000,
        "64" : 0.000000,
        ">=64" : 0.000000
      },
      "iodepth_complete" : {
        "0" : 0.000000,
        "4" : 99.999890,
        "8" : 0.100000,
        "16" : 0.000000,
        "32" : 0.000000,
        "64" : 0.000000,
        ">=64" : 0.000000
      },
      "latency_ns" : {
        "2" : 0.000000,
        "4" : 0.000000,
        "10" : 0.000000,
        "20" : 0.000000,
        "50" : 0.000000,
        "100" : 0.000000,
        "250" : 0.000000,
        "500" : 0.010000,
        "750" : 0.010000,
        "1000" : 0.010000
      },
      "latency_us" : {
        "2" : 0.010000,
        "4" : 0.010000,
        "10" : 46.936196,
        "20" : 15.806078,
        "50" : 2.217482,
        "100" : 4.280645,
        "250" : 15.608189,
        "500" : 13.417842,
        "750" : 0.485567,
        "1000" : 0.282825
      },
      "latency_ms" : {
        "2" : 0.832259,
        "4" : 0.123432,
        "10" : 0.010000,
        "20" : 0.000000,
        "50" : 0.000000,
        "100" : 0.000000,
        "250" : 0.000000,
        "500" : 0.000000,
        "750" : 0.000000,
        "1000" : 0.000000,
        "2000" : 0.000000,
        ">=2000" : 0.000000
      },
      "latency_depth" : 8,
      "latency_target" : 0,
      "latency_percentile" : 100.000000,
      "latency_window" : 0,
      "steadystate" : {
        "ss" : "iops:10.000000%",
        "duration" : 10,
        "attained" : 1,
        "criterion" : "4.910551%",
        "max_deviation" : 3748.700000,
        "slope" : 0.000000,
        "data" : {
          "bw_mean" : 312689386,
          "iops_mean" : 76339,