{
  "fio version" : "fio-3.33",
  "timestamp" : 1687914187,
  "timestamp_ms" : 1687914187003,
  "time" : "Wed Jun 28 01:03:07 2023",
  "jobs" : [
    {
      "jobname" : "FIOJOB",
      "groupid" : 0,
      "error" : 0,
      "eta" : 0,
      "elapsed" : 13,
      "job options" : {
        "ioengine" : "io_uring",
        "rw" : "randrw",
        "bs" : "4k",
        "iodepth" : "1",
        "numjobs" : "2",
        "rwmixread" : "35",
        "runtime" : "60",
        "loops" : "1",
        "direct" : "1",
        "steadystate" : "iops:10%%",
        "steadystate_duration" : "10",
        "steadystate_ramp_time" : "1",
        "log_avg_msec" : "1000",
        "invalidate" : "1",
        "write_bw_log" : "/home/user/benchmarks/512s/1x/nvme3n1/randrw35/4k/randrw-iodepth-1-numjobs-2",
        "write_lat_log" : "/home/user/benchmarks/512s/1x/nvme3n1/randrw35/4k/randrw-iodepth-1-numjobs-2",
        "write_iops_log" : "/home/user/benchmarks/512s/1x/nvme3n1/randrw35/4k/randrw-iodepth-1-numjobs-2",
        "filename" : "/dev/nvme3n1"
      },
      "read" : {
        "io_bytes" : 360222720,
        "io_kbytes" : 351780,
        "bw_bytes" : 30298824,
        "bw" : 29588,
        "iops" : 7397.173858,
        "runtime" : 11889,
        "total_ios" : 87945,
        "short_ios" : 0,
        "drop_ios" : 0,
        "slat_ns" : {
          "min" : 990,
          "max" : 17540,
          "mean" : 2445.195816,
          "stddev" : 536.157036,
          "N" : 87945
        },
        "clat_ns" : {
          "min" : 43560,
          "max" : 2891030,
          "mean" : 105815.468634,
          "stddev" : 187995.908196,
          "N" : 87945,
          "percentile" : {
            "1.000000" : 59648,
            "5.000000" : 60672,
            "10.000000" : 64256,
            "20.000000" : 65280,
            "30.000000" : 66048,
            "40.000000" : 66048,
            "50.000000" : 68096,
            "60.000000" : 77312,
            "70.000000" : 78336,
            "80.000000" : 86528,
            "90.000000" : 104960,
            "95.000000" : 119296,
            "99.000000" : 1286144,
            "99.500000" : 1581056,
            "99.900000" : 1892352,
            "99.950000" : 1974272,
            "99.990000" : 2244608
          }
        },
        "lat_ns" : {
          "min" : 44920,
          "max" : 2894900,
          "mean" : 108260.664449,
          "stddev" : 188000.107226,
          "N" : 87945
        },
        "bw_min" : 27495,
        "bw_max" : 33412,
        "bw_agg" : 49.395152,
        "bw_mean" : 29553.454545,
        "bw_dev" : 1905.040386,
        "bw_samples" : 11,
        "iops_min" : 6873,
        "iops_max" : 8354,
        "iops_mean" : 7388.090909,
        "iops_stddev" : 476.630141,
        "iops_samples" : 11
      },
      "write" : {
        "io_bytes" : 666116096,
        "io_kbytes" : 650504,
        "bw_bytes" : 56027933,
        "bw" : 54714,
        "iops" : 13678.694592,
        "runtime" : 11889,
        "total_ios" : 162626,
        "short_ios" : 0,
        "drop_ios" : 0,
        "slat_ns" : {
          "min" : 1090,
          "max" : 36500,
          "mean" : 2666.867321,
          "stddev" : 586.894447,
          "N" : 162626
        },
        "clat_ns" : {
          "min" : 610,
          "max" : 36620,
          "mean" : 10456.441381,
          "stddev" : 1794.650486,
          "N" : 162626,
          "percentile" : {
            "1.000000" : 5856,
            "5.000000" : 6240,
            "10.000000" : 6496,
            "20.000000" : 10432,
            "30.000000" : 10560,
            "40.000000" : 10816,
            "50.000000" : 10944,
            "60.000000" : 11072,
            "70.000000" : 11200,
            "80.000000" : 11328,
            "90.000000" : 11584,
            "95.000000" : 12224,
            "99.000000" : 13248,
            "99.500000" : 13760,
            "99.900000" : 21632,
            "99.950000" : 22400,
            "99.990000" : 24448
          }
        },
        "lat_ns" : {
          "min" : 6760,
          "max" : 60890,
          "mean" : 13123.308702,
          "stddev" : 2311.908461,
          "N" : 162626
        },
        "bw_min" : 50690,
        "bw_max" : 61872,
        "bw_agg" : 49.007209,
        "bw_mean" : 54556.363636,
        "bw_dev" : 3601.504860,
        "bw_samples" : 11,
        "iops_min" : 12672,
        "iops_max" : 15469,
        "iops_mean" : 13638.818182,
        "iops_stddev" : 900.753553,
        "iops_samples" : 11
      },
      "trim" : {
        "io_bytes" : 0,
        "io_kbytes" : 0,
        "bw_bytes" : 0,
        "bw" : 0,
        "iops" : 0.000000,
        "runtime" : 0,
        "total_ios" : 0,
        "short_ios" : 0,
        "drop_ios" : 0,
        "slat_ns" : {
          "min" : 0,
          "max" : 0,
          "mean" : 0.000000,
          "stddev" : 0.000000,
          "N" : 0
        },
        "clat_ns" : {
          "min" : 0,
          "max" : 0,
          "mean" : 0.000000,
          "stddev" : 0.000000,
          "N" : 0
        },
        "lat_ns" : {
          "min" : 0,
          "max" : 0,
          "mean" : 0.000000,
          "stddev" : 0.000000,
          "N" : 0
        },
        "bw_min" : 0,
        "bw_max" : 0,
        "bw_agg" : 0.000000,
        "bw_mean" : 0.000000,
        "bw_dev" : 0.000000,
        "bw_samples" : 0,
        "iops_min" : 0,
        "iops_max" : 0,
        "iops_mean" : 0.000000,
        "iops_stddev" : 0.000000,
        "iops_samples" : 0
      },
      "sync" : {
        "total_ios" : 0,
        "lat_ns" : {
          "min" : 0,
          "max" : 0,
          "mean" : 0.000000,
          "stddev" : 0.000000,
          "N" : 0
        }
      },
      "job_runtime" : 11888,
      "usr_cpu" : 4.323688,
      "sys_cpu" : 11.431696,
      "ctx" : 250564,
      "majf" : 0,
      "minf" : 39,
      "iodepth_level" : {
        "1" : 100.000000,
        "2" : 0.000000,
        "4" : 0.000000,
        "8" : 0.000000,
        "16" : 0.000000,
        "32" : 0.000000,
        ">=64" : 0.000000
      },
      "iodepth_submit" : {
        "0" : 0.000000,
        "4" : 100.000000,
        "8" : 0.000000,
        "16" : 0.000000,
        "32" : 0.000000,
        "64" : 0.000000,
        ">=64" : 0.000000
      },
      "iodepth_complete" : {
        "0" : 0.000000,
        "4" : 100.000000,
        "8" : 0.000000,
        "16" : 0.000000,
        "32" : 0.000000,
        "64" : 0.000000,
        ">=64" : 0.000000
      },
      "latency_ns" : {
        "2" : 0.000000,
        "4" : 0.000000,
        "10" : 0.000000,
        "20" : 0.000000,
        "50" : 0.000000,
        "100" : 0.000000,
        "250" : 0.000000,
        "500" : 0.000000,
        "750" : 0.010000,
        "1000" : 0.010000
      },
      "latency_us" : {
        "2" : 0.010000,
        "4" : 0.010000,
        "10" : 10.012731,
        "20" : 54.809216,
        "50" : 0.083010,
        "100" : 30.709460,
        "250" : 3.305650,
        "500" : 0.172007,
        "750" : 0.177594,
        "1000" : 0.176397
      },
      "latency_ms" : {
        "2" : 0.537971,
        "4" : 0.014367,
        "10" : 0.000000,
        "20" : 0.000000,
        "50" : 0.000000,
        "100" : 0.000000,
        "250" : 0.000000,
        "500" : 0.000000,
        "750" : 0.000000,
        "1000" : 0.000000,
        "2000" : 0.000000,
        ">=2000" : 0.000000
      },
      "latency_depth" : 1,
      "latency_target" : 0,
      "latency_percentile" : 100.000000,
      "latency_window" : 0,
      "steadystate" : {
        "ss" : "iops:10.000000%",
        "duration" : 10,
        "attained" : 1,
        "criterion" : "8.332178%",
        "max_deviation" : 1743.100000,
        "slope" : 0.000000,
        "data" : {
          "bw_mean" : 85689456,
          "iops_mean" : 20920,