{
  "fio version" : "fio-3.33",
  "timestamp" : 1687914863,
  "timestamp_ms" : 1687914863259,
  "time" : "Wed Jun 28 01:14:23 2023",
  "jobs" : [
    {
      "jobname" : "FIOJOB",
      "groupid" : 0,
      "error" : 0,
      "eta" : 0,
      "elapsed" : 13,
      "job options" : {
        "ioengine" : "io_uring",
        "rw" : "randrw",
        "bs" : "4k",
        "iodepth" : "2",
        "numjobs" : "1",
        "rwmixread" : "35",
        "runtime" : "60",
        "loops" : "1",
        "direct" : "1",
        "steadystate" : "iops:10%%",
        "steadystate_duration" : "10",
        "steadystate_ramp_time" : "1",
        "log_avg_msec" : "1000",
        "invalidate" : "1",
        "write_bw_log" : "/home/user/benchmarks/512s/1x/nvme3n1/randrw35/4k/randrw-iodepth-2-numjobs-1",
        "write_lat_log" : "/home/user/benchmarks/512s/1x/nvme3n1/randrw35/4k/randrw-iodepth-2-numjobs-1",
        "write_iops_log" : "/home/user/benchmarks/512s/1x/nvme3n1/randrw35/4k/randrw-iodepth-2-numjobs-1",
        "filename" : "/dev/nvme3n1"
      },
      "read" : {
        "io_bytes" : 700182528,
        "io_kbytes" : 683772,
        "bw_bytes" : 58893307,
        "bw" : 57512,
        "iops" : 14378.248801,
        "runtime" : 11889,
        "total_ios" : 170943,
        "short_ios" : 0,
        "drop_ios" : 0,
        "slat_ns" : {
          "min" : 1069,
          "max" : 27840,
          "mean" : 2689.249013,
          "stddev" : 628.988963,
          "N" : 170943
        },
        "clat_ns" : {
          "min" : 33130,
          "max" : 5316529,
          "mean" : 109324.446634,
          "stddev" : 150542.960170,
          "N" : 170943,
          "percentile" : {
            "1.000000" : 60160,
            "5.000000" : 62720,
            "10.000000" : 63744,
            "20.000000" : 66048,
            "30.000000" : 75264,
            "40.000000" : 80384,
            "50.000000" : 91648,
            "60.000000" : 95744,
            "70.000000" : 101888,
            "80.000000" : 110080,
            "90.000000" : 121344,
            "95.000000" : 144384,
            "99.000000" : 987136,
            "99.500000" : 1466368,
            "99.900000" : 1777664,
            "99.950000" : 1843200,
            "99.990000" : 2277376
          }
        },
        "lat_ns" : {
          "min" : 44460,
          "max" : 5318919,
          "mean" : 112013.695647,
          "stddev" : 150518.528377,
          "N" : 170943
        },
        "bw_min" : 55339,
        "bw_max" : 61029,
        "bw_agg" : 100.000000,
        "bw_mean" : 57559.727273,
        "bw_dev" : 1915.950891,
        "bw_samples" : 11,
        "iops_min" : 13834,
        "iops_max" : 15257,
        "iops_mean" : 14389.727273,
        "iops_stddev" : 478.924857,
        "iops_samples" : 11
      },
      "write" : {
        "io_bytes" : 1298423808,
        "io_kbytes" : 1267992,
        "bw_bytes" : 109212196,
        "bw" : 106652,
        "iops" : 26663.133989,
        "runtime" : 11889,
        "total_ios" : 316998,
        "short_ios" : 0,
        "drop_ios" : 0,
        "slat_ns" : {
          "min" : 1160,
          "max" : 28630,
          "mean" : 2971.640644,
          "stddev" : 646.197944,
          "N" : 316998
        },
        "clat_ns" : {
          "min" : 290,
          "max" : 46220,
          "mean" : 10077.119875,
          "stddev" : 2349.130837,
          "N" : 316998,
          "percentile" : {
            "1.000000" : 5600,
            "5.000000" : 5856,
            "10.000000" : 6304,
            "20.000000" : 9152,
            "30.000000" : 9408,
            "40.000000" : 9536,
            "50.000000" : 9792,
            "60.000000" : 10688,
            "70.000000" : 10944,
            "80.000000" : 11200,
            "90.000000" : 11584,
            "95.000000" : 15680,
            "99.000000" : 16768,
            "99.500000" : 17536,
            "99.900000" : 23168,
            "99.950000" : 26496,
            "99.990000" : 30592
          }
        },
        "lat_ns" : {
          "min" : 6490,
          "max" : 58250,
          "mean" : 13048.760519,
          "stddev" : 2164.023581,
          "N" : 316998
        },
        "bw_min" : 101941,
        "bw_max" : 112956,
        "bw_agg" : 99.961993,
        "bw_mean" : 106612.454545,
        "bw_dev" : 3631.365704,
        "bw_samples" : 11,
        "iops_min" : 25485,
        "iops_max" : 28239,
        "iops_mean" : 26653.000000,
        "iops_stddev" : 907.861443,
        "iops_samples" : 11
      },
      "trim" : {
        "io_bytes" : 0,
        "io_kbytes" : 0,
        "bw_bytes" : 0,
        "bw" : 0,
        "iops" : 0.000000,
        "runtime" : 0,
        "total_ios" : 0,
        "short_ios" : 0,
        "drop_ios" : 0,
        "slat_ns" : {
          "min" : 0,
          "max" : 0,
          "mean" : 0.000000,
          "stddev" : 0.000000,
          "N" : 0
        },
        "clat_ns" : {
          "min" : 0,
          "max" : 0,
          "mean" : 0.000000,
          "stddev" : 0.000000,
          "N" : 0
        },
        "lat_ns" : {
          "min" : 0,
          "max" : 0,
          "mean" : 0.000000,
          "stddev" : 0.000000,
          "N" : 0
        },
        "bw_min" : 0,
        "bw_max" : 0,
        "bw_agg" : 0.000000,
        "bw_mean" : 0.000000,
        "bw_dev" : 0.000000,
        "bw_samples" : 0,
        "iops_min" : 0,
        "iops_max" : 0,
        "iops_mean" : 0.000000,
        "iops_stddev" : 0.000000,
        "iops_samples" : 0
      },
      "sync" : {
        "total_ios" : 0,
        "lat_ns" : {
          "min" : 0,
          "max" : 0,
          "mean" : 0.000000,
          "stddev" : 0.000000,
          "N" : 0
        }
      },
      "job_runtime" : 11888,
      "usr_cpu" : 8.386608,
      "sys_cpu" : 21.904441,
      "ctx" : 399926,
      "majf" : 0,
      "minf" : 41,
      "iodepth_level" : {
        "1" : 0.100000,
        "2" : 99.999795,
        "4" : 0.000000,
        "8" : 0.000000,
        "16" : 0.000000,
        "32" : 0.000000,
        ">=64" : 0.000000
      },
      "iodepth_submit" : {
        "0" : 0.000000,
        "4" : 100.000000,
        "8" : 0.000000,
        "16" : 0.000000,
        "32" : 0.000000,
        "64" : 0.000000,
        ">=64" : 0.000000
      },
      "iodepth_complete" : {
        "0" : 0.000000,
        "4" : 100.000000,
        "8" : 0.000000,
        "16" : 0.000000,
        "32" : 0.000000,
        "64" : 0.000000,
        ">=64" : 0.000000
      },
      "latency_ns" : {
        "2" : 0.000000,
        "4" : 0.000000,
        "10" : 0.000000,
        "20" : 0.000000,
        "50" : 0.000000,
        "100" : 0.000000,
        "250" : 0.000000,
        "500" : 0.010000,
        "750" : 0.000000,
        "1000" : 0.010000
      },
      "latency_us" : {
        "2" : 0.010000,
        "4" : 0.010000,
        "10" : 34.914877,
        "20" : 29.862217,
        "50" : 0.329343,
        "100" : 23.861082,
        "250" : 10.326044,
        "500" : 0.141001,
        "750" : 0.107595,
        "1000" : 0.105955
      },
      "latency_ms" : {
        "2" : 0.337541,
        "4" : 0.010000,
        "10" : 0.010000,
        "20" : 0.000000,
        "50" : 0.000000,
        "100" : 0.000000,
        "250" : 0.000000,
        "500" : 0.000000,
        "750" : 0.000000,
        "1000" : 0.000000,
        "2000" : 0.000000,
        ">=2000" : 0.000000
      },
      "latency_depth" : 2,
      "latency_target" : 0,
      "latency_percentile" : 100.000000,
      "latency_window" : 0,
      "steadystate" : {
        "ss" : "iops:10.000000%",
        "duration" : 10,
        "attained" : 1,
        "criterion" : "5.193527%",
        "max_deviation" : 2141.800000,
        "slope" : 0.000000,
        "data" : {
          "bw_mean" : 168919235,
          "iops_mean" : 41239,