{
  "fio version" : "fio-3.33",
  "timestamp" : 1687914126,
  "timestamp_ms" : 1687914126073,
  "time" : "Wed Jun 28 01:02:06 2023",
  "jobs" : [
    {
      "jobname" : "FIOJOB",
      "groupid" : 0,
      "error" : 0,
      "eta" : 0,
      "elapsed" : 13,
      "job options" : {
        "ioengine" : "io_uring",
        "rw" : "randrw",
        "bs" : "4k",
        "iodepth" : "1",
        "numjobs" : "1",
        "rwmixread" : "35",
        "runtime" : "60",
        "loops" : "1",
        "direct" : "1",
        "steadystate" : "iops:10%%",
        "steadystate_duration" : "10",
        "steadystate_ramp_time" : "1",
        "log_avg_msec" : "1000",
        "invalidate" : "1",
        "write_bw_log" : "/home/user/benchmarks/512s/1x/nvme3n1/randrw35/4k/randrw-iodepth-1-numjobs-1",
        "write_lat_log" : "/home/user/benchmarks/512s/1x/nvme3n1/randrw35/4k/randrw-iodepth-1-numjobs-1",
        "write_iops_log" : "/home/user/benchmarks/512s/1x/nvme3n1/randrw35/4k/randrw-iodepth-1-numjobs-1",
        "filename" : "/dev/nvme3n1"
      },
      "read" : {
        "io_bytes" : 455053312,
        "io_kbytes" : 444388,
        "bw_bytes" : 38275154,
        "bw" : 37378,
        "iops" : 9344.520145,
        "runtime" : 11889,
        "total_ios" : 111097,
        "short_ios" : 0,
        "drop_ios" : 0,
        "slat_ns" : {
          "min" : 1070,
          "max" : 24220,
          "mean" : 2518.042584,
          "stddev" : 207.925530,
          "N" : 111097
        },
        "clat_ns" : {
          "min" : 44400,
          "max" : 2430480,
          "mean" : 79387.350730,
          "stddev" : 89871.402236,
          "N" : 111097,
          "percentile" : {
            "1.000000" : 56576,
            "5.000000" : 62720,
            "10.000000" : 63232,
            "20.000000" : 63744,
            "30.000000" : 64256,
            "40.000000" : 64768,
            "50.000000" : 66048,
            "60.000000" : 74240,
            "70.000000" : 76288,
            "80.000000" : 77312,
            "90.000000" : 96768,
            "95.000000" : 108032,
            "99.000000" : 142336,
            "99.500000" : 626688,
            "99.900000" : 1646592,
            "99.950000" : 1712128,
            "99.990000" : 1794048
          }
        },
        "lat_ns" : {
          "min" : 46860,
          "max" : 2432980,
          "mean" : 81905.393314,
          "stddev" : 89873.597121,
          "N" : 111097
        },
        "bw_min" : 36032,
        "bw_max" : 38944,
        "bw_agg" : 100.000000,
        "bw_mean" : 37534.909091,
        "bw_dev" : 776.075184,
        "bw_samples" : 11,
        "iops_min" : 9008,
        "iops_max" : 9736,
        "iops_mean" : 9383.636364,
        "iops_stddev" : 194.042919,
        "iops_samples" : 11
      },
      "write" : {
        "io_bytes" : 841469952,
        "io_kbytes" : 821748,
        "bw_bytes" : 70777184,
        "bw" : 69118,
        "iops" : 17279.586172,
        "runtime" : 11889,
        "total_ios" : 205437,
        "short_ios" : 0,
        "drop_ios" : 0,
        "slat_ns" : {
          "min" : 1170,
          "max" : 26640,
          "mean" : 2807.109688,
          "stddev" : 253.188951,
          "N" : 205437
        },
        "clat_ns" : {
          "min" : 310,
          "max" : 42880,
          "mean" : 9260.703549,
          "stddev" : 1078.899869,
          "N" : 205437,
          "percentile" : {
            "1.000000" : 8256,
            "5.000000" : 8384,
            "10.000000" : 8512,
            "20.000000" : 8640,
            "30.000000" : 8768,
            "40.000000" : 8768,
            "50.000000" : 8768,
            "60.000000" : 8896,
            "70.000000" : 9280,
            "80.000000" : 10432,
            "90.000000" : 10688,
            "95.000000" : 10816,
            "99.000000" : 11840,
            "99.500000" : 13120,
            "99.900000" : 19840,
            "99.950000" : 21120,
            "99.990000" : 25728
          }
        },
        "lat_ns" : {
          "min" : 7580,
          "max" : 57351,
          "mean" : 12067.813237,
          "stddev" : 1139.054639,
          "N" : 205437
        },
        "bw_min" : 66092,
        "bw_max" : 72332,
        "bw_agg" : 100.000000,
        "bw_mean" : 69394.000000,
        "bw_dev" : 1662.799808,
        "bw_samples" : 11,
        "iops_min" : 16523,
        "iops_max" : 18083,
        "iops_mean" : 17348.454545,
        "iops_stddev" : 415.662932,
        "iops_samples" : 11
      },
      "trim" : {
        "io_bytes" : 0,
        "io_kbytes" : 0,
        "bw_bytes" : 0,
        "bw" : 0,
        "iops" : 0.000000,
        "runtime" : 0,
        "total_ios" : 0,
        "short_ios" : 0,
        "drop_ios" : 0,
        "slat_ns" : {
          "min" : 0,
          "max" : 0,
          "mean" : 0.000000,
          "stddev" : 0.000000,
          "N" : 0
        },
        "clat_ns" : {
          "min" : 0,
          "max" : 0,
          "mean" : 0.000000,
          "stddev" : 0.000000,
          "N" : 0
        },
        "lat_ns" : {
          "min" : 0,
          "max" : 0,
          "mean" : 0.000000,
          "stddev" : 0.000000,
          "N" : 0
        },
        "bw_min" : 0,
        "bw_max" : 0,
        "bw_agg" : 0.000000,
        "bw_mean" : 0.000000,
        "bw_dev" : 0.000000,
        "bw_samples" : 0,
        "iops_min" : 0,
        "iops_max" : 0,
        "iops_mean" : 0.000000,
        "iops_stddev" : 0.000000,
        "iops_samples" : 0
      },
      "sync" : {
        "total_ios" : 0,
        "lat_ns" : {
          "min" : 0,
          "max" : 0,
          "mean" : 0.000000,
          "stddev" : 0.000000,
          "N" : 0
        }
      },
      "job_runtime" : 11888,
      "usr_cpu" : 5.097577,
      "sys_cpu" : 15.511440,
      "ctx" : 316492,
      "majf" : 0,
      "minf" : 43,
      "iodepth_level" : {
        "1" : 100.000000,
        "2" : 0.000000,
        "4" : 0.000000,
        "8" : 0.000000,
        "16" : 0.000000,
        "32" : 0.000000,
        ">=64" : 0.000000
      },
      "iodepth_submit" : {
        "0" : 0.000000,
        "4" : 100.000000,
        "8" : 0.000000,
        "16" : 0.000000,
        "32" : 0.000000,
        "64" : 0.000000,
        ">=64" : 0.000000
      },
      "iodepth_complete" : {
        "0" : 0.000000,
        "4" : 100.000000,
        "8" : 0.000000,
        "16" : 0.000000,
        "32" : 0.000000,
        "64" : 0.000000,
        ">=64" : 0.000000
      },
      "latency_ns" : {
        "2" : 0.000000,
        "4" : 0.000000,
        "10" : 0.000000,
        "20" : 0.000000,
        "50" : 0.000000,
        "100" : 0.000000,
        "250" : 0.000000,
        "500" : 0.010000,
        "750" : 0.010000,
        "1000" : 0.010000
      },
      "latency_us" : {
        "2" : 0.000000,
        "4" : 0.000000,
        "10" : 49.839512,
        "20" : 15.003444,
        "50" : 0.060341,
        "100" : 33.104501,
        "250" : 1.752418,
        "500" : 0.039490,
        "750" : 0.037279,
        "1000" : 0.041070
      },
      "latency_ms" : {
        "2" : 0.115943,
        "4" : 0.010000,
        "10" : 0.000000,
        "20" : 0.000000,
        "50" : 0.000000,
        "100" : 0.000000,
        "250" : 0.000000,
        "500" : 0.000000,
        "750" : 0.000000,
        "1000" : 0.000000,
        "2000" : 0.000000,
        ">=2000" : 0.000000
      },
      "latency_depth" : 1,
      "latency_target" : 0,
      "latency_percentile" : 100.000000,
      "latency_window" : 0,
      "steadystate" : {
        "ss" : "iops:10.000000%",
        "duration" : 10,
        "attained" : 1,
        "criterion" : "3.635711%",
        "max_deviation" : 962.500000,
        "slope" : 0.000000,
        "data" : {
          "bw_mean" : 108436432,
          "iops_mean" : 26473,