{
  "fio version" : "fio-3.33",
  "timestamp" : 1687915689,
  "timestamp_ms" : 1687915689546,
  "time" : "Wed Jun 28 01:28:09 2023",
  "jobs" : [
    {
      "jobname" : "FIOJOB",
      "groupid" : 0,
      "error" : 0,
      "eta" : 0,
      "elapsed" : 13,
      "job options" : {
        "ioengine" : "io_uring",
        "rw" : "randrw",
        "bs" : "4k",
        "iodepth" : "4",
        "numjobs" : "1",
        "rwmixread" : "35",
        "runtime" : "60",
        "loops" : "1",
        "direct" : "1",
        "steadystate" : "iops:10%%",
        "steadystate_duration" : "10",
        "steadystate_ramp_time" : "1",
        "log_avg_msec" : "1000",
        "invalidate" : "1",
        "write_bw_log" : "/home/user/benchmarks/512s/1x/nvme3n1/randrw35/4k/randrw-iodepth-4-numjobs-1",
        "write_lat_log" : "/home/user/benchmarks/512s/1x/nvme3n1/randrw35/4k/randrw-iodepth-4-numjobs-1",
        "write_iops_log" : "/home/user/benchmarks/512s/1x/nvme3n1/randrw35/4k/randrw-iodepth-4-numjobs-1",
        "filename" : "/dev/nvme3n1"
      },
      "read" : {
        "io_bytes" : 901849088,
        "io_kbytes" : 880712,
        "bw_bytes" : 75862137,
        "bw" : 74084,
        "iops" : 18521.029610,
        "runtime" : 11888,
        "total_ios" : 220178,
        "short_ios" : 0,
        "drop_ios" : 0,
        "slat_ns" : {
          "min" : 970,
          "max" : 27209,
          "mean" : 2705.675027,
          "stddev" : 625.340474,
          "N" : 220178
        },
        "clat_ns" : {
          "min" : 45680,
          "max" : 5283709,
          "mean" : 183517.495672,
          "stddev" : 194277.101633,
          "N" : 220178,
          "percentile" : {
            "1.000000" : 62720,
            "5.000000" : 67072,
            "10.000000" : 78336,
            "20.000000" : 107008,
            "30.000000" : 129536,
            "40.000000" : 146432,
            "50.000000" : 160768,
            "60.000000" : 177152,
            "70.000000" : 191488,
            "80.000000" : 205824,
            "90.000000" : 230400,
            "95.000000" : 246784,
            "99.000000" : 1384448,
            "99.500000" : 1712128,
            "99.900000" : 2039808,
            "99.950000" : 2211840,
            "99.990000" : 3031040
          }
        },
        "lat_ns" : {
          "min" : 48310,
          "max" : 5286299,
          "mean" : 186223.170698,
          "stddev" : 194248.447046,
          "N" : 220178
        },
        "bw_min" : 70730,
        "bw_max" : 75639,
        "bw_agg" : 99.808166,
        "bw_mean" : 73942.363636,
        "bw_dev" : 1454.812034,
        "bw_samples" : 11,
        "iops_min" : 17682,
        "iops_max" : 18909,
        "iops_mean" : 18485.363636,
        "iops_stddev" : 363.685379,
        "iops_samples" : 11
      },
      "write" : {
        "io_bytes" : 1671233536,
        "io_kbytes" : 1632064,
        "bw_bytes" : 140581555,
        "bw" : 137286,
        "iops" : 34321.668910,
        "runtime" : 11888,
        "total_ios" : 408016,
        "short_ios" : 0,
        "drop_ios" : 0,
        "slat_ns" : {
          "min" : 1050,
          "max" : 35189,
          "mean" : 3033.132323,
          "stddev" : 672.859097,
          "N" : 408016
        },
        "clat_ns" : {
          "min" : 230,
          "max" : 105700,
          "mean" : 11428.623422,
          "stddev" : 2989.277453,
          "N" : 408016,
          "percentile" : {
            "1.000000" : 5984,
            "5.000000" : 6816,
            "10.000000" : 8256,
            "20.000000" : 9664,
            "30.000000" : 9920,
            "40.000000" : 10560,
            "50.000000" : 11328,
            "60.000000" : 11456,
            "70.000000" : 11584,
            "80.000000" : 12608,
            "90.000000" : 16320,
            "95.000000" : 17024,
            "99.000000" : 20096,
            "99.500000" : 21888,
            "99.900000" : 27520,
            "99.950000" : 29056,
            "99.990000" : 33536
          }
        },
        "lat_ns" : {
          "min" : 6630,
          "max" : 108420,
          "mean" : 14461.755745,
          "stddev" : 3033.257931,
          "N" : 408016
        },
        "bw_min" : 130114,
        "bw_max" : 141000,
        "bw_agg" : 99.815951,
        "bw_mean" : 137034.909091,
        "bw_dev" : 3265.874874,
        "bw_samples" : 11,
        "iops_min" : 32528,
        "iops_max" : 35250,
        "iops_mean" : 34258.636364,
        "iops_stddev" : 816.423943,
        "iops_samples" : 11
      },
      "trim" : {
        "io_bytes" : 0,
        "io_kbytes" : 0,
        "bw_bytes" : 0,
        "bw" : 0,
        "iops" : 0.000000,
        "runtime" : 0,
        "total_ios" : 0,
        "short_ios" : 0,
        "drop_ios" : 0,
        "slat_ns" : {
          "min" : 0,
          "max" : 0,
          "mean" : 0.000000,
          "stddev" : 0.000000,
          "N" : 0
        },
        "clat_ns" : {
          "min" : 0,
          "max" : 0,
          "mean" : 0.000000,
          "stddev" : 0.000000,
          "N" : 0
        },
        "lat_ns" : {
          "min" : 0,
          "max" : 0,
          "mean" : 0.000000,
          "stddev" : 0.000000,
          "N" : 0
        },
        "bw_min" : 0,
        "bw_max" : 0,
        "bw_agg" : 0.000000,
        "bw_mean" : 0.000000,
        "bw_dev" : 0.000000,
        "bw_samples" : 0,
        "iops_min" : 0,
        "iops_max" : 0,
        "iops_mean" : 0.000000,
        "iops_stddev" : 0.000000,
        "iops_samples" : 0
      },
      "sync" : {
        "total_ios" : 0,
        "lat_ns" : {
          "min" : 0,
          "max" : 0,
          "mean" : 0.000000,
          "stddev" : 0.000000,
          "N" : 0
        }
      },
      "job_runtime" : 11887,
      "usr_cpu" : 11.180281,
      "sys_cpu" : 27.214604,
      "ctx" : 446145,
      "majf" : 0,
      "minf" : 41,
      "iodepth_level" : {
        "1" : 0.100000,
        "2" : 0.100000,
        "4" : 99.999522,
        "8" : 0.000000,
        "16" : 0.000000,
        "32" : 0.000000,
        ">=64" : 0.000000
      },
      "iodepth_submit" : {
        "0" : 0.000000,
        "4" : 100.000000,
        "8" : 0.000000,
        "16" : 0.000000,
        "32" : 0.000000,
        "64" : 0.000000,
        ">=64" : 0.000000
      },
      "iodepth_complete" : {
        "0" : 0.000000,
        "4" : 100.000000,
        "8" : 0.000000,
        "16" : 0.000000,
        "32" : 0.000000,
        "64" : 0.000000,
        ">=64" : 0.000000
      },
      "latency_ns" : {
        "2" : 0.000000,
        "4" : 0.000000,
        "10" : 0.000000,
        "20" : 0.000000,
        "50" : 0.000000,
        "100" : 0.000000,
        "250" : 0.010000,
        "500" : 0.010000,
        "750" : 0.000000,
        "1000" : 0.010000
      },
      "latency_us" : {
        "2" : 0.010000,
        "4" : 0.010000,
        "10" : 21.539524,
        "20" : 42.754308,
        "50" : 0.652824,
        "100" : 6.085222,
        "250" : 27.394722,
        "500" : 0.752156,
        "750" : 0.153615,
        "1000" : 0.128623
      },
      "latency_ms" : {
        "2" : 0.489976,
        "4" : 0.042025,
        "10" : 0.010000,
        "20" : 0.000000,
        "50" : 0.000000,
        "100" : 0.000000,
        "250" : 0.000000,
        "500" : 0.000000,
        "750" : 0.000000,
        "1000" : 0.000000,
        "2000" : 0.000000,
        ">=2000" : 0.000000
      },
      "latency_depth" : 4,
      "latency_target" : 0,
      "latency_percentile" : 100.000000,
      "latency_window" : 0,
      "steadystate" : {
        "ss" : "iops:10.000000%",
        "duration" : 10,
        "attained" : 1,
        "criterion" : "5.169821%",
        "max_deviation" : 2732.700000,
        "slope" : 0.000000,
        "data" : {
          "bw_mean" : 216510941,
          "iops_mean" : 52858,