{
  "fio version" : "fio-3.33",
  "timestamp" : 1687919908,
  "timestamp_ms" : 1687919908224,
  "time" : "Wed Jun 28 02:38:28 2023",
  "jobs" : [
    {
      "jobname" : "FIOJOB",
      "groupid" : 0,
      "error" : 0,
      "eta" : 0,
      "elapsed" : 13,
      "job options" : {
        "ioengine" : "io_uring",
        "rw" : "randrw",
        "bs" : "4k",
        "iodepth" : "64",
        "numjobs" : "1",
        "rwmixread" : "35",
        "runtime" : "60",
        "loops" : "1",
        "direct" : "1",
        "steadystate" : "iops:10%%",
        "steadystate_duration" : "10",
        "steadystate_ramp_time" : "1",
        "log_avg_msec" : "1000",
        "invalidate" : "1",
        "write_bw_log" : "/home/user/benchmarks/512s/1x/nvme3n1/randrw35/4k/randrw-iodepth-64-numjobs-1",
        "write_lat_log" : "/home/user/benchmarks/512s/1x/nvme3n1/randrw35/4k/randrw-iodepth-64-numjobs-1",
        "write_iops_log" : "/home/user/benchmarks/512s/1x/nvme3n1/randrw35/4k/randrw-iodepth-64-numjobs-1",
        "filename" : "/dev/nvme3n1"
      },
      "read" : {
        "io_bytes" : 4636999680,
        "io_kbytes" : 4528320,
        "bw_bytes" : 389925973,
        "bw" : 380787,
        "iops" : 95196.770938,
        "runtime" : 11892,
        "total_ios" : 1132080,
        "short_ios" : 0,
        "drop_ios" : 0,
        "slat_ns" : {
          "min" : 950,
          "max" : 64989,
          "mean" : 1163.921011,
          "stddev" : 566.432686,
          "N" : 1132080
        },
        "clat_ns" : {
          "min" : 57640,
          "max" : 8643819,
          "mean" : 612541.784852,
          "stddev" : 571063.111380,
          "N" : 1132080,
          "percentile" : {
            "1.000000" : 93696,
            "5.000000" : 113152,
            "10.000000" : 146432,
            "20.000000" : 220160,
            "30.000000" : 284672,
            "40.000000" : 342016,
            "50.000000" : 407552,
            "60.000000" : 493568,
            "70.000000" : 643072,
            "80.000000" : 921600,
            "90.000000" : 1400832,
            "95.000000" : 1777664,
            "99.000000" : 2670592,
            "99.500000" : 3129344,
            "99.900000" : 4292608,
            "99.950000" : 4751360,
            "99.990000" : 6127616
          }
        },
        "lat_ns" : {
          "min" : 58640,
          "max" : 8644859,
          "mean" : 613705.705863,
          "stddev" : 571036.454367,
          "N" : 1132080
        },
        "bw_min" : 367259,
        "bw_max" : 394462,
        "bw_agg" : 100.000000,
        "bw_mean" : 382140.909091,
        "bw_dev" : 9048.682285,
        "bw_samples" : 11,
        "iops_min" : 91814,
        "iops_max" : 98615,
        "iops_mean" : 95534.909091,
        "iops_stddev" : 2262.845397,
        "iops_samples" : 11
      },
      "write" : {
        "io_bytes" : 8609693696,
        "io_kbytes" : 8407904,
        "bw_bytes" : 723990388,
        "bw" : 707021,
        "iops" : 176755.465859,
        "runtime" : 11892,
        "total_ios" : 2101976,
        "short_ios" : 0,
        "drop_ios" : 0,
        "slat_ns" : {
          "min" : 1029,
          "max" : 27500,
          "mean" : 1329.963160,
          "stddev" : 606.491676,
          "N" : 2101976
        },
        "clat_ns" : {
          "min" : 160,
          "max" : 2225540,
          "mean" : 29548.413324,
          "stddev" : 66352.155545,
          "N" : 2101976,
          "percentile" : {
            "1.000000" : 6624,
            "5.000000" : 16064,
            "10.000000" : 20096,
            "20.000000" : 21888,
            "30.000000" : 23168,
            "40.000000" : 24448,
            "50.000000" : 25728,
            "60.000000" : 27008,
            "70.000000" : 28032,
            "80.000000" : 29312,
            "90.000000" : 33536,
            "95.000000" : 40192,
            "99.000000" : 64768,
            "99.500000" : 80384,
            "99.900000" : 1417216,
            "99.950000" : 1679360,
            "99.990000" : 1974272
          }
        },
        "lat_ns" : {
          "min" : 6120,
          "max" : 2226730,
          "mean" : 30878.376484,
          "stddev" : 66359.224246,
          "N" : 2101976
        },
        "bw_min" : 686186,
        "bw_max" : 730922,
        "bw_agg" : 100.000000,
        "bw_mean" : 709426.363636,
        "bw_dev" : 15628.993802,
        "bw_samples" : 11,
        "iops_min" : 171546,
        "iops_max" : 182730,
        "iops_mean" : 177356.272727,
        "iops_stddev" : 3907.738504,
        "iops_samples" : 11
      },
      "trim" : {
        "io_bytes" : 0,
        "io_kbytes" : 0,
        "bw_bytes" : 0,
        "bw" : 0,
        "iops" : 0.000000,
        "runtime" : 0,
        "total_ios" : 0,
        "short_ios" : 0,
        "drop_ios" : 0,
        "slat_ns" : {
          "min" : 0,
          "max" : 0,
          "mean" : 0.000000,
          "stddev" : 0.000000,
          "N" : 0
        },
        "clat_ns" : {
          "min" : 0,
          "max" : 0,
          "mean" : 0.000000,
          "stddev" : 0.000000,
          "N" : 0
        },
        "lat_ns" : {
          "min" : 0,
          "max" : 0,
          "mean" : 0.000000,
          "stddev" : 0.000000,
          "N" : 0
        },
        "bw_min" : 0,
        "bw_max" : 0,
        "bw_agg" : 0.000000,
        "bw_mean" : 0.000000,
        "bw_dev" : 0.000000,
        "bw_samples" : 0,
        "iops_min" : 0,
        "iops_max" : 0,
        "iops_mean" : 0.000000,
        "iops_stddev" : 0.000000,
        "iops_samples" : 0
      },
      "sync" : {
        "total_ios" : 0,
        "lat_ns" : {
          "min" : 0,
          "max" : 0,
          "mean" : 0.000000,
          "stddev" : 0.000000,
          "N" : 0
        }
      },
      "job_runtime" : 11891,
      "usr_cpu" : 19.451686,
      "sys_cpu" : 36.262720,
      "ctx" : 363886,
      "majf" : 0,
      "minf" : 41,
      "iodepth_level" : {
        "1" : 0.100000,
        "2" : 0.100000,
        "4" : 0.100000,
        "8" : 0.100000,
        "16" : 0.100000,
        "32" : 0.100000,
        ">=64" : 99.998052
      },
      "iodepth_submit" : {
        "0" : 0.000000,
        "4" : 100.000000,
        "8" : 0.000000,
        "16" : 0.000000,
        "32" : 0.000000,
        "64" : 0.000000,
        ">=64" : 0.000000
      },
      "iodepth_complete" : {
        "0" : 0.000000,
        "4" : 99.999969,
        "8" : 0.000000,
        "16" : 0.000000,
        "32" : 0.000000,
        "64" : 0.100000,
        ">=64" : 0.000000
      },
      "latency_ns" : {
        "2" : 0.000000,
        "4" : 0.000000,
        "10" : 0.000000,
        "20" : 0.000000,
        "50" : 0.000000,
        "100" : 0.000000,
        "250" : 0.010000,
        "500" : 0.000000,
        "750" : 0.000000,
        "1000" : 0.000000
      },
      "latency_us" : {
        "2" : 0.010000,
        "4" : 0.010000,
        "10" : 2.153735,
        "20" : 4.387246,
        "50" : 56.873629,
        "100" : 2.090471,
        "250" : 7.805895,
        "500" : 12.694956,
        "750" : 4.922364,
        "1000" : 2.698840
      },
      "latency_ms" : {
        "2" : 5.237479,
        "4" : 1.080686,
        "10" : 0.053957,
        "20" : 0.000000,
        "50" : 0.000000,
        "100" : 0.000000,
        "250" : 0.000000,
        "500" : 0.000000,
        "750" : 0.000000,
        "1000" : 0.000000,
        "2000" : 0.000000,
        ">=2000" : 0.000000
      },
      "latency_depth" : 64,
      "latency_target" : 0,
      "latency_percentile" : 100.000000,
      "latency_window" : 0,
      "steadystate" : {
        "ss" : "iops:10.000000%",
        "duration" : 10,
        "attained" : 1,
        "criterion" : "2.793322%",
        "max_deviation" : 7605.100000,
        "slope" : 0.000000,
        "data" : {
          "bw_mean" : 1115179529,
          "iops_mean" : 272260,