{
  "fio version" : "fio-3.33",
  "timestamp" : 1687918662,
  "timestamp_ms" : 1687918662977,
  "time" : "Wed Jun 28 02:17:42 2023",
  "jobs" : [
    {
      "jobname" : "FIOJOB",
      "groupid" : 0,
      "error" : 0,
      "eta" : 0,
      "elapsed" : 29,
      "job options" : {
        "ioengine" : "io_uring",
        "rw" : "randrw",
        "bs" : "4k",
        "iodepth" : "32",
        "numjobs" : "1",
        "rwmixread" : "35",
        "runtime" : "60",
        "loops" : "1",
        "direct" : "1",
        "steadystate" : "iops:10%%",
        "steadystate_duration" : "10",
        "steadystate_ramp_time" : "1",
        "log_avg_msec" : "1000",
        "invalidate" : "1",
        "write_bw_log" : "/home/user/benchmarks/512s/1x/nvme3n1/randrw35/4k/randrw-iodepth-32-numjobs-1",
        "write_lat_log" : "/home/user/benchmarks/512s/1x/nvme3n1/randrw35/4k/randrw-iodepth-32-numjobs-1",
        "write_iops_log" : "/home/user/benchmarks/512s/1x/nvme3n1/randrw35/4k/randrw-iodepth-32-numjobs-1",
        "filename" : "/dev/nvme3n1"
      },
      "read" : {
        "io_bytes" : 4261216256,
        "io_kbytes" : 4161344,
        "bw_bytes" : 152786527,
        "bw" : 149205,
        "iops" : 37301.398351,
        "runtime" : 27890,
        "total_ios" : 1040336,
        "short_ios" : 0,
        "drop_ios" : 0,
        "slat_ns" : {
          "min" : 920,
          "max" : 28840,
          "mean" : 1747.346752,
          "stddev" : 844.963076,
          "N" : 1040336
        },
        "clat_ns" : {
          "min" : 44010,
          "max" : 109962053,
          "mean" : 547216.618136,
          "stddev" : 1268679.898648,
          "N" : 1040336,
          "percentile" : {
            "1.000000" : 71168,
            "5.000000" : 85504,
            "10.000000" : 105984,
            "20.000000" : 150528,
            "30.000000" : 203776,
            "40.000000" : 248832,
            "50.000000" : 292864,
            "60.000000" : 346112,
            "70.000000" : 411648,
            "80.000000" : 561152,
            "90.000000" : 1122304,
            "95.000000" : 1744896,
            "99.000000" : 4620288,
            "99.500000" : 6651904,
            "99.900000" : 16187392,
            "99.950000" : 21626880,
            "99.990000" : 35913728
          }
        },
        "lat_ns" : {
          "min" : 45100,
          "max" : 109964533,
          "mean" : 548963.964888,
          "stddev" : 1268725.296494,
          "N" : 1040336
        },
        "bw_min" : 27387,
        "bw_max" : 291555,
        "bw_agg" : 97.525835,
        "bw_mean" : 145514.740741,
        "bw_dev" : 103740.396015,
        "bw_samples" : 27,
        "iops_min" : 6846,
        "iops_max" : 72888,
        "iops_mean" : 36378.518519,
        "iops_stddev" : 25935.100215,
        "iops_samples" : 27
      },
      "write" : {
        "io_bytes" : 7911923712,
        "io_kbytes" : 7726488,
        "bw_bytes" : 283683173,
        "bw" : 277034,
        "iops" : 69258.587307,
        "runtime" : 27890,
        "total_ios" : 1931622,
        "short_ios" : 0,
        "drop_ios" : 0,
        "slat_ns" : {
          "min" : 990,
          "max" : 34040,
          "mean" : 1986.618239,
          "stddev" : 911.637968,
          "N" : 1931622
        },
        "clat_ns" : {
          "min" : 110,
          "max" : 1985930,
          "mean" : 163386.749050,
          "stddev" : 280369.382273,
          "N" : 1931622,
          "percentile" : {
            "1.000000" : 5152,
            "5.000000" : 5728,
            "10.000000" : 6240,
            "20.000000" : 6944,
            "30.000000" : 8640,
            "40.000000" : 10560,
            "50.000000" : 15296,
            "60.000000" : 25472,
            "70.000000" : 36608,
            "80.000000" : 337920,
            "90.000000" : 733184,
            "95.000000" : 815104,
            "99.000000" : 929792,
            "99.500000" : 1056768,
            "99.900000" : 1138688,
            "99.950000" : 1171456,
            "99.990000" : 1286144
          }
        },
        "lat_ns" : {
          "min" : 6060,
          "max" : 1988570,
          "mean" : 165373.367290,
          "stddev" : 280820.073669,
          "N" : 1931622
        },
        "bw_min" : 51563,
        "bw_max" : 540304,
        "bw_agg" : 97.513540,
        "bw_mean" : 270146.074074,
        "bw_dev" : 192928.959727,
        "bw_samples" : 27,
        "iops_min" : 12890,
        "iops_max" : 135076,
        "iops_mean" : 67536.333333,
        "iops_stddev" : 48232.308722,
        "iops_samples" : 27
      },
      "trim" : {
        "io_bytes" : 0,
        "io_kbytes" : 0,
        "bw_bytes" : 0,
        "bw" : 0,
        "iops" : 0.000000,
        "runtime" : 0,
        "total_ios" : 0,
        "short_ios" : 0,
        "drop_ios" : 0,
        "slat_ns" : {
          "min" : 0,
          "max" : 0,
          "mean" : 0.000000,
          "stddev" : 0.000000,
          "N" : 0
        },
        "clat_ns" : {
          "min" : 0,
          "max" : 0,
          "mean" : 0.000000,
          "stddev" : 0.000000,
          "N" : 0
        },
        "lat_ns" : {
          "min" : 0,
          "max" : 0,
          "mean" : 0.000000,
          "stddev" : 0.000000,
          "N" : 0
        },
        "bw_min" : 0,
        "bw_max" : 0,
        "bw_agg" : 0.000000,
        "bw_mean" : 0.000000,
        "bw_dev" : 0.000000,
        "bw_samples" : 0,
        "iops_min" : 0,
        "iops_max" : 0,
        "iops_mean" : 0.000000,
        "iops_stddev" : 0.000000,
        "iops_samples" : 0
      },
      "sync" : {
        "total_ios" : 0,
        "lat_ns" : {
          "min" : 0,
          "max" : 0,
          "mean" : 0.000000,
          "stddev" : 0.000000,
          "N" : 0
        }
      },
      "job_runtime" : 27889,
      "usr_cpu" : 12.843774,
      "sys_cpu" : 28.290724,
      "ctx" : 1140302,
      "majf" : 0,
      "minf" : 42,
      "iodepth_level" : {
        "1" : 0.100000,
        "2" : 0.100000,
        "4" : 0.100000,
        "8" : 0.100000,
        "16" : 0.100000,
        "32" : 99.998957,
        ">=64" : 0.000000
      },
      "iodepth_submit" : {
        "0" : 0.000000,
        "4" : 100.000000,
        "8" : 0.000000,
        "16" : 0.000000,
        "32" : 0.000000,
        "64" : 0.000000,
        ">=64" : 0.000000
      },
      "iodepth_complete" : {
        "0" : 0.000000,
        "4" : 99.999966,
        "8" : 0.000000,
        "16" : 0.000000,
        "32" : 0.100000,
        "64" : 0.000000,
        ">=64" : 0.000000
      },
      "latency_ns" : {
        "2" : 0.000000,
        "4" : 0.000000,
        "10" : 0.000000,
        "20" : 0.000000,
        "50" : 0.000000,
        "100" : 0.000000,
        "250" : 0.010000,
        "500" : 0.010000,
        "750" : 0.000000,
        "1000" : 0.000000
      },
      "latency_us" : {
        "2" : 0.010000,
        "4" : 0.010000,
        "10" : 24.528038,
        "20" : 10.990330,
        "50" : 10.968358,
        "100" : 4.409248,
        "250" : 13.552412,
        "500" : 17.026149,
        "750" : 7.383449,
        "1000" : 6.703560
      },
      "latency_ms" : {
        "2" : 3.108321,
        "4" : 0.859131,
        "10" : 0.379144,
        "20" : 0.061340,
        "50" : 0.020155,
        "100" : 0.010000,
        "250" : 0.010000,
        "500" : 0.000000,
        "750" : 0.000000,
        "1000" : 0.000000,
        "2000" : 0.000000,
        ">=2000" : 0.000000
      },
      "latency_depth" : 32,
      "latency_target" : 0,
      "latency_percentile" : 100.000000,
      "latency_window" : 0,
      "steadystate" : {
        "ss" : "iops:10.000000%",
        "duration" : 10,
        "attained" : 1,
        "criterion" : "6.694197%",
        "max_deviation" : 13133.800000,
        "slope" : 0.000000,
        "data" : {
          "bw_mean" : 803623173,
          "iops_mean" : 196196,