{
  "fio version" : "fio-3.33",
  "timestamp" : 1687918725,
  "timestamp_ms" : 1687918725917,
  "time" : "Wed Jun 28 02:18:45 2023",
  "jobs" : [
    {
      "jobname" : "FIOJOB",
      "groupid" : 0,
      "error" : 0,
      "eta" : 0,
      "elapsed" : 13,
      "job options" : {
        "ioengine" : "io_uring",
        "rw" : "randrw",
        "bs" : "4k",
        "iodepth" : "32",
        "numjobs" : "2",
        "rwmixread" : "35",
        "runtime" : "60",
        "loops" : "1",
        "direct" : "1",
        "steadystate" : "iops:10%%",
        "steadystate_duration" : "10",
        "steadystate_ramp_time" : "1",
        "log_avg_msec" : "1000",
        "invalidate" : "1",
        "write_bw_log" : "/home/user/benchmarks/512s/1x/nvme3n1/randrw35/4k/randrw-iodepth-32-numjobs-2",
        "write_lat_log" : "/home/user/benchmarks/512s/1x/nvme3n1/randrw35/4k/randrw-iodepth-32-numjobs-2",
        "write_iops_log" : "/home/user/benchmarks/512s/1x/nvme3n1/randrw35/4k/randrw-iodepth-32-numjobs-2",
        "filename" : "/dev/nvme3n1"
      },
      "read" : {
        "io_bytes" : 1969340416,
        "io_kbytes" : 1923184,
        "bw_bytes" : 165657841,
        "bw" : 161775,
        "iops" : 40443.808883,
        "runtime" : 11888,
        "total_ios" : 480796,
        "short_ios" : 0,
        "drop_ios" : 0,
        "slat_ns" : {
          "min" : 930,
          "max" : 34560,
          "mean" : 2459.006196,
          "stddev" : 1067.411252,
          "N" : 480796
        },
        "clat_ns" : {
          "min" : 55410,
          "max" : 7683390,
          "mean" : 734051.086819,
          "stddev" : 621306.601811,
          "N" : 480796,
          "percentile" : {
            "1.000000" : 83456,
            "5.000000" : 112128,
            "10.000000" : 144384,
            "20.000000" : 216064,
            "30.000000" : 284672,
            "40.000000" : 374784,
            "50.000000" : 552960,
            "60.000000" : 749568,
            "70.000000" : 946176,
            "80.000000" : 1204224,
            "90.000000" : 1581056,
            "95.000000" : 1875968,
            "99.000000" : 2736128,
            "99.500000" : 3227648,
            "99.900000" : 4292608,
            "99.950000" : 4685824,
            "99.990000" : 6062080
          }
        },
        "lat_ns" : {
          "min" : 57260,
          "max" : 7686080,
          "mean" : 736510.093015,
          "stddev" : 621197.766171,
          "N" : 480796
        },
        "bw_min" : 149153,
        "bw_max" : 170958,
        "bw_agg" : 49.644605,
        "bw_mean" : 161643.090909,
        "bw_dev" : 7501.981358,
        "bw_samples" : 11,
        "iops_min" : 37287,
        "iops_max" : 42739,
        "iops_mean" : 40410.545455,
        "iops_stddev" : 1875.651639,
        "iops_samples" : 11
      },
      "write" : {
        "io_bytes" : 3656650752,
        "io_kbytes" : 3570948,
        "bw_bytes" : 307591752,
        "bw" : 300382,
        "iops" : 75095.642665,
        "runtime" : 11888,
        "total_ios" : 892737,
        "short_ios" : 0,
        "drop_ios" : 0,
        "slat_ns" : {
          "min" : 990,
          "max" : 41130,
          "mean" : 2750.125579,
          "stddev" : 1139.068223,
          "N" : 892737
        },
        "clat_ns" : {
          "min" : 189,
          "max" : 2021560,
          "mean" : 25334.291866,
          "stddev" : 55132.917510,
          "N" : 892737,
          "percentile" : {
            "1.000000" : 6368,
            "5.000000" : 7008,
            "10.000000" : 8032,
            "20.000000" : 8640,
            "30.000000" : 9536,
            "40.000000" : 11712,
            "50.000000" : 13888,
            "60.000000" : 18816,
            "70.000000" : 26752,
            "80.000000" : 34048,
            "90.000000" : 48896,
            "95.000000" : 69120,
            "99.000000" : 119296,
            "99.500000" : 138240,
            "99.900000" : 1089536,
            "99.950000" : 1400832,
            "99.990000" : 1761280
          }
        },
        "lat_ns" : {
          "min" : 6310,
          "max" : 2023390,
          "mean" : 28084.417445,
          "stddev" : 55298.107555,
          "N" : 892737
        },
        "bw_min" : 274066,
        "bw_max" : 319595,
        "bw_agg" : 49.615080,
        "bw_mean" : 300295.818182,
        "bw_dev" : 15107.585696,
        "bw_samples" : 11,
        "iops_min" : 68517,
        "iops_max" : 79898,
        "iops_mean" : 75073.636364,
        "iops_stddev" : 3776.739553,
        "iops_samples" : 11
      },
      "trim" : {
        "io_bytes" : 0,
        "io_kbytes" : 0,
        "bw_bytes" : 0,
        "bw" : 0,
        "iops" : 0.000000,
        "runtime" : 0,
        "total_ios" : 0,
        "short_ios" : 0,
        "drop_ios" : 0,
        "slat_ns" : {
          "min" : 0,
          "max" : 0,
          "mean" : 0.000000,
          "stddev" : 0.000000,
          "N" : 0
        },
        "clat_ns" : {
          "min" : 0,
          "max" : 0,
          "mean" : 0.000000,
          "stddev" : 0.000000,
          "N" : 0
        },
        "lat_ns" : {
          "min" : 0,
          "max" : 0,
          "mean" : 0.000000,
          "stddev" : 0.000000,
          "N" : 0
        },
        "bw_min" : 0,
        "bw_max" : 0,
        "bw_agg" : 0.000000,
        "bw_mean" : 0.000000,
        "bw_dev" : 0.000000,
        "bw_samples" : 0,
        "iops_min" : 0,
        "iops_max" : 0,
        "iops_mean" : 0.000000,
        "iops_stddev" : 0.000000,
        "iops_samples" : 0
      },
      "sync" : {
        "total_ios" : 0,
        "lat_ns" : {
          "min" : 0,
          "max" : 0,
          "mean" : 0.000000,
          "stddev" : 0.000000,
          "N" : 0
        }
      },
      "job_runtime" : 11887,
      "usr_cpu" : 17.043829,
      "sys_cpu" : 36.493649,
      "ctx" : 354677,
      "majf" : 0,
      "minf" : 42,
      "iodepth_level" : {
        "1" : 0.100000,
        "2" : 0.100000,
        "4" : 0.100000,
        "8" : 0.100000,
        "16" : 0.100000,
        "32" : 99.997743,
        ">=64" : 0.000000
      },
      "iodepth_submit" : {
        "0" : 0.000000,
        "4" : 100.000000,
        "8" : 0.000000,
        "16" : 0.000000,
        "32" : 0.000000,
        "64" : 0.000000,
        ">=64" : 0.000000
      },
      "iodepth_complete" : {
        "0" : 0.000000,
        "4" : 99.999927,
        "8" : 0.000000,
        "16" : 0.000000,
        "32" : 0.100000,
        "64" : 0.000000,
        ">=64" : 0.000000
      },
      "latency_ns" : {
        "2" : 0.000000,
        "4" : 0.000000,
        "10" : 0.000000,
        "20" : 0.000000,
        "50" : 0.000000,
        "100" : 0.000000,
        "250" : 0.010000,
        "500" : 0.010000,
        "750" : 0.010000,
        "1000" : 0.010000
      },
      "latency_us" : {
        "2" : 0.010000,
        "4" : 0.010000,
        "10" : 21.277392,
        "20" : 18.883784,
        "50" : 18.608071,
        "100" : 6.032108,
        "250" : 8.824615,
        "500" : 7.928168,
        "750" : 4.379655,
        "1000" : 4.267171
      },
      "latency_ms" : {
        "2" : 8.471948,
        "4" : 1.269646,
        "10" : 0.054312,
        "20" : 0.000000,
        "50" : 0.000000,
        "100" : 0.000000,
        "250" : 0.000000,
        "500" : 0.000000,
        "750" : 0.000000,
        "1000" : 0.000000,
        "2000" : 0.000000,
        ">=2000" : 0.000000
      },
      "latency_depth" : 32,
      "latency_target" : 0,
      "latency_percentile" : 100.000000,
      "latency_window" : 0,
      "steadystate" : {
        "ss" : "iops:10.000000%",
        "duration" : 10,
        "attained" : 1,
        "criterion" : "9.502524%",
        "max_deviation" : 11007.800000,
        "slope" : 0.000000,
        "data" : {
          "bw_mean" : 474485393,
          "iops_mean" : 115840,