{
  "fio version" : "fio-3.33",
  "timestamp" : 1687941137,
  "timestamp_ms" : 1687941137789,
  "time" : "Wed Jun 28 08:32:17 2023",
  "jobs" : [
    {
      "jobname" : "FIOJOB",
      "groupid" : 0,
      "error" : 0,
      "eta" : 0,
      "elapsed" : 13,
      "job options" : {
        "ioengine" : "io_uring",
        "rw" : "randrw",
        "bs" : "4k",
        "iodepth" : "32",
        "numjobs" : "1",
        "rwmixread" : "95",
        "runtime" : "60",
        "loops" : "1",
        "direct" : "1",
        "steadystate" : "iops:10%%",
        "steadystate_duration" : "10",
        "steadystate_ramp_time" : "1",
        "log_avg_msec" : "1000",
        "invalidate" : "1",
        "write_bw_log" : "/home/user/benchmarks/4096s/1x/nvme2n1/randrw95/4k/randrw-iodepth-32-numjobs-1",
        "write_lat_log" : "/home/user/benchmarks/4096s/1x/nvme2n1/randrw95/4k/randrw-iodepth-32-numjobs-1",
        "write_iops_log" : "/home/user/benchmarks/4096s/1x/nvme2n1/randrw95/4k/randrw-iodepth-32-numjobs-1",
        "filename" : "/dev/nvme2n1"
      },
      "read" : {
        "io_bytes" : 5548564480,
        "io_kbytes" : 5418520,
        "bw_bytes" : 466736581,
        "bw" : 455797,
        "iops" : 113949.360700,
        "runtime" : 11888,
        "total_ios" : 1354630,
        "short_ios" : 0,
        "drop_ios" : 0,
        "slat_ns" : {
          "min" : 920,
          "max" : 42760,
          "mean" : 2549.310563,
          "stddev" : 1196.286752,
          "N" : 1354630
        },
        "clat_ns" : {
          "min" : 43620,
          "max" : 6103950,
          "mean" : 276381.653157,
          "stddev" : 186275.627887,
          "N" : 1354630,
          "percentile" : {
            "1.000000" : 73216,
            "5.000000" : 86528,
            "10.000000" : 100864,
            "20.000000" : 132096,
            "30.000000" : 168960,
            "40.000000" : 209920,
            "50.000000" : 244736,
            "60.000000" : 280576,
            "70.000000" : 321536,
            "80.000000" : 378880,
            "90.000000" : 473088,
            "95.000000" : 569344,
            "99.000000" : 864256,
            "99.500000" : 1236992,
            "99.900000" : 1990656,
            "99.950000" : 2146304,
            "99.990000" : 2637824
          }
        },
        "lat_ns" : {
          "min" : 46469,
          "max" : 6106419,
          "mean" : 278930.963720,
          "stddev" : 186260.079146,
          "N" : 1354630
        },
        "bw_min" : 441044,
        "bw_max" : 472652,
        "bw_agg" : 100.000000,
        "bw_mean" : 456388.454545,
        "bw_dev" : 9493.381045,
        "bw_samples" : 11,
        "iops_min" : 110259,
        "iops_max" : 118163,
        "iops_mean" : 114097.090909,
        "iops_stddev" : 2373.343315,
        "iops_samples" : 11
      },
      "write" : {
        "io_bytes" : 291876864,
        "io_kbytes" : 285036,
        "bw_bytes" : 24552226,
        "bw" : 23976,
        "iops" : 5994.195828,
        "runtime" : 11888,
        "total_ios" : 71259,
        "short_ios" : 0,
        "drop_ios" : 0,
        "slat_ns" : {
          "min" : 1040,
          "max" : 32530,
          "mean" : 3015.346033,
          "stddev" : 1337.447139,
          "N" : 71259
        },
        "clat_ns" : {
          "min" : 990,
          "max" : 93510,
          "mean" : 14489.514995,
          "stddev" : 7263.170760,
          "N" : 71259,
          "percentile" : {
            "1.000000" : 5600,
            "5.000000" : 6688,
            "10.000000" : 7392,
            "20.000000" : 9024,
            "30.000000" : 9664,
            "40.000000" : 10432,
            "50.000000" : 12096,
            "60.000000" : 13760,
            "70.000000" : 16512,
            "80.000000" : 19840,
            "90.000000" : 25728,
            "95.000000" : 29312,
            "99.000000" : 36096,
            "99.500000" : 39680,
            "99.900000" : 48896,
            "99.950000" : 52480,
            "99.990000" : 62208
          }
        },
        "lat_ns" : {
          "min" : 6250,
          "max" : 96390,
          "mean" : 17504.861028,
          "stddev" : 7683.673267,
          "N" : 71259
        },
        "bw_min" : 23375,
        "bw_max" : 25185,
        "bw_agg" : 100.000000,
        "bw_mean" : 24033.818182,
        "bw_dev" : 557.914477,
        "bw_samples" : 11,
        "iops_min" : 5843,
        "iops_max" : 6296,
        "iops_mean" : 6008.363636,
        "iops_stddev" : 139.521520,
        "iops_samples" : 11
      },
      "trim" : {
        "io_bytes" : 0,
        "io_kbytes" : 0,
        "bw_bytes" : 0,
        "bw" : 0,
        "iops" : 0.000000,
        "runtime" : 0,
        "total_ios" : 0,
        "short_ios" : 0,
        "drop_ios" : 0,
        "slat_ns" : {
          "min" : 0,
          "max" : 0,
          "mean" : 0.000000,
          "stddev" : 0.000000,
          "N" : 0
        },
        "clat_ns" : {
          "min" : 0,
          "max" : 0,
          "mean" : 0.000000,
          "stddev" : 0.000000,
          "N" : 0
        },
        "lat_ns" : {
          "min" : 0,
          "max" : 0,
          "mean" : 0.000000,
          "stddev" : 0.000000,
          "N" : 0
        },
        "bw_min" : 0,
        "bw_max" : 0,
        "bw_agg" : 0.000000,
        "bw_mean" : 0.000000,
        "bw_dev" : 0.000000,
        "bw_samples" : 0,
        "iops_min" : 0,
        "iops_max" : 0,
        "iops_mean" : 0.000000,
        "iops_stddev" : 0.000000,
        "iops_samples" : 0
      },
      "sync" : {
        "total_ios" : 0,
        "lat_ns" : {
          "min" : 0,
          "max" : 0,
          "mean" : 0.000000,
          "stddev" : 0.000000,
          "N" : 0
        }
      },
      "job_runtime" : 11887,
      "usr_cpu" : 18.103811,
      "sys_cpu" : 40.043745,
      "ctx" : 431246,
      "majf" : 0,
      "minf" : 41,
      "iodepth_level" : {
        "1" : 0.100000,
        "2" : 0.100000,
        "4" : 0.100000,
        "8" : 0.100000,
        "16" : 0.100000,
        "32" : 99.997826,
        ">=64" : 0.000000
      },
      "iodepth_submit" : {
        "0" : 0.000000,
        "4" : 100.000000,
        "8" : 0.000000,
        "16" : 0.000000,
        "32" : 0.000000,
        "64" : 0.000000,
        ">=64" : 0.000000
      },
      "iodepth_complete" : {
        "0" : 0.000000,
        "4" : 99.999930,
        "8" : 0.000000,
        "16" : 0.000000,
        "32" : 0.100000,
        "64" : 0.000000,
        ">=64" : 0.000000
      },
      "latency_ns" : {
        "2" : 0.000000,
        "4" : 0.000000,
        "10" : 0.000000,
        "20" : 0.000000,
        "50" : 0.000000,
        "100" : 0.000000,
        "250" : 0.000000,
        "500" : 0.000000,
        "750" : 0.000000,
        "1000" : 0.010000
      },
      "latency_us" : {
        "2" : 0.010000,
        "4" : 0.010000,
        "10" : 1.747611,
        "20" : 2.260835,
        "50" : 0.988717,
        "100" : 9.356899,
        "250" : 39.618582,
        "500" : 38.224855,
        "750" : 6.216052,
        "1000" : 0.922021
      },
      "latency_ms" : {
        "2" : 0.573537,
        "4" : 0.089348,
        "10" : 0.010000,
        "20" : 0.000000,
        "50" : 0.000000,
        "100" : 0.000000,
        "250" : 0.000000,
        "500" : 0.000000,
        "750" : 0.000000,
        "1000" : 0.000000,
        "2000" : 0.000000,
        ">=2000" : 0.000000
      },
      "latency_depth" : 32,
      "latency_target" : 0,
      "latency_percentile" : 100.000000,
      "latency_window" : 0,
      "steadystate" : {
        "ss" : "iops:10.000000%",
        "duration" : 10,
        "attained" : 1,
        "criterion" : "3.212267%",
        "max_deviation" : 3871.100000,
        "slope" : 0.000000,
        "data" : {
          "bw_mean" : 493609707,
          "iops_mean" : 120509,