{
  "fio version" : "fio-3.33",
  "timestamp" : 1687937054,
  "timestamp_ms" : 1687937054466,
  "time" : "Wed Jun 28 07:24:14 2023",
  "jobs" : [
    {
      "jobname" : "FIOJOB",
      "groupid" : 0,
      "error" : 0,
      "eta" : 0,
      "elapsed" : 13,
      "job options" : {
        "ioengine" : "io_uring",
        "rw" : "randrw",
        "bs" : "4k",
        "iodepth" : "2",
        "numjobs" : "2",
        "rwmixread" : "95",
        "runtime" : "60",
        "loops" : "1",
        "direct" : "1",
        "steadystate" : "iops:10%%",
        "steadystate_duration" : "10",
        "steadystate_ramp_time" : "1",
        "log_avg_msec" : "1000",
        "invalidate" : "1",
        "write_bw_log" : "/home/user/benchmarks/4096s/1x/nvme2n1/randrw95/4k/randrw-iodepth-2-numjobs-2",
        "write_lat_log" : "/home/user/benchmarks/4096s/1x/nvme2n1/randrw95/4k/randrw-iodepth-2-numjobs-2",
        "write_iops_log" : "/home/user/benchmarks/4096s/1x/nvme2n1/randrw95/4k/randrw-iodepth-2-numjobs-2",
        "filename" : "/dev/nvme2n1"
      },
      "read" : {
        "io_bytes" : 1085177856,
        "io_kbytes" : 1059744,
        "bw_bytes" : 91291146,
        "bw" : 89151,
        "iops" : 22287.877513,
        "runtime" : 11887,
        "total_ios" : 264936,
        "short_ios" : 0,
        "drop_ios" : 0,
        "slat_ns" : {
          "min" : 960,
          "max" : 31860,
          "mean" : 1799.270020,
          "stddev" : 362.404224,
          "N" : 264936
        },
        "clat_ns" : {
          "min" : 44230,
          "max" : 2993990,
          "mean" : 86642.182723,
          "stddev" : 49030.976412,
          "N" : 264936,
          "percentile" : {
            "1.000000" : 61696,
            "5.000000" : 62720,
            "10.000000" : 63744,
            "20.000000" : 64256,
            "30.000000" : 67072,
            "40.000000" : 74240,
            "50.000000" : 76288,
            "60.000000" : 82432,
            "70.000000" : 96768,
            "80.000000" : 101888,
            "90.000000" : 117248,
            "95.000000" : 132096,
            "99.000000" : 171008,
            "99.500000" : 187392,
            "99.900000" : 774144,
            "99.950000" : 1384448,
            "99.990000" : 1728512
          }
        },
        "lat_ns" : {
          "min" : 46120,
          "max" : 2995710,
          "mean" : 88441.452743,
          "stddev" : 49028.735795,
          "N" : 264936
        },
        "bw_min" : 87728,
        "bw_max" : 91299,
        "bw_agg" : 50.983578,
        "bw_mean" : 89050.000000,
        "bw_dev" : 1052.470617,
        "bw_samples" : 11,
        "iops_min" : 21932,
        "iops_max" : 22824,
        "iops_mean" : 22262.545455,
        "iops_stddev" : 262.840394,
        "iops_samples" : 11
      },
      "write" : {
        "io_bytes" : 56819712,
        "io_kbytes" : 55488,
        "bw_bytes" : 4779987,
        "bw" : 4667,
        "iops" : 1166.989148,
        "runtime" : 11887,
        "total_ios" : 13872,
        "short_ios" : 0,
        "drop_ios" : 0,
        "slat_ns" : {
          "min" : 1330,
          "max" : 23300,
          "mean" : 2208.478302,
          "stddev" : 514.959450,
          "N" : 13872
        },
        "clat_ns" : {
          "min" : 3970,
          "max" : 28470,
          "mean" : 8038.104167,
          "stddev" : 964.198848,
          "N" : 13872,
          "percentile" : {
            "1.000000" : 5984,
            "5.000000" : 7136,
            "10.000000" : 7584,
            "20.000000" : 7712,
            "30.000000" : 7840,
            "40.000000" : 7904,
            "50.000000" : 7968,
            "60.000000" : 7968,
            "70.000000" : 8032,
            "80.000000" : 8096,
            "90.000000" : 8384,
            "95.000000" : 8896,
            "99.000000" : 12096,
            "99.500000" : 12352,
            "99.900000" : 15936,
            "99.950000" : 20352,
            "99.990000" : 28032
          }
        },
        "lat_ns" : {
          "min" : 7440,
          "max" : 33940,
          "mean" : 10246.582468,
          "stddev" : 1076.049939,
          "N" : 13872
        },
        "bw_min" : 4276,
        "bw_max" : 5000,
        "bw_agg" : 50.812253,
        "bw_mean" : 4673.090909,
        "bw_dev" : 198.095661,
        "bw_samples" : 11,
        "iops_min" : 1069,
        "iops_max" : 1250,
        "iops_mean" : 1168.272727,
        "iops_stddev" : 49.523915,
        "iops_samples" : 11
      },
      "trim" : {
        "io_bytes" : 0,
        "io_kbytes" : 0,
        "bw_bytes" : 0,
        "bw" : 0,
        "iops" : 0.000000,
        "runtime" : 0,
        "total_ios" : 0,
        "short_ios" : 0,
        "drop_ios" : 0,
        "slat_ns" : {
          "min" : 0,
          "max" : 0,
          "mean" : 0.000000,
          "stddev" : 0.000000,
          "N" : 0
        },
        "clat_ns" : {
          "min" : 0,
          "max" : 0,
          "mean" : 0.000000,
          "stddev" : 0.000000,
          "N" : 0
        },
        "lat_ns" : {
          "min" : 0,
          "max" : 0,
          "mean" : 0.000000,
          "stddev" : 0.000000,
          "N" : 0
        },
        "bw_min" : 0,
        "bw_max" : 0,
        "bw_agg" : 0.000000,
        "bw_mean" : 0.000000,
        "bw_dev" : 0.000000,
        "bw_samples" : 0,
        "iops_min" : 0,
        "iops_max" : 0,
        "iops_mean" : 0.000000,
        "iops_stddev" : 0.000000,
        "iops_samples" : 0
      },
      "sync" : {
        "total_ios" : 0,
        "lat_ns" : {
          "min" : 0,
          "max" : 0,
          "mean" : 0.000000,
          "stddev" : 0.000000,
          "N" : 0
        }
      },
      "job_runtime" : 11886,
      "usr_cpu" : 3.407370,
      "sys_cpu" : 8.287060,
      "ctx" : 248217,
      "majf" : 0,
      "minf" : 41,
      "iodepth_level" : {
        "1" : 0.100000,
        "2" : 99.999641,
        "4" : 0.000000,
        "8" : 0.000000,
        "16" : 0.000000,
        "32" : 0.000000,
        ">=64" : 0.000000
      },
      "iodepth_submit" : {
        "0" : 0.000000,
        "4" : 100.000000,
        "8" : 0.000000,
        "16" : 0.000000,
        "32" : 0.000000,
        "64" : 0.000000,
        ">=64" : 0.000000
      },
      "iodepth_complete" : {
        "0" : 0.000000,
        "4" : 100.000000,
        "8" : 0.000000,
        "16" : 0.000000,
        "32" : 0.000000,
        "64" : 0.000000,
        ">=64" : 0.000000
      },
      "latency_ns" : {
        "2" : 0.000000,
        "4" : 0.000000,
        "10" : 0.000000,
        "20" : 0.000000,
        "50" : 0.000000,
        "100" : 0.000000,
        "250" : 0.000000,
        "500" : 0.000000,
        "750" : 0.000000,
        "1000" : 0.000000
      },
      "latency_us" : {
        "2" : 0.000000,
        "4" : 0.010000,
        "10" : 4.789317,
        "20" : 0.182922,
        "50" : 0.010000,
        "100" : 73.946587,
        "250" : 20.935913,
        "500" : 0.029411,
        "750" : 0.012912,
        "1000" : 0.015781
      },
      "latency_ms" : {
        "2" : 0.079266,
        "4" : 0.010000,
        "10" : 0.000000,
        "20" : 0.000000,
        "50" : 0.000000,
        "100" : 0.000000,
        "250" : 0.000000,
        "500" : 0.000000,
        "750" : 0.000000,
        "1000" : 0.000000,
        "2000" : 0.000000,
        ">=2000" : 0.000000
      },
      "latency_depth" : 2,
      "latency_target" : 0,
      "latency_percentile" : 100.000000,
      "latency_window" : 0,
      "steadystate" : {
        "ss" : "iops:10.000000%",
        "duration" : 10,
        "attained" : 1,
        "criterion" : "1.861449%",
        "max_deviation" : 438.200000,
        "slope" : 0.000000,
        "data" : {
          "bw_mean" : 96424737,
          "iops_mean" : 23540,