{
  "fio version" : "fio-3.33",
  "timestamp" : 1687942330,
  "timestamp_ms" : 1687942330676,
  "time" : "Wed Jun 28 08:52:10 2023",
  "jobs" : [
    {
      "jobname" : "FIOJOB",
      "groupid" : 0,
      "error" : 0,
      "eta" : 0,
      "elapsed" : 13,
      "job options" : {
        "ioengine" : "io_uring",
        "rw" : "randrw",
        "bs" : "4k",
        "iodepth" : "64",
        "numjobs" : "1",
        "rwmixread" : "95",
        "runtime" : "60",
        "loops" : "1",
        "direct" : "1",
        "steadystate" : "iops:10%%",
        "steadystate_duration" : "10",
        "steadystate_ramp_time" : "1",
        "log_avg_msec" : "1000",
        "invalidate" : "1",
        "write_bw_log" : "/home/user/benchmarks/4096s/1x/nvme2n1/randrw95/4k/randrw-iodepth-64-numjobs-1",
        "write_lat_log" : "/home/user/benchmarks/4096s/1x/nvme2n1/randrw95/4k/randrw-iodepth-64-numjobs-1",
        "write_iops_log" : "/home/user/benchmarks/4096s/1x/nvme2n1/randrw95/4k/randrw-iodepth-64-numjobs-1",
        "filename" : "/dev/nvme2n1"
      },
      "read" : {
        "io_bytes" : 8524976128,
        "io_kbytes" : 8325172,
        "bw_bytes" : 717107682,
        "bw" : 700300,
        "iops" : 175075.117766,
        "runtime" : 11888,
        "total_ios" : 2081293,
        "short_ios" : 0,
        "drop_ios" : 0,
        "slat_ns" : {
          "min" : 910,
          "max" : 30110,
          "mean" : 1858.603928,
          "stddev" : 968.950900,
          "N" : 2081293
        },
        "clat_ns" : {
          "min" : 44520,
          "max" : 4665610,
          "mean" : 362188.193737,
          "stddev" : 234413.568337,
          "N" : 2081293,
          "percentile" : {
            "1.000000" : 83456,
            "5.000000" : 114176,
            "10.000000" : 138240,
            "20.000000" : 185344,
            "30.000000" : 230400,
            "40.000000" : 272384,
            "50.000000" : 309248,
            "60.000000" : 354304,
            "70.000000" : 411648,
            "80.000000" : 497664,
            "90.000000" : 634880,
            "95.000000" : 774144,
            "99.000000" : 1204224,
            "99.500000" : 1564672,
            "99.900000" : 2113536,
            "99.950000" : 2277376,
            "99.990000" : 2703360
          }
        },
        "lat_ns" : {
          "min" : 45580,
          "max" : 4667110,
          "mean" : 364046.797665,
          "stddev" : 234413.136147,
          "N" : 2081293
        },
        "bw_min" : 688096,
        "bw_max" : 717553,
        "bw_agg" : 99.871988,
        "bw_mean" : 699404.545455,
        "bw_dev" : 10200.985662,
        "bw_samples" : 11,
        "iops_min" : 172024,
        "iops_max" : 179389,
        "iops_mean" : 174851.636364,
        "iops_stddev" : 2551.821243,
        "iops_samples" : 11
      },
      "write" : {
        "io_bytes" : 449355776,
        "io_kbytes" : 438824,
        "bw_bytes" : 37799106,
        "bw" : 36913,
        "iops" : 9228.297443,
        "runtime" : 11888,
        "total_ios" : 109706,
        "short_ios" : 0,
        "drop_ios" : 0,
        "slat_ns" : {
          "min" : 1040,
          "max" : 27151,
          "mean" : 2264.233898,
          "stddev" : 1092.237845,
          "N" : 109706
        },
        "clat_ns" : {
          "min" : 150,
          "max" : 123110,
          "mean" : 12504.697236,
          "stddev" : 6652.253340,
          "N" : 109706,
          "percentile" : {
            "1.000000" : 5280,
            "5.000000" : 5984,
            "10.000000" : 6432,
            "20.000000" : 7008,
            "30.000000" : 8096,
            "40.000000" : 9152,
            "50.000000" : 10176,
            "60.000000" : 11840,
            "70.000000" : 14016,
            "80.000000" : 17280,
            "90.000000" : 22912,
            "95.000000" : 26752,
            "99.000000" : 32128,
            "99.500000" : 35072,
            "99.900000" : 45312,
            "99.950000" : 49408,
            "99.990000" : 61184
          }
        },
        "lat_ns" : {
          "min" : 6270,
          "max" : 126440,
          "mean" : 14768.931134,
          "stddev" : 6918.085372,
          "N" : 109706
        },
        "bw_min" : 35651,
        "bw_max" : 38082,
        "bw_agg" : 99.747544,
        "bw_mean" : 36820.545455,
        "bw_dev" : 682.419426,
        "bw_samples" : 11,
        "iops_min" : 8912,
        "iops_max" : 9520,
        "iops_mean" : 9205.000000,
        "iops_stddev" : 170.604220,
        "iops_samples" : 11
      },
      "trim" : {
        "io_bytes" : 0,
        "io_kbytes" : 0,
        "bw_bytes" : 0,
        "bw" : 0,
        "iops" : 0.000000,
        "runtime" : 0,
        "total_ios" : 0,
        "short_ios" : 0,
        "drop_ios" : 0,
        "slat_ns" : {
          "min" : 0,
          "max" : 0,
          "mean" : 0.000000,
          "stddev" : 0.000000,
          "N" : 0
        },
        "clat_ns" : {
          "min" : 0,
          "max" : 0,
          "mean" : 0.000000,
          "stddev" : 0.000000,
          "N" : 0
        },
        "lat_ns" : {
          "min" : 0,
          "max" : 0,
          "mean" : 0.000000,
          "stddev" : 0.000000,
          "N" : 0
        },
        "bw_min" : 0,
        "bw_max" : 0,
        "bw_agg" : 0.000000,
        "bw_mean" : 0.000000,
        "bw_dev" : 0.000000,
        "bw_samples" : 0,
        "iops_min" : 0,
        "iops_max" : 0,
        "iops_mean" : 0.000000,
        "iops_stddev" : 0.000000,
        "iops_samples" : 0
      },
      "sync" : {
        "total_ios" : 0,
        "lat_ns" : {
          "min" : 0,
          "max" : 0,
          "mean" : 0.000000,
          "stddev" : 0.000000,
          "N" : 0
        }
      },
      "job_runtime" : 11887,
      "usr_cpu" : 20.333137,
      "sys_cpu" : 41.549592,
      "ctx" : 557238,
      "majf" : 0,
      "minf" : 41,
      "iodepth_level" : {
        "1" : 0.100000,
        "2" : 0.100000,
        "4" : 0.100000,
        "8" : 0.100000,
        "16" : 0.100000,
        "32" : 0.100000,
        ">=64" : 99.997125
      },
      "iodepth_submit" : {
        "0" : 0.000000,
        "4" : 100.000000,
        "8" : 0.000000,
        "16" : 0.000000,
        "32" : 0.000000,
        "64" : 0.000000,
        ">=64" : 0.000000
      },
      "iodepth_complete" : {
        "0" : 0.000000,
        "4" : 99.999954,
        "8" : 0.000000,
        "16" : 0.000000,
        "32" : 0.000000,
        "64" : 0.100000,
        ">=64" : 0.000000
      },
      "latency_ns" : {
        "2" : 0.000000,
        "4" : 0.000000,
        "10" : 0.000000,
        "20" : 0.000000,
        "50" : 0.000000,
        "100" : 0.000000,
        "250" : 0.010000,
        "500" : 0.000000,
        "750" : 0.000000,
        "1000" : 0.010000
      },
      "latency_us" : {
        "2" : 0.010000,
        "4" : 0.010000,
        "10" : 2.453949,
        "20" : 1.818166,
        "50" : 0.731812,
        "100" : 2.724784,
        "250" : 30.028083,
        "500" : 43.501298,
        "750" : 13.486633,
        "1000" : 3.486309
      },
      "latency_ms" : {
        "2" : 1.629485,
        "4" : 0.138156,
        "10" : 0.010000,
        "20" : 0.000000,
        "50" : 0.000000,
        "100" : 0.000000,
        "250" : 0.000000,
        "500" : 0.000000,
        "750" : 0.000000,
        "1000" : 0.000000,
        "2000" : 0.000000,
        ">=2000" : 0.000000
      },
      "latency_depth" : 64,
      "latency_target" : 0,
      "latency_percentile" : 100.000000,
      "latency_window" : 0,
      "steadystate" : {
        "ss" : "iops:10.000000%",
        "duration" : 10,
        "attained" : 1,
        "criterion" : "2.965433%",
        "max_deviation" : 5465.400000,
        "slope" : 0.000000,
        "data" : {
          "bw_mean" : 754908723,
          "iops_mean" : 184303,