{
  "fio version" : "fio-3.33",
  "timestamp" : 1687937951,
  "timestamp_ms" : 1687937951005,
  "time" : "Wed Jun 28 07:39:11 2023",
  "jobs" : [
    {
      "jobname" : "FIOJOB",
      "groupid" : 0,
      "error" : 0,
      "eta" : 0,
      "elapsed" : 13,
      "job options" : {
        "ioengine" : "io_uring",
        "rw" : "randrw",
        "bs" : "4k",
        "iodepth" : "4",
        "numjobs" : "2",
        "rwmixread" : "95",
        "runtime" : "60",
        "loops" : "1",
        "direct" : "1",
        "steadystate" : "iops:10%%",
        "steadystate_duration" : "10",
        "steadystate_ramp_time" : "1",
        "log_avg_msec" : "1000",
        "invalidate" : "1",
        "write_bw_log" : "/home/user/benchmarks/4096s/1x/nvme2n1/randrw95/4k/randrw-iodepth-4-numjobs-2",
        "write_lat_log" : "/home/user/benchmarks/4096s/1x/nvme2n1/randrw95/4k/randrw-iodepth-4-numjobs-2",
        "write_iops_log" : "/home/user/benchmarks/4096s/1x/nvme2n1/randrw95/4k/randrw-iodepth-4-numjobs-2",
        "filename" : "/dev/nvme2n1"
      },
      "read" : {
        "io_bytes" : 1670987776,
        "io_kbytes" : 1631824,
        "bw_bytes" : 140584534,
        "bw" : 137289,
        "iops" : 34322.396096,
        "runtime" : 11886,
        "total_ios" : 407956,
        "short_ios" : 0,
        "drop_ios" : 0,
        "slat_ns" : {
          "min" : 960,
          "max" : 43810,
          "mean" : 2717.719026,
          "stddev" : 622.770085,
          "N" : 407956
        },
        "clat_ns" : {
          "min" : 43630,
          "max" : 2323820,
          "mean" : 111992.799807,
          "stddev" : 72568.791321,
          "N" : 407956,
          "percentile" : {
            "1.000000" : 63232,
            "5.000000" : 65280,
            "10.000000" : 67072,
            "20.000000" : 74240,
            "30.000000" : 80384,
            "40.000000" : 88576,
            "50.000000" : 97792,
            "60.000000" : 108032,
            "70.000000" : 119296,
            "80.000000" : 140288,
            "90.000000" : 171008,
            "95.000000" : 197632,
            "99.000000" : 264192,
            "99.500000" : 305152,
            "99.900000" : 1400832,
            "99.950000" : 1630208,
            "99.990000" : 1810432
          }
        },
        "lat_ns" : {
          "min" : 46190,
          "max" : 2326200,
          "mean" : 114710.518833,
          "stddev" : 72552.110315,
          "N" : 407956
        },
        "bw_min" : 135151,
        "bw_max" : 140456,
        "bw_agg" : 50.035946,
        "bw_mean" : 137589.181818,
        "bw_dev" : 1829.508230,
        "bw_samples" : 11,
        "iops_min" : 33787,
        "iops_max" : 35115,
        "iops_mean" : 34396.909091,
        "iops_stddev" : 457.850730,
        "iops_samples" : 11
      },
      "write" : {
        "io_bytes" : 88010752,
        "io_kbytes" : 85948,
        "bw_bytes" : 7404572,
        "bw" : 7231,
        "iops" : 1807.757025,
        "runtime" : 11886,
        "total_ios" : 21487,
        "short_ios" : 0,
        "drop_ios" : 0,
        "slat_ns" : {
          "min" : 1250,
          "max" : 41640,
          "mean" : 3259.673151,
          "stddev" : 777.392981,
          "N" : 21487
        },
        "clat_ns" : {
          "min" : 1480,
          "max" : 49910,
          "mean" : 11026.857588,
          "stddev" : 2495.238102,
          "N" : 21487,
          "percentile" : {
            "1.000000" : 6112,
            "5.000000" : 6880,
            "10.000000" : 8640,
            "20.000000" : 9792,
            "30.000000" : 9920,
            "40.000000" : 10048,
            "50.000000" : 10944,
            "60.000000" : 11456,
            "70.000000" : 11584,
            "80.000000" : 11968,
            "90.000000" : 14016,
            "95.000000" : 15936,
            "99.000000" : 18560,
            "99.500000" : 20608,
            "99.900000" : 26752,
            "99.950000" : 28288,
            "99.990000" : 39168
          }
        },
        "lat_ns" : {
          "min" : 7680,
          "max" : 55720,
          "mean" : 14286.530740,
          "stddev" : 2536.799053,
          "N" : 21487
        },
        "bw_min" : 6936,
        "bw_max" : 7504,
        "bw_agg" : 49.811791,
        "bw_mean" : 7237.818182,
        "bw_dev" : 181.157290,
        "bw_samples" : 11,
        "iops_min" : 1734,
        "iops_max" : 1876,
        "iops_mean" : 1808.909091,
        "iops_stddev" : 45.366187,
        "iops_samples" : 11
      },
      "trim" : {
        "io_bytes" : 0,
        "io_kbytes" : 0,
        "bw_bytes" : 0,
        "bw" : 0,
        "iops" : 0.000000,
        "runtime" : 0,
        "total_ios" : 0,
        "short_ios" : 0,
        "drop_ios" : 0,
        "slat_ns" : {
          "min" : 0,
          "max" : 0,
          "mean" : 0.000000,
          "stddev" : 0.000000,
          "N" : 0
        },
        "clat_ns" : {
          "min" : 0,
          "max" : 0,
          "mean" : 0.000000,
          "stddev" : 0.000000,
          "N" : 0
        },
        "lat_ns" : {
          "min" : 0,
          "max" : 0,
          "mean" : 0.000000,
          "stddev" : 0.000000,
          "N" : 0
        },
        "bw_min" : 0,
        "bw_max" : 0,
        "bw_agg" : 0.000000,
        "bw_mean" : 0.000000,
        "bw_dev" : 0.000000,
        "bw_samples" : 0,
        "iops_min" : 0,
        "iops_max" : 0,
        "iops_mean" : 0.000000,
        "iops_stddev" : 0.000000,
        "iops_samples" : 0
      },
      "sync" : {
        "total_ios" : 0,
        "lat_ns" : {
          "min" : 0,
          "max" : 0,
          "mean" : 0.000000,
          "stddev" : 0.000000,
          "N" : 0
        }
      },
      "job_runtime" : 11885,
      "usr_cpu" : 7.925957,
      "sys_cpu" : 18.106857,
      "ctx" : 331568,
      "majf" : 0,
      "minf" : 40,
      "iodepth_level" : {
        "1" : 0.100000,
        "2" : 0.100000,
        "4" : 99.999301,
        "8" : 0.000000,
        "16" : 0.000000,
        "32" : 0.000000,
        ">=64" : 0.000000
      },
      "iodepth_submit" : {
        "0" : 0.000000,
        "4" : 100.000000,
        "8" : 0.000000,
        "16" : 0.000000,
        "32" : 0.000000,
        "64" : 0.000000,
        ">=64" : 0.000000
      },
      "iodepth_complete" : {
        "0" : 0.000000,
        "4" : 100.000000,
        "8" : 0.000000,
        "16" : 0.000000,
        "32" : 0.000000,
        "64" : 0.000000,
        ">=64" : 0.000000
      },
      "latency_ns" : {
        "2" : 0.000000,
        "4" : 0.000000,
        "10" : 0.000000,
        "20" : 0.000000,
        "50" : 0.000000,
        "100" : 0.000000,
        "250" : 0.000000,
        "500" : 0.000000,
        "750" : 0.000000,
        "1000" : 0.000000
      },
      "latency_us" : {
        "2" : 0.010000,
        "4" : 0.000000,
        "10" : 1.921326,
        "20" : 3.053723,
        "50" : 0.067529,
        "100" : 49.504591,
        "250" : 44.152542,
        "500" : 1.079305,
        "750" : 0.034696,
        "1000" : 0.035628
      },
      "latency_ms" : {
        "2" : 0.148332,
        "4" : 0.010000,
        "10" : 0.000000,
        "20" : 0.000000,
        "50" : 0.000000,
        "100" : 0.000000,
        "250" : 0.000000,
        "500" : 0.000000,
        "750" : 0.000000,
        "1000" : 0.000000,
        "2000" : 0.000000,
        ">=2000" : 0.000000
      },
      "latency_depth" : 4,
      "latency_target" : 0,
      "latency_percentile" : 100.000000,
      "latency_window" : 0,
      "steadystate" : {
        "ss" : "iops:10.000000%",
        "duration" : 10,
        "attained" : 1,
        "criterion" : "1.635363%",
        "max_deviation" : 592.600000,
        "slope" : 0.000000,
        "data" : {
          "bw_mean" : 148426742,
          "iops_mean" : 36236,