{
  "fio version" : "fio-3.33",
  "timestamp" : 1687938986,
  "timestamp_ms" : 1687938986108,
  "time" : "Wed Jun 28 07:56:26 2023",
  "jobs" : [
    {
      "jobname" : "FIOJOB",
      "groupid" : 0,
      "error" : 0,
      "eta" : 0,
      "elapsed" : 13,
      "job options" : {
        "ioengine" : "io_uring",
        "rw" : "randrw",
        "bs" : "4k",
        "iodepth" : "8",
        "numjobs" : "2",
        "rwmixread" : "95",
        "runtime" : "60",
        "loops" : "1",
        "direct" : "1",
        "steadystate" : "iops:10%%",
        "steadystate_duration" : "10",
        "steadystate_ramp_time" : "1",
        "log_avg_msec" : "1000",
        "invalidate" : "1",
        "write_bw_log" : "/home/user/benchmarks/4096s/1x/nvme2n1/randrw95/4k/randrw-iodepth-8-numjobs-2",
        "write_lat_log" : "/home/user/benchmarks/4096s/1x/nvme2n1/randrw95/4k/randrw-iodepth-8-numjobs-2",
        "write_iops_log" : "/home/user/benchmarks/4096s/1x/nvme2n1/randrw95/4k/randrw-iodepth-8-numjobs-2",
        "filename" : "/dev/nvme2n1"
      },
      "read" : {
        "io_bytes" : 2383159296,
        "io_kbytes" : 2327304,
        "bw_bytes" : 200501371,
        "bw" : 195802,
        "iops" : 48950.530035,
        "runtime" : 11886,
        "total_ios" : 581826,
        "short_ios" : 0,
        "drop_ios" : 0,
        "slat_ns" : {
          "min" : 930,
          "max" : 37580,
          "mean" : 2816.672938,
          "stddev" : 848.764604,
          "N" : 581826
        },
        "clat_ns" : {
          "min" : 43149,
          "max" : 3652660,
          "mean" : 158664.152515,
          "stddev" : 119021.590490,
          "N" : 581826,
          "percentile" : {
            "1.000000" : 64768,
            "5.000000" : 71168,
            "10.000000" : 78336,
            "20.000000" : 89600,
            "30.000000" : 101888,
            "40.000000" : 115200,
            "50.000000" : 130560,
            "60.000000" : 152576,
            "70.000000" : 179200,
            "80.000000" : 211968,
            "90.000000" : 257024,
            "95.000000" : 301056,
            "99.000000" : 440320,
            "99.500000" : 667648,
            "99.900000" : 1826816,
            "99.950000" : 1957888,
            "99.990000" : 2211840
          }
        },
        "lat_ns" : {
          "min" : 46560,
          "max" : 3655530,
          "mean" : 161480.825453,
          "stddev" : 119012.001131,
          "N" : 581826
        },
        "bw_min" : 191299,
        "bw_max" : 208340,
        "bw_agg" : 50.269069,
        "bw_mean" : 195957.272727,
        "bw_dev" : 4974.067854,
        "bw_samples" : 11,
        "iops_min" : 47822,
        "iops_max" : 52086,
        "iops_mean" : 48988.818182,
        "iops_stddev" : 1244.015580,
        "iops_samples" : 11
      },
      "write" : {
        "io_bytes" : 126046208,
        "io_kbytes" : 123092,
        "bw_bytes" : 10604594,
        "bw" : 10356,
        "iops" : 2589.012283,
        "runtime" : 11886,
        "total_ios" : 30773,
        "short_ios" : 0,
        "drop_ios" : 0,
        "slat_ns" : {
          "min" : 1120,
          "max" : 24329,
          "mean" : 3322.665518,
          "stddev" : 913.730672,
          "N" : 30773
        },
        "clat_ns" : {
          "min" : 2910,
          "max" : 47150,
          "mean" : 12763.464758,
          "stddev" : 5845.201748,
          "N" : 30773,
          "percentile" : {
            "1.000000" : 6304,
            "5.000000" : 6816,
            "10.000000" : 7392,
            "20.000000" : 9024,
            "30.000000" : 10048,
            "40.000000" : 10688,
            "50.000000" : 11456,
            "60.000000" : 11712,
            "70.000000" : 12480,
            "80.000000" : 15040,
            "90.000000" : 19328,
            "95.000000" : 29824,
            "99.000000" : 31616,
            "99.500000" : 32640,
            "99.900000" : 35072,
            "99.950000" : 39168,
            "99.990000" : 44800
          }
        },
        "lat_ns" : {
          "min" : 6590,
          "max" : 50200,
          "mean" : 16086.130277,
          "stddev" : 5817.091717,
          "N" : 30773
        },
        "bw_min" : 9553,
        "bw_max" : 11192,
        "bw_agg" : 50.084505,
        "bw_mean" : 10354.454545,
        "bw_dev" : 418.392486,
        "bw_samples" : 11,
        "iops_min" : 2388,
        "iops_max" : 2798,
        "iops_mean" : 2588.272727,
        "iops_stddev" : 104.630866,
        "iops_samples" : 11
      },
      "trim" : {
        "io_bytes" : 0,
        "io_kbytes" : 0,
        "bw_bytes" : 0,
        "bw" : 0,
        "iops" : 0.000000,
        "runtime" : 0,
        "total_ios" : 0,
        "short_ios" : 0,
        "drop_ios" : 0,
        "slat_ns" : {
          "min" : 0,
          "max" : 0,
          "mean" : 0.000000,
          "stddev" : 0.000000,
          "N" : 0
        },
        "clat_ns" : {
          "min" : 0,
          "max" : 0,
          "mean" : 0.000000,
          "stddev" : 0.000000,
          "N" : 0
        },
        "lat_ns" : {
          "min" : 0,
          "max" : 0,
          "mean" : 0.000000,
          "stddev" : 0.000000,
          "N" : 0
        },
        "bw_min" : 0,
        "bw_max" : 0,
        "bw_agg" : 0.000000,
        "bw_mean" : 0.000000,
        "bw_dev" : 0.000000,
        "bw_samples" : 0,
        "iops_min" : 0,
        "iops_max" : 0,
        "iops_mean" : 0.000000,
        "iops_stddev" : 0.000000,
        "iops_samples" : 0
      },
      "sync" : {
        "total_ios" : 0,
        "lat_ns" : {
          "min" : 0,
          "max" : 0,
          "mean" : 0.000000,
          "stddev" : 0.000000,
          "N" : 0
        }
      },
      "job_runtime" : 11885,
      "usr_cpu" : 9.970551,
      "sys_cpu" : 25.082036,
      "ctx" : 375378,
      "majf" : 0,
      "minf" : 41,
      "iodepth_level" : {
        "1" : 0.100000,
        "2" : 0.100000,
        "4" : 0.100000,
        "8" : 99.998857,
        "16" : 0.000000,
        "32" : 0.000000,
        ">=64" : 0.000000
      },
      "iodepth_submit" : {
        "0" : 0.000000,
        "4" : 100.000000,
        "8" : 0.000000,
        "16" : 0.000000,
        "32" : 0.000000,
        "64" : 0.000000,
        ">=64" : 0.000000
      },
      "iodepth_complete" : {
        "0" : 0.000000,
        "4" : 99.999837,
        "8" : 0.100000,
        "16" : 0.000000,
        "32" : 0.000000,
        "64" : 0.000000,
        ">=64" : 0.000000
      },
      "latency_ns" : {
        "2" : 0.000000,
        "4" : 0.000000,
        "10" : 0.000000,
        "20" : 0.000000,
        "50" : 0.000000,
        "100" : 0.000000,
        "250" : 0.000000,
        "500" : 0.000000,
        "750" : 0.000000,
        "1000" : 0.000000
      },
      "latency_us" : {
        "2" : 0.000000,
        "4" : 0.010000,
        "10" : 1.428667,
        "20" : 3.126025,
        "50" : 0.482861,
        "100" : 27.374351,
        "250" : 56.970710,
        "500" : 9.949249,
        "750" : 0.228534,
        "1000" : 0.082925
      },
      "latency_ms" : {
        "2" : 0.322397,
        "4" : 0.033790,
        "10" : 0.000000,
        "20" : 0.000000,
        "50" : 0.000000,
        "100" : 0.000000,
        "250" : 0.000000,
        "500" : 0.000000,
        "750" : 0.000000,
        "1000" : 0.000000,
        "2000" : 0.000000,
        ">=2000" : 0.000000
      },
      "latency_depth" : 8,
      "latency_target" : 0,
      "latency_percentile" : 100.000000,
      "latency_window" : 0,
      "steadystate" : {
        "ss" : "iops:10.000000%",
        "duration" : 10,
        "attained" : 1,
        "criterion" : "2.520874%",
        "max_deviation" : 1294.900000,
        "slope" : 0.000000,
        "data" : {
          "bw_mean" : 210401436,
          "iops_mean" : 51367,