{
  "fio version" : "fio-3.33",
  "timestamp" : 1687942438,
  "timestamp_ms" : 1687942438618,
  "time" : "Wed Jun 28 08:53:58 2023",
  "jobs" : [
    {
      "jobname" : "FIOJOB",
      "groupid" : 0,
      "error" : 0,
      "eta" : 0,
      "elapsed" : 13,
      "job options" : {
        "ioengine" : "io_uring",
        "rw" : "randrw",
        "bs" : "4k",
        "iodepth" : "64",
        "numjobs" : "2",
        "rwmixread" : "95",
        "runtime" : "60",
        "loops" : "1",
        "direct" : "1",
        "steadystate" : "iops:10%%",
        "steadystate_duration" : "10",
        "steadystate_ramp_time" : "1",
        "log_avg_msec" : "1000",
        "invalidate" : "1",
        "write_bw_log" : "/home/user/benchmarks/4096s/1x/nvme2n1/randrw95/4k/randrw-iodepth-64-numjobs-2",
        "write_lat_log" : "/home/user/benchmarks/4096s/1x/nvme2n1/randrw95/4k/randrw-iodepth-64-numjobs-2",
        "write_iops_log" : "/home/user/benchmarks/4096s/1x/nvme2n1/randrw95/4k/randrw-iodepth-64-numjobs-2",
        "filename" : "/dev/nvme2n1"
      },
      "read" : {
        "io_bytes" : 7719202816,
        "io_kbytes" : 7538284,
        "bw_bytes" : 649436548,
        "bw" : 634215,
        "iops" : 158553.844859,
        "runtime" : 11886,
        "total_ios" : 1884571,
        "short_ios" : 0,
        "drop_ios" : 0,
        "slat_ns" : {
          "min" : 900,
          "max" : 42200,
          "mean" : 2282.991092,
          "stddev" : 1019.094218,
          "N" : 1884571
        },
        "clat_ns" : {
          "min" : 67011,
          "max" : 6268739,
          "mean" : 399611.425668,
          "stddev" : 297033.780945,
          "N" : 1884571,
          "percentile" : {
            "1.000000" : 109056,
            "5.000000" : 127488,
            "10.000000" : 148480,
            "20.000000" : 193536,
            "30.000000" : 240640,
            "40.000000" : 280576,
            "50.000000" : 317440,
            "60.000000" : 370688,
            "70.000000" : 440320,
            "80.000000" : 536576,
            "90.000000" : 708608,
            "95.000000" : 905216,
            "99.000000" : 1728512,
            "99.500000" : 1990656,
            "99.900000" : 2506752,
            "99.950000" : 2670592,
            "99.990000" : 3260416
          }
        },
        "lat_ns" : {
          "min" : 71871,
          "max" : 6270629,
          "mean" : 401894.416761,
          "stddev" : 297020.918892,
          "N" : 1884571
        },
        "bw_min" : 621085,
        "bw_max" : 647135,
        "bw_agg" : 51.461368,
        "bw_mean" : 637203.818182,
        "bw_dev" : 7040.137894,
        "bw_samples" : 11,
        "iops_min" : 155270,
        "iops_max" : 161784,
        "iops_mean" : 159300.727273,
        "iops_stddev" : 1760.099775,
        "iops_samples" : 11
      },
      "write" : {
        "io_bytes" : 406478848,
        "io_kbytes" : 396952,
        "bw_bytes" : 34198119,
        "bw" : 33396,
        "iops" : 8349.150261,
        "runtime" : 11886,
        "total_ios" : 99238,
        "short_ios" : 0,
        "drop_ios" : 0,
        "slat_ns" : {
          "min" : 1140,
          "max" : 24860,
          "mean" : 2736.235565,
          "stddev" : 1127.966733,
          "N" : 99238
        },
        "clat_ns" : {
          "min" : 260,
          "max" : 126130,
          "mean" : 14440.999103,
          "stddev" : 7389.511683,
          "N" : 99238,
          "percentile" : {
            "1.000000" : 6176,
            "5.000000" : 6624,
            "10.000000" : 7584,
            "20.000000" : 8512,
            "30.000000" : 9408,
            "40.000000" : 10688,
            "50.000000" : 12224,
            "60.000000" : 14016,
            "70.000000" : 16192,
            "80.000000" : 19584,
            "90.000000" : 25216,
            "95.000000" : 30080,
            "99.000000" : 37120,
            "99.500000" : 41728,
            "99.900000" : 52480,
            "99.950000" : 56576,
            "99.990000" : 68096
          }
        },
        "lat_ns" : {
          "min" : 6680,
          "max" : 129890,
          "mean" : 17177.234668,
          "stddev" : 7601.477799,
          "N" : 99238
        },
        "bw_min" : 32736,
        "bw_max" : 34172,
        "bw_agg" : 51.375088,
        "bw_mean" : 33514.000000,
        "bw_dev" : 476.004622,
        "bw_samples" : 11,
        "iops_min" : 8184,
        "iops_max" : 8543,
        "iops_mean" : 8378.363636,
        "iops_stddev" : 118.932143,
        "iops_samples" : 11
      },
      "trim" : {
        "io_bytes" : 0,
        "io_kbytes" : 0,
        "bw_bytes" : 0,
        "bw" : 0,
        "iops" : 0.000000,
        "runtime" : 0,
        "total_ios" : 0,
        "short_ios" : 0,
        "drop_ios" : 0,
        "slat_ns" : {
          "min" : 0,
          "max" : 0,
          "mean" : 0.000000,
          "stddev" : 0.000000,
          "N" : 0
        },
        "clat_ns" : {
          "min" : 0,
          "max" : 0,
          "mean" : 0.000000,
          "stddev" : 0.000000,
          "N" : 0
        },
        "lat_ns" : {
          "min" : 0,
          "max" : 0,
          "mean" : 0.000000,
          "stddev" : 0.000000,
          "N" : 0
        },
        "bw_min" : 0,
        "bw_max" : 0,
        "bw_agg" : 0.000000,
        "bw_mean" : 0.000000,
        "bw_dev" : 0.000000,
        "bw_samples" : 0,
        "iops_min" : 0,
        "iops_max" : 0,
        "iops_mean" : 0.000000,
        "iops_stddev" : 0.000000,
        "iops_samples" : 0
      },
      "sync" : {
        "total_ios" : 0,
        "lat_ns" : {
          "min" : 0,
          "max" : 0,
          "mean" : 0.000000,
          "stddev" : 0.000000,
          "N" : 0
        }
      },
      "job_runtime" : 11885,
      "usr_cpu" : 21.926798,
      "sys_cpu" : 46.201094,
      "ctx" : 416413,
      "majf" : 0,
      "minf" : 44,
      "iodepth_level" : {
        "1" : 0.100000,
        "2" : 0.100000,
        "4" : 0.100000,
        "8" : 0.100000,
        "16" : 0.100000,
        "32" : 0.100000,
        ">=64" : 99.996824
      },
      "iodepth_submit" : {
        "0" : 0.000000,
        "4" : 100.000000,
        "8" : 0.000000,
        "16" : 0.000000,
        "32" : 0.000000,
        "64" : 0.000000,
        ">=64" : 0.000000
      },
      "iodepth_complete" : {
        "0" : 0.000000,
        "4" : 99.999950,
        "8" : 0.000000,
        "16" : 0.000000,
        "32" : 0.000000,
        "64" : 0.100000,
        ">=64" : 0.000000
      },
      "latency_ns" : {
        "2" : 0.000000,
        "4" : 0.000000,
        "10" : 0.000000,
        "20" : 0.000000,
        "50" : 0.000000,
        "100" : 0.000000,
        "250" : 0.000000,
        "500" : 0.010000,
        "750" : 0.000000,
        "1000" : 0.010000
      },
      "latency_us" : {
        "2" : 0.000000,
        "4" : 0.010000,
        "10" : 1.731366,
        "20" : 2.318116,
        "50" : 0.944244,
        "100" : 0.234095,
        "250" : 30.239453,
        "500" : 42.318338,
        "750" : 14.041876,
        "1000" : 4.519689
      },
      "latency_ms" : {
        "2" : 3.191386,
        "4" : 0.459722,
        "10" : 0.010000,
        "20" : 0.000000,
        "50" : 0.000000,
        "100" : 0.000000,
        "250" : 0.000000,
        "500" : 0.000000,
        "750" : 0.000000,
        "1000" : 0.000000,
        "2000" : 0.000000,
        ">=2000" : 0.000000
      },
      "latency_depth" : 64,
      "latency_target" : 0,
      "latency_percentile" : 100.000000,
      "latency_window" : 0,
      "steadystate" : {
        "ss" : "iops:10.000000%",
        "duration" : 10,
        "attained" : 1,
        "criterion" : "4.075435%",
        "max_deviation" : 6821.100000,
        "slope" : 0.000000,
        "data" : {
          "bw_mean" : 685553803,
          "iops_mean" : 167371,