{
  "fio version" : "fio-3.33",
  "timestamp" : 1687940036,
  "timestamp_ms" : 1687940036945,
  "time" : "Wed Jun 28 08:13:56 2023",
  "jobs" : [
    {
      "jobname" : "FIOJOB",
      "groupid" : 0,
      "error" : 0,
      "eta" : 0,
      "elapsed" : 13,
      "job options" : {
        "ioengine" : "io_uring",
        "rw" : "randrw",
        "bs" : "4k",
        "iodepth" : "16",
        "numjobs" : "2",
        "rwmixread" : "95",
        "runtime" : "60",
        "loops" : "1",
        "direct" : "1",
        "steadystate" : "iops:10%%",
        "steadystate_duration" : "10",
        "steadystate_ramp_time" : "1",
        "log_avg_msec" : "1000",
        "invalidate" : "1",
        "write_bw_log" : "/home/user/benchmarks/4096s/1x/nvme2n1/randrw95/4k/randrw-iodepth-16-numjobs-2",
        "write_lat_log" : "/home/user/benchmarks/4096s/1x/nvme2n1/randrw95/4k/randrw-iodepth-16-numjobs-2",
        "write_iops_log" : "/home/user/benchmarks/4096s/1x/nvme2n1/randrw95/4k/randrw-iodepth-16-numjobs-2",
        "filename" : "/dev/nvme2n1"
      },
      "read" : {
        "io_bytes" : 3521454080,
        "io_kbytes" : 3438920,
        "bw_bytes" : 296244138,
        "bw" : 289300,
        "iops" : 72325.229242,
        "runtime" : 11887,
        "total_ios" : 859730,
        "short_ios" : 0,
        "drop_ios" : 0,
        "slat_ns" : {
          "min" : 910,
          "max" : 51180,
          "mean" : 2871.586221,
          "stddev" : 1234.898495,
          "N" : 859730
        },
        "clat_ns" : {
          "min" : 42320,
          "max" : 4491109,
          "mean" : 216389.314670,
          "stddev" : 169405.906731,
          "N" : 859730,
          "percentile" : {
            "1.000000" : 70144,
            "5.000000" : 83456,
            "10.000000" : 92672,
            "20.000000" : 110080,
            "30.000000" : 129536,
            "40.000000" : 152576,
            "50.000000" : 183296,
            "60.000000" : 216064,
            "70.000000" : 246784,
            "80.000000" : 284672,
            "90.000000" : 350208,
            "95.000000" : 428032,
            "99.000000" : 782336,
            "99.500000" : 1433600,
            "99.900000" : 2023424,
            "99.950000" : 2179072,
            "99.990000" : 2473984
          }
        },
        "lat_ns" : {
          "min" : 46820,
          "max" : 4493769,
          "mean" : 219260.900891,
          "stddev" : 169393.639422,
          "N" : 859730
        },
        "bw_min" : 283635,
        "bw_max" : 304540,
        "bw_agg" : 51.132058,
        "bw_mean" : 289635.636364,
        "bw_dev" : 5456.069616,
        "bw_samples" : 11,
        "iops_min" : 70908,
        "iops_max" : 76140,
        "iops_mean" : 72408.636364,
        "iops_stddev" : 1365.578652,
        "iops_samples" : 11
      },
      "write" : {
        "io_bytes" : 185794560,
        "io_kbytes" : 181440,
        "bw_bytes" : 15630063,
        "bw" : 15263,
        "iops" : 3815.933373,
        "runtime" : 11887,
        "total_ios" : 45360,
        "short_ios" : 0,
        "drop_ios" : 0,
        "slat_ns" : {
          "min" : 1080,
          "max" : 24020,
          "mean" : 3397.372884,
          "stddev" : 1367.837331,
          "N" : 45360
        },
        "clat_ns" : {
          "min" : 270,
          "max" : 59120,
          "mean" : 13211.278263,
          "stddev" : 6691.452005,
          "N" : 45360,
          "percentile" : {
            "1.000000" : 6112,
            "5.000000" : 6688,
            "10.000000" : 6880,
            "20.000000" : 8096,
            "30.000000" : 9664,
            "40.000000" : 10304,
            "50.000000" : 10688,
            "60.000000" : 11712,
            "70.000000" : 14272,
            "80.000000" : 17536,
            "90.000000" : 23424,
            "95.000000" : 28544,
            "99.000000" : 33536,
            "99.500000" : 35584,
            "99.900000" : 41728,
            "99.950000" : 44800,
            "99.990000" : 49920
          }
        },
        "lat_ns" : {
          "min" : 6391,
          "max" : 62220,
          "mean" : 16608.651146,
          "stddev" : 6826.066301,
          "N" : 45360
        },
        "bw_min" : 14758,
        "bw_max" : 16064,
        "bw_agg" : 51.188279,
        "bw_mean" : 15303.818182,
        "bw_dev" : 337.291215,
        "bw_samples" : 11,
        "iops_min" : 3689,
        "iops_max" : 4016,
        "iops_mean" : 3825.454545,
        "iops_stddev" : 84.424361,
        "iops_samples" : 11
      },
      "trim" : {
        "io_bytes" : 0,
        "io_kbytes" : 0,
        "bw_bytes" : 0,
        "bw" : 0,
        "iops" : 0.000000,
        "runtime" : 0,
        "total_ios" : 0,
        "short_ios" : 0,
        "drop_ios" : 0,
        "slat_ns" : {
          "min" : 0,
          "max" : 0,
          "mean" : 0.000000,
          "stddev" : 0.000000,
          "N" : 0
        },
        "clat_ns" : {
          "min" : 0,
          "max" : 0,
          "mean" : 0.000000,
          "stddev" : 0.000000,
          "N" : 0
        },
        "lat_ns" : {
          "min" : 0,
          "max" : 0,
          "mean" : 0.000000,
          "stddev" : 0.000000,
          "N" : 0
        },
        "bw_min" : 0,
        "bw_max" : 0,
        "bw_agg" : 0.000000,
        "bw_mean" : 0.000000,
        "bw_dev" : 0.000000,
        "bw_samples" : 0,
        "iops_min" : 0,
        "iops_max" : 0,
        "iops_mean" : 0.000000,
        "iops_stddev" : 0.000000,
        "iops_samples" : 0
      },
      "sync" : {
        "total_ios" : 0,
        "lat_ns" : {
          "min" : 0,
          "max" : 0,
          "mean" : 0.000000,
          "stddev" : 0.000000,
          "N" : 0
        }
      },
      "job_runtime" : 11886,
      "usr_cpu" : 14.294128,
      "sys_cpu" : 33.400639,
      "ctx" : 389345,
      "majf" : 0,
      "minf" : 40,
      "iodepth_level" : {
        "1" : 0.100000,
        "2" : 0.100000,
        "4" : 0.100000,
        "8" : 0.100000,
        "16" : 99.998343,
        "32" : 0.000000,
        ">=64" : 0.000000
      },
      "iodepth_submit" : {
        "0" : 0.000000,
        "4" : 100.000000,
        "8" : 0.000000,
        "16" : 0.000000,
        "32" : 0.000000,
        "64" : 0.000000,
        ">=64" : 0.000000
      },
      "iodepth_complete" : {
        "0" : 0.000000,
        "4" : 99.999890,
        "8" : 0.000000,
        "16" : 0.100000,
        "32" : 0.000000,
        "64" : 0.000000,
        ">=64" : 0.000000
      },
      "latency_ns" : {
        "2" : 0.000000,
        "4" : 0.000000,
        "10" : 0.000000,
        "20" : 0.000000,
        "50" : 0.000000,
        "100" : 0.000000,
        "250" : 0.000000,
        "500" : 0.010000,
        "750" : 0.000000,
        "1000" : 0.000000
      },
      "latency_us" : {
        "2" : 0.000000,
        "4" : 0.010000,
        "10" : 1.711984,
        "20" : 2.573335,
        "50" : 0.732634,
        "100" : 13.714769,
        "250" : 53.487388,
        "500" : 25.045134,
        "750" : 1.723144,
        "1000" : 0.274006
      },
      "latency_ms" : {
        "2" : 0.625794,
        "4" : 0.111260,
        "10" : 0.010000,
        "20" : 0.000000,
        "50" : 0.000000,
        "100" : 0.000000,
        "250" : 0.000000,
        "500" : 0.000000,
        "750" : 0.000000,
        "1000" : 0.000000,
        "2000" : 0.000000,
        ">=2000" : 0.000000
      },
      "latency_depth" : 16,
      "latency_target" : 0,
      "latency_percentile" : 100.000000,
      "latency_window" : 0,
      "steadystate" : {
        "ss" : "iops:10.000000%",
        "duration" : 10,
        "attained" : 1,
        "criterion" : "1.789522%",
        "max_deviation" : 1357.100000,
        "slope" : 0.000000,
        "data" : {
          "bw_mean" : 310624900,
          "iops_mean" : 75835,