{
  "fio version" : "fio-3.33",
  "timestamp" : 1687937847,
  "timestamp_ms" : 1687937847072,
  "time" : "Wed Jun 28 07:37:27 2023",
  "jobs" : [
    {
      "jobname" : "FIOJOB",
      "groupid" : 0,
      "error" : 0,
      "eta" : 0,
      "elapsed" : 13,
      "job options" : {
        "ioengine" : "io_uring",
        "rw" : "randrw",
        "bs" : "4k",
        "iodepth" : "4",
        "numjobs" : "1",
        "rwmixread" : "95",
        "runtime" : "60",
        "loops" : "1",
        "direct" : "1",
        "steadystate" : "iops:10%%",
        "steadystate_duration" : "10",
        "steadystate_ramp_time" : "1",
        "log_avg_msec" : "1000",
        "invalidate" : "1",
        "write_bw_log" : "/home/user/benchmarks/4096s/1x/nvme2n1/randrw95/4k/randrw-iodepth-4-numjobs-1",
        "write_lat_log" : "/home/user/benchmarks/4096s/1x/nvme2n1/randrw95/4k/randrw-iodepth-4-numjobs-1",
        "write_iops_log" : "/home/user/benchmarks/4096s/1x/nvme2n1/randrw95/4k/randrw-iodepth-4-numjobs-1",
        "filename" : "/dev/nvme2n1"
      },
      "read" : {
        "io_bytes" : 1887232000,
        "io_kbytes" : 1843000,
        "bw_bytes" : 158764364,
        "bw" : 155043,
        "iops" : 38760.831160,
        "runtime" : 11887,
        "total_ios" : 460750,
        "short_ios" : 0,
        "drop_ios" : 0,
        "slat_ns" : {
          "min" : 930,
          "max" : 27400,
          "mean" : 2830.839390,
          "stddev" : 780.623069,
          "N" : 460750
        },
        "clat_ns" : {
          "min" : 44560,
          "max" : 2046279,
          "mean" : 98420.151286,
          "stddev" : 52247.212360,
          "N" : 460750,
          "percentile" : {
            "1.000000" : 61696,
            "5.000000" : 63744,
            "10.000000" : 64768,
            "20.000000" : 67072,
            "30.000000" : 70144,
            "40.000000" : 77312,
            "50.000000" : 81408,
            "60.000000" : 94720,
            "70.000000" : 108032,
            "80.000000" : 122368,
            "90.000000" : 150528,
            "95.000000" : 177152,
            "99.000000" : 224256,
            "99.500000" : 238592,
            "99.900000" : 362496,
            "99.950000" : 1220608,
            "99.990000" : 1695744
          }
        },
        "lat_ns" : {
          "min" : 47420,
          "max" : 2049250,
          "mean" : 101250.990676,
          "stddev" : 52224.061189,
          "N" : 460750
        },
        "bw_min" : 150994,
        "bw_max" : 161356,
        "bw_agg" : 100.000000,
        "bw_mean" : 155121.545455,
        "bw_dev" : 3279.377117,
        "bw_samples" : 11,
        "iops_min" : 37748,
        "iops_max" : 40341,
        "iops_mean" : 38780.454545,
        "iops_stddev" : 820.243057,
        "iops_samples" : 11
      },
      "write" : {
        "io_bytes" : 99471360,
        "io_kbytes" : 97140,
        "bw_bytes" : 8368079,
        "bw" : 8171,
        "iops" : 2042.988138,
        "runtime" : 11887,
        "total_ios" : 24285,
        "short_ios" : 0,
        "drop_ios" : 0,
        "slat_ns" : {
          "min" : 1140,
          "max" : 23969,
          "mean" : 3347.243937,
          "stddev" : 896.876479,
          "N" : 24285
        },
        "clat_ns" : {
          "min" : 1150,
          "max" : 41240,
          "mean" : 11463.422524,
          "stddev" : 3173.672908,
          "N" : 24285,
          "percentile" : {
            "1.000000" : 6048,
            "5.000000" : 6688,
            "10.000000" : 7200,
            "20.000000" : 9280,
            "30.000000" : 9920,
            "40.000000" : 10560,
            "50.000000" : 10816,
            "60.000000" : 12224,
            "70.000000" : 12480,
            "80.000000" : 13376,
            "90.000000" : 15936,
            "95.000000" : 17536,
            "99.000000" : 20608,
            "99.500000" : 22400,
            "99.900000" : 27264,
            "99.950000" : 29568,
            "99.990000" : 35072
          }
        },
        "lat_ns" : {
          "min" : 6250,
          "max" : 44680,
          "mean" : 14810.666461,
          "stddev" : 3292.693368,
          "N" : 24285
        },
        "bw_min" : 7879,
        "bw_max" : 8824,
        "bw_agg" : 99.976112,
        "bw_mean" : 8170.454545,
        "bw_dev" : 314.265927,
        "bw_samples" : 11,
        "iops_min" : 1969,
        "iops_max" : 2206,
        "iops_mean" : 2042.545455,
        "iops_stddev" : 78.636332,
        "iops_samples" : 11
      },
      "trim" : {
        "io_bytes" : 0,
        "io_kbytes" : 0,
        "bw_bytes" : 0,
        "bw" : 0,
        "iops" : 0.000000,
        "runtime" : 0,
        "total_ios" : 0,
        "short_ios" : 0,
        "drop_ios" : 0,
        "slat_ns" : {
          "min" : 0,
          "max" : 0,
          "mean" : 0.000000,
          "stddev" : 0.000000,
          "N" : 0
        },
        "clat_ns" : {
          "min" : 0,
          "max" : 0,
          "mean" : 0.000000,
          "stddev" : 0.000000,
          "N" : 0
        },
        "lat_ns" : {
          "min" : 0,
          "max" : 0,
          "mean" : 0.000000,
          "stddev" : 0.000000,
          "N" : 0
        },
        "bw_min" : 0,
        "bw_max" : 0,
        "bw_agg" : 0.000000,
        "bw_mean" : 0.000000,
        "bw_dev" : 0.000000,
        "bw_samples" : 0,
        "iops_min" : 0,
        "iops_max" : 0,
        "iops_mean" : 0.000000,
        "iops_stddev" : 0.000000,
        "iops_samples" : 0
      },
      "sync" : {
        "total_ios" : 0,
        "lat_ns" : {
          "min" : 0,
          "max" : 0,
          "mean" : 0.000000,
          "stddev" : 0.000000,
          "N" : 0
        }
      },
      "job_runtime" : 11886,
      "usr_cpu" : 9.237759,
      "sys_cpu" : 21.689382,
      "ctx" : 367968,
      "majf" : 0,
      "minf" : 40,
      "iodepth_level" : {
        "1" : 0.100000,
        "2" : 0.100000,
        "4" : 99.999381,
        "8" : 0.000000,
        "16" : 0.000000,
        "32" : 0.000000,
        ">=64" : 0.000000
      },
      "iodepth_submit" : {
        "0" : 0.000000,
        "4" : 100.000000,
        "8" : 0.000000,
        "16" : 0.000000,
        "32" : 0.000000,
        "64" : 0.000000,
        ">=64" : 0.000000
      },
      "iodepth_complete" : {
        "0" : 0.000000,
        "4" : 100.000000,
        "8" : 0.000000,
        "16" : 0.000000,
        "32" : 0.000000,
        "64" : 0.000000,
        ">=64" : 0.000000
      },
      "latency_ns" : {
        "2" : 0.000000,
        "4" : 0.000000,
        "10" : 0.000000,
        "20" : 0.000000,
        "50" : 0.000000,
        "100" : 0.000000,
        "250" : 0.000000,
        "500" : 0.000000,
        "750" : 0.000000,
        "1000" : 0.000000
      },
      "latency_us" : {
        "2" : 0.010000,
        "4" : 0.000000,
        "10" : 1.587102,
        "20" : 3.354603,
        "50" : 0.146587,
        "100" : 62.109538,
        "250" : 32.681971,
        "500" : 0.033812,
        "750" : 0.012164,
        "1000" : 0.011339
      },
      "latency_ms" : {
        "2" : 0.062264,
        "4" : 0.010000,
        "10" : 0.000000,
        "20" : 0.000000,
        "50" : 0.000000,
        "100" : 0.000000,
        "250" : 0.000000,
        "500" : 0.000000,
        "750" : 0.000000,
        "1000" : 0.000000,
        "2000" : 0.000000,
        ">=2000" : 0.000000
      },
      "latency_depth" : 4,
      "latency_target" : 0,
      "latency_percentile" : 100.000000,
      "latency_window" : 0,
      "steadystate" : {
        "ss" : "iops:10.000000%",
        "duration" : 10,
        "attained" : 1,
        "criterion" : "3.074052%",
        "max_deviation" : 1248.600000,
        "slope" : 0.000000,
        "data" : {
          "bw_mean" : 166369913,
          "iops_mean" : 40617,