{
  "fio version" : "fio-3.33",
  "timestamp" : 1687941220,
  "timestamp_ms" : 1687941220734,
  "time" : "Wed Jun 28 08:33:40 2023",
  "jobs" : [
    {
      "jobname" : "FIOJOB",
      "groupid" : 0,
      "error" : 0,
      "eta" : 0,
      "elapsed" : 13,
      "job options" : {
        "ioengine" : "io_uring",
        "rw" : "randrw",
        "bs" : "4k",
        "iodepth" : "32",
        "numjobs" : "2",
        "rwmixread" : "95",
        "runtime" : "60",
        "loops" : "1",
        "direct" : "1",
        "steadystate" : "iops:10%%",
        "steadystate_duration" : "10",
        "steadystate_ramp_time" : "1",
        "log_avg_msec" : "1000",
        "invalidate" : "1",
        "write_bw_log" : "/home/user/benchmarks/4096s/1x/nvme2n1/randrw95/4k/randrw-iodepth-32-numjobs-2",
        "write_lat_log" : "/home/user/benchmarks/4096s/1x/nvme2n1/randrw95/4k/randrw-iodepth-32-numjobs-2",
        "write_iops_log" : "/home/user/benchmarks/4096s/1x/nvme2n1/randrw95/4k/randrw-iodepth-32-numjobs-2",
        "filename" : "/dev/nvme2n1"
      },
      "read" : {
        "io_bytes" : 4947836928,
        "io_kbytes" : 4831872,
        "bw_bytes" : 416274350,
        "bw" : 406517,
        "iops" : 101629.480061,
        "runtime" : 11886,
        "total_ios" : 1207968,
        "short_ios" : 0,
        "drop_ios" : 0,
        "slat_ns" : {
          "min" : 910,
          "max" : 55260,
          "mean" : 2789.573207,
          "stddev" : 1232.288156,
          "N" : 1207968
        },
        "clat_ns" : {
          "min" : 46600,
          "max" : 12168339,
          "mean" : 310105.734412,
          "stddev" : 223598.904404,
          "N" : 1207968,
          "percentile" : {
            "1.000000" : 95744,
            "5.000000" : 128512,
            "10.000000" : 144384,
            "20.000000" : 166912,
            "30.000000" : 195584,
            "40.000000" : 230400,
            "50.000000" : 268288,
            "60.000000" : 301056,
            "70.000000" : 337920,
            "80.000000" : 395264,
            "90.000000" : 497664,
            "95.000000" : 610304,
            "99.000000" : 1302528,
            "99.500000" : 1794048,
            "99.900000" : 2277376,
            "99.950000" : 2441216,
            "99.990000" : 2965504
          }
        },
        "lat_ns" : {
          "min" : 49150,
          "max" : 12170519,
          "mean" : 312895.307619,
          "stddev" : 223589.273739,
          "N" : 1207968
        },
        "bw_min" : 397257,
        "bw_max" : 421580,
        "bw_agg" : 51.422781,
        "bw_mean" : 406295.181818,
        "bw_dev" : 7275.892548,
        "bw_samples" : 11,
        "iops_min" : 99314,
        "iops_max" : 105397,
        "iops_mean" : 101573.727273,
        "iops_stddev" : 1819.332025,
        "iops_samples" : 11
      },
      "write" : {
        "io_bytes" : 260587520,
        "io_kbytes" : 254480,
        "bw_bytes" : 21923903,
        "bw" : 21410,
        "iops" : 5352.515565,
        "runtime" : 11886,
        "total_ios" : 63620,
        "short_ios" : 0,
        "drop_ios" : 0,
        "slat_ns" : {
          "min" : 1100,
          "max" : 51240,
          "mean" : 3294.940538,
          "stddev" : 1356.561062,
          "N" : 63620
        },
        "clat_ns" : {
          "min" : 280,
          "max" : 96710,
          "mean" : 14914.789610,
          "stddev" : 7371.647697,
          "N" : 63620,
          "percentile" : {
            "1.000000" : 6112,
            "5.000000" : 7264,
            "10.000000" : 7648,
            "20.000000" : 9152,
            "30.000000" : 10048,
            "40.000000" : 11200,
            "50.000000" : 12480,
            "60.000000" : 14528,
            "70.000000" : 17024,
            "80.000000" : 19840,
            "90.000000" : 25984,
            "95.000000" : 31616,
            "99.000000" : 36608,
            "99.500000" : 39168,
            "99.900000" : 48384,
            "99.950000" : 54528,
            "99.990000" : 67072
          }
        },
        "lat_ns" : {
          "min" : 6790,
          "max" : 99480,
          "mean" : 18209.730148,
          "stddev" : 7673.512436,
          "N" : 63620
        },
        "bw_min" : 20888,
        "bw_max" : 21912,
        "bw_agg" : 51.418590,
        "bw_mean" : 21420.818182,
        "bw_dev" : 308.339689,
        "bw_samples" : 11,
        "iops_min" : 5222,
        "iops_max" : 5478,
        "iops_mean" : 5355.090909,
        "iops_stddev" : 77.052520,
        "iops_samples" : 11
      },
      "trim" : {
        "io_bytes" : 0,
        "io_kbytes" : 0,
        "bw_bytes" : 0,
        "bw" : 0,
        "iops" : 0.000000,
        "runtime" : 0,
        "total_ios" : 0,
        "short_ios" : 0,
        "drop_ios" : 0,
        "slat_ns" : {
          "min" : 0,
          "max" : 0,
          "mean" : 0.000000,
          "stddev" : 0.000000,
          "N" : 0
        },
        "clat_ns" : {
          "min" : 0,
          "max" : 0,
          "mean" : 0.000000,
          "stddev" : 0.000000,
          "N" : 0
        },
        "lat_ns" : {
          "min" : 0,
          "max" : 0,
          "mean" : 0.000000,
          "stddev" : 0.000000,
          "N" : 0
        },
        "bw_min" : 0,
        "bw_max" : 0,
        "bw_agg" : 0.000000,
        "bw_mean" : 0.000000,
        "bw_dev" : 0.000000,
        "bw_samples" : 0,
        "iops_min" : 0,
        "iops_max" : 0,
        "iops_mean" : 0.000000,
        "iops_stddev" : 0.000000,
        "iops_samples" : 0
      },
      "sync" : {
        "total_ios" : 0,
        "lat_ns" : {
          "min" : 0,
          "max" : 0,
          "mean" : 0.000000,
          "stddev" : 0.000000,
          "N" : 0
        }
      },
      "job_runtime" : 11885,
      "usr_cpu" : 17.753471,
      "sys_cpu" : 40.774085,
      "ctx" : 407218,
      "majf" : 0,
      "minf" : 43,
      "iodepth_level" : {
        "1" : 0.100000,
        "2" : 0.100000,
        "4" : 0.100000,
        "8" : 0.100000,
        "16" : 0.100000,
        "32" : 99.997562,
        ">=64" : 0.000000
      },
      "iodepth_submit" : {
        "0" : 0.000000,
        "4" : 100.000000,
        "8" : 0.000000,
        "16" : 0.000000,
        "32" : 0.000000,
        "64" : 0.000000,
        ">=64" : 0.000000
      },
      "iodepth_complete" : {
        "0" : 0.000000,
        "4" : 99.999921,
        "8" : 0.000000,
        "16" : 0.000000,
        "32" : 0.100000,
        "64" : 0.000000,
        ">=64" : 0.000000
      },
      "latency_ns" : {
        "2" : 0.000000,
        "4" : 0.000000,
        "10" : 0.000000,
        "20" : 0.000000,
        "50" : 0.000000,
        "100" : 0.000000,
        "250" : 0.000000,
        "500" : 0.010000,
        "750" : 0.000000,
        "1000" : 0.000000
      },
      "latency_us" : {
        "2" : 0.010000,
        "4" : 0.010000,
        "10" : 1.484522,
        "20" : 2.528099,
        "50" : 0.986247,
        "100" : 1.239710,
        "250" : 41.922541,
        "500" : 42.480269,
        "750" : 6.748176,
        "1000" : 1.198895
      },
      "latency_ms" : {
        "2" : 1.135903,
        "4" : 0.271786,
        "10" : 0.010000,
        "20" : 0.010000,
        "50" : 0.000000,
        "100" : 0.000000,
        "250" : 0.000000,
        "500" : 0.000000,
        "750" : 0.000000,
        "1000" : 0.000000,
        "2000" : 0.000000,
        ">=2000" : 0.000000
      },
      "latency_depth" : 32,
      "latency_target" : 0,
      "latency_percentile" : 100.000000,
      "latency_window" : 0,
      "steadystate" : {
        "ss" : "iops:10.000000%",
        "duration" : 10,
        "attained" : 1,
        "criterion" : "1.908632%",
        "max_deviation" : 2038.700000,
        "slope" : 0.000000,
        "data" : {
          "bw_mean" : 437514330,
          "iops_mean" : 106814,