{
  "fio version" : "fio-3.33",
  "timestamp" : 1687938915,
  "timestamp_ms" : 1687938915171,
  "time" : "Wed Jun 28 07:55:15 2023",
  "jobs" : [
    {
      "jobname" : "FIOJOB",
      "groupid" : 0,
      "error" : 0,
      "eta" : 0,
      "elapsed" : 13,
      "job options" : {
        "ioengine" : "io_uring",
        "rw" : "randrw",
        "bs" : "4k",
        "iodepth" : "8",
        "numjobs" : "1",
        "rwmixread" : "95",
        "runtime" : "60",
        "loops" : "1",
        "direct" : "1",
        "steadystate" : "iops:10%%",
        "steadystate_duration" : "10",
        "steadystate_ramp_time" : "1",
        "log_avg_msec" : "1000",
        "invalidate" : "1",
        "write_bw_log" : "/home/user/benchmarks/4096s/1x/nvme2n1/randrw95/4k/randrw-iodepth-8-numjobs-1",
        "write_lat_log" : "/home/user/benchmarks/4096s/1x/nvme2n1/randrw95/4k/randrw-iodepth-8-numjobs-1",
        "write_iops_log" : "/home/user/benchmarks/4096s/1x/nvme2n1/randrw95/4k/randrw-iodepth-8-numjobs-1",
        "filename" : "/dev/nvme2n1"
      },
      "read" : {
        "io_bytes" : 2524536832,
        "io_kbytes" : 2465368,
        "bw_bytes" : 212377961,
        "bw" : 207400,
        "iops" : 51850.088332,
        "runtime" : 11887,
        "total_ios" : 616342,
        "short_ios" : 0,
        "drop_ios" : 0,
        "slat_ns" : {
          "min" : 940,
          "max" : 26210,
          "mean" : 2633.775496,
          "stddev" : 733.196585,
          "N" : 616342
        },
        "clat_ns" : {
          "min" : 41050,
          "max" : 2832580,
          "mean" : 149825.411788,
          "stddev" : 88281.429534,
          "N" : 616342,
          "percentile" : {
            "1.000000" : 63232,
            "5.000000" : 66048,
            "10.000000" : 71168,
            "20.000000" : 84480,
            "30.000000" : 99840,
            "40.000000" : 112128,
            "50.000000" : 128512,
            "60.000000" : 150528,
            "70.000000" : 177152,
            "80.000000" : 207872,
            "90.000000" : 248832,
            "95.000000" : 284672,
            "99.000000" : 358400,
            "99.500000" : 395264,
            "99.900000" : 1318912,
            "99.950000" : 1581056,
            "99.990000" : 1843200
          }
        },
        "lat_ns" : {
          "min" : 46130,
          "max" : 2834870,
          "mean" : 152459.187284,
          "stddev" : 88260.934900,
          "N" : 616342
        },
        "bw_min" : 204480,
        "bw_max" : 209332,
        "bw_agg" : 99.985365,
        "bw_mean" : 207370.909091,
        "bw_dev" : 1626.634099,
        "bw_samples" : 11,
        "iops_min" : 51120,
        "iops_max" : 52332,
        "iops_mean" : 51842.454545,
        "iops_stddev" : 406.555129,
        "iops_samples" : 11
      },
      "write" : {
        "io_bytes" : 133558272,
        "io_kbytes" : 130428,
        "bw_bytes" : 11235658,
        "bw" : 10972,
        "iops" : 2743.080676,
        "runtime" : 11887,
        "total_ios" : 32607,
        "short_ios" : 0,
        "drop_ios" : 0,
        "slat_ns" : {
          "min" : 1120,
          "max" : 18150,
          "mean" : 3116.586408,
          "stddev" : 791.261401,
          "N" : 32607
        },
        "clat_ns" : {
          "min" : 291,
          "max" : 36930,
          "mean" : 11081.443340,
          "stddev" : 2882.046458,
          "N" : 32607,
          "percentile" : {
            "1.000000" : 5920,
            "5.000000" : 6944,
            "10.000000" : 8096,
            "20.000000" : 9536,
            "30.000000" : 9792,
            "40.000000" : 9920,
            "50.000000" : 10816,
            "60.000000" : 11072,
            "70.000000" : 11328,
            "80.000000" : 12352,
            "90.000000" : 15296,
            "95.000000" : 16512,
            "99.000000" : 20352,
            "99.500000" : 22400,
            "99.900000" : 28288,
            "99.950000" : 29824,
            "99.990000" : 33024
          }
        },
        "lat_ns" : {
          "min" : 6900,
          "max" : 39680,
          "mean" : 14198.029748,
          "stddev" : 2940.052025,
          "N" : 32607
        },
        "bw_min" : 10496,
        "bw_max" : 11220,
        "bw_agg" : 100.000000,
        "bw_mean" : 10973.272727,
        "bw_dev" : 248.365493,
        "bw_samples" : 11,
        "iops_min" : 2624,
        "iops_max" : 2805,
        "iops_mean" : 2742.909091,
        "iops_stddev" : 61.997507,
        "iops_samples" : 11
      },
      "trim" : {
        "io_bytes" : 0,
        "io_kbytes" : 0,
        "bw_bytes" : 0,
        "bw" : 0,
        "iops" : 0.000000,
        "runtime" : 0,
        "total_ios" : 0,
        "short_ios" : 0,
        "drop_ios" : 0,
        "slat_ns" : {
          "min" : 0,
          "max" : 0,
          "mean" : 0.000000,
          "stddev" : 0.000000,
          "N" : 0
        },
        "clat_ns" : {
          "min" : 0,
          "max" : 0,
          "mean" : 0.000000,
          "stddev" : 0.000000,
          "N" : 0
        },
        "lat_ns" : {
          "min" : 0,
          "max" : 0,
          "mean" : 0.000000,
          "stddev" : 0.000000,
          "N" : 0
        },
        "bw_min" : 0,
        "bw_max" : 0,
        "bw_agg" : 0.000000,
        "bw_mean" : 0.000000,
        "bw_dev" : 0.000000,
        "bw_samples" : 0,
        "iops_min" : 0,
        "iops_max" : 0,
        "iops_mean" : 0.000000,
        "iops_stddev" : 0.000000,
        "iops_samples" : 0
      },
      "sync" : {
        "total_ios" : 0,
        "lat_ns" : {
          "min" : 0,
          "max" : 0,
          "mean" : 0.000000,
          "stddev" : 0.000000,
          "N" : 0
        }
      },
      "job_runtime" : 11886,
      "usr_cpu" : 9.624769,
      "sys_cpu" : 26.097930,
      "ctx" : 407116,
      "majf" : 0,
      "minf" : 39,
      "iodepth_level" : {
        "1" : 0.100000,
        "2" : 0.100000,
        "4" : 0.100000,
        "8" : 99.998921,
        "16" : 0.000000,
        "32" : 0.000000,
        ">=64" : 0.000000
      },
      "iodepth_submit" : {
        "0" : 0.000000,
        "4" : 100.000000,
        "8" : 0.000000,
        "16" : 0.000000,
        "32" : 0.000000,
        "64" : 0.000000,
        ">=64" : 0.000000
      },
      "iodepth_complete" : {
        "0" : 0.000000,
        "4" : 99.999846,
        "8" : 0.100000,
        "16" : 0.000000,
        "32" : 0.000000,
        "64" : 0.000000,
        ">=64" : 0.000000
      },
      "latency_ns" : {
        "2" : 0.000000,
        "4" : 0.000000,
        "10" : 0.000000,
        "20" : 0.000000,
        "50" : 0.000000,
        "100" : 0.000000,
        "250" : 0.000000,
        "500" : 0.010000,
        "750" : 0.000000,
        "1000" : 0.000000
      },
      "latency_us" : {
        "2" : 0.010000,
        "4" : 0.010000,
        "10" : 2.203563,
        "20" : 2.760772,
        "50" : 0.131906,
        "100" : 28.907665,
        "250" : 56.968113,
        "500" : 8.801924,
        "750" : 0.054704,
        "1000" : 0.030973
      },
      "latency_ms" : {
        "2" : 0.136528,
        "4" : 0.010000,
        "10" : 0.000000,
        "20" : 0.000000,
        "50" : 0.000000,
        "100" : 0.000000,
        "250" : 0.000000,
        "500" : 0.000000,
        "750" : 0.000000,
        "1000" : 0.000000,
        "2000" : 0.000000,
        ">=2000" : 0.000000
      },
      "latency_depth" : 8,
      "latency_target" : 0,
      "latency_percentile" : 100.000000,
      "latency_window" : 0,
      "steadystate" : {
        "ss" : "iops:10.000000%",
        "duration" : 10,
        "attained" : 1,
        "criterion" : "1.456436%",
        "max_deviation" : 794.700000,
        "slope" : 0.000000,
        "data" : {
          "bw_mean" : 223498646,
          "iops_mean" : 54564,