{
  "fio version" : "fio-3.33",
  "timestamp" : 1687936142,
  "timestamp_ms" : 1687936142874,
  "time" : "Wed Jun 28 07:09:02 2023",
  "jobs" : [
    {
      "jobname" : "FIOJOB",
      "groupid" : 0,
      "error" : 0,
      "eta" : 0,
      "elapsed" : 13,
      "job options" : {
        "ioengine" : "io_uring",
        "rw" : "randrw",
        "bs" : "4k",
        "iodepth" : "1",
        "numjobs" : "2",
        "rwmixread" : "95",
        "runtime" : "60",
        "loops" : "1",
        "direct" : "1",
        "steadystate" : "iops:10%%",
        "steadystate_duration" : "10",
        "steadystate_ramp_time" : "1",
        "log_avg_msec" : "1000",
        "invalidate" : "1",
        "write_bw_log" : "/home/user/benchmarks/4096s/1x/nvme2n1/randrw95/4k/randrw-iodepth-1-numjobs-2",
        "write_lat_log" : "/home/user/benchmarks/4096s/1x/nvme2n1/randrw95/4k/randrw-iodepth-1-numjobs-2",
        "write_iops_log" : "/home/user/benchmarks/4096s/1x/nvme2n1/randrw95/4k/randrw-iodepth-1-numjobs-2",
        "filename" : "/dev/nvme2n1"
      },
      "read" : {
        "io_bytes" : 651235328,
        "io_kbytes" : 635972,
        "bw_bytes" : 54790116,
        "bw" : 53505,
        "iops" : 13376.493354,
        "runtime" : 11886,
        "total_ios" : 158993,
        "short_ios" : 0,
        "drop_ios" : 0,
        "slat_ns" : {
          "min" : 980,
          "max" : 31250,
          "mean" : 2290.698006,
          "stddev" : 541.052299,
          "N" : 158993
        },
        "clat_ns" : {
          "min" : 43900,
          "max" : 1979600,
          "mean" : 70875.491883,
          "stddev" : 31765.050352,
          "N" : 158993,
          "percentile" : {
            "1.000000" : 57088,
            "5.000000" : 61184,
            "10.000000" : 62720,
            "20.000000" : 64256,
            "30.000000" : 65280,
            "40.000000" : 66048,
            "50.000000" : 67072,
            "60.000000" : 68096,
            "70.000000" : 75264,
            "80.000000" : 77312,
            "90.000000" : 79360,
            "95.000000" : 80384,
            "99.000000" : 109056,
            "99.500000" : 115200,
            "99.900000" : 140288,
            "99.950000" : 692224,
            "99.990000" : 1613824
          }
        },
        "lat_ns" : {
          "min" : 45260,
          "max" : 1980820,
          "mean" : 73166.189889,
          "stddev" : 31789.292476,
          "N" : 158993
        },
        "bw_min" : 51855,
        "bw_max" : 56996,
        "bw_agg" : 50.464606,
        "bw_mean" : 53574.363636,
        "bw_dev" : 1628.429628,
        "bw_samples" : 11,
        "iops_min" : 12963,
        "iops_max" : 14250,
        "iops_mean" : 13393.636364,
        "iops_stddev" : 407.411898,
        "iops_samples" : 11
      },
      "write" : {
        "io_bytes" : 33972224,
        "io_kbytes" : 33176,
        "bw_bytes" : 2858171,
        "bw" : 2791,
        "iops" : 697.795726,
        "runtime" : 11886,
        "total_ios" : 8294,
        "short_ios" : 0,
        "drop_ios" : 0,
        "slat_ns" : {
          "min" : 1130,
          "max" : 7890,
          "mean" : 2771.086810,
          "stddev" : 629.645763,
          "N" : 8294
        },
        "clat_ns" : {
          "min" : 5740,
          "max" : 32730,
          "mean" : 9362.428141,
          "stddev" : 1643.387004,
          "N" : 8294,
          "percentile" : {
            "1.000000" : 5920,
            "5.000000" : 6304,
            "10.000000" : 6496,
            "20.000000" : 8640,
            "30.000000" : 9280,
            "40.000000" : 9408,
            "50.000000" : 9536,
            "60.000000" : 9664,
            "70.000000" : 10048,
            "80.000000" : 10944,
            "90.000000" : 11200,
            "95.000000" : 11328,
            "99.000000" : 12352,
            "99.500000" : 12992,
            "99.900000" : 16320,
            "99.950000" : 20352,
            "99.990000" : 32640
          }
        },
        "lat_ns" : {
          "min" : 7060,
          "max" : 35930,
          "mean" : 12133.514951,
          "stddev" : 2164.285295,
          "N" : 8294
        },
        "bw_min" : 2542,
        "bw_max" : 3231,
        "bw_agg" : 49.920634,
        "bw_mean" : 2797.363636,
        "bw_dev" : 196.797496,
        "bw_samples" : 11,
        "iops_min" : 635,
        "iops_max" : 807,
        "iops_mean" : 699.000000,
        "iops_stddev" : 49.146719,
        "iops_samples" : 11
      },
      "trim" : {
        "io_bytes" : 0,
        "io_kbytes" : 0,
        "bw_bytes" : 0,
        "bw" : 0,
        "iops" : 0.000000,
        "runtime" : 0,
        "total_ios" : 0,
        "short_ios" : 0,
        "drop_ios" : 0,
        "slat_ns" : {
          "min" : 0,
          "max" : 0,
          "mean" : 0.000000,
          "stddev" : 0.000000,
          "N" : 0
        },
        "clat_ns" : {
          "min" : 0,
          "max" : 0,
          "mean" : 0.000000,
          "stddev" : 0.000000,
          "N" : 0
        },
        "lat_ns" : {
          "min" : 0,
          "max" : 0,
          "mean" : 0.000000,
          "stddev" : 0.000000,
          "N" : 0
        },
        "bw_min" : 0,
        "bw_max" : 0,
        "bw_agg" : 0.000000,
        "bw_mean" : 0.000000,
        "bw_dev" : 0.000000,
        "bw_samples" : 0,
        "iops_min" : 0,
        "iops_max" : 0,
        "iops_mean" : 0.000000,
        "iops_stddev" : 0.000000,
        "iops_samples" : 0
      },
      "sync" : {
        "total_ios" : 0,
        "lat_ns" : {
          "min" : 0,
          "max" : 0,
          "mean" : 0.000000,
          "stddev" : 0.000000,
          "N" : 0
        }
      },
      "job_runtime" : 11885,
      "usr_cpu" : 2.944889,
      "sys_cpu" : 6.731174,
      "ctx" : 167286,
      "majf" : 0,
      "minf" : 39,
      "iodepth_level" : {
        "1" : 100.000000,
        "2" : 0.000000,
        "4" : 0.000000,
        "8" : 0.000000,
        "16" : 0.000000,
        "32" : 0.000000,
        ">=64" : 0.000000
      },
      "iodepth_submit" : {
        "0" : 0.000000,
        "4" : 100.000000,
        "8" : 0.000000,
        "16" : 0.000000,
        "32" : 0.000000,
        "64" : 0.000000,
        ">=64" : 0.000000
      },
      "iodepth_complete" : {
        "0" : 0.000000,
        "4" : 100.000000,
        "8" : 0.000000,
        "16" : 0.000000,
        "32" : 0.000000,
        "64" : 0.000000,
        ">=64" : 0.000000
      },
      "latency_ns" : {
        "2" : 0.000000,
        "4" : 0.000000,
        "10" : 0.000000,
        "20" : 0.000000,
        "50" : 0.000000,
        "100" : 0.000000,
        "250" : 0.000000,
        "500" : 0.000000,
        "750" : 0.000000,
        "1000" : 0.000000
      },
      "latency_us" : {
        "2" : 0.000000,
        "4" : 0.000000,
        "10" : 3.464107,
        "20" : 1.490851,
        "50" : 0.390945,
        "100" : 92.910388,
        "250" : 1.680944,
        "500" : 0.010000,
        "750" : 0.010000,
        "1000" : 0.010000
      },
      "latency_ms" : {
        "2" : 0.039453,
        "4" : 0.000000,
        "10" : 0.000000,
        "20" : 0.000000,
        "50" : 0.000000,
        "100" : 0.000000,
        "250" : 0.000000,
        "500" : 0.000000,
        "750" : 0.000000,
        "1000" : 0.000000,
        "2000" : 0.000000,
        ">=2000" : 0.000000
      },
      "latency_depth" : 1,
      "latency_target" : 0,
      "latency_percentile" : 100.000000,
      "latency_window" : 0,
      "steadystate" : {
        "ss" : "iops:10.000000%",
        "duration" : 10,
        "attained" : 1,
        "criterion" : "2.081417%",
        "max_deviation" : 289.600000,
        "slope" : 0.000000,
        "data" : {
          "bw_mean" : 56991396,
          "iops_mean" : 13913,
          "iops" : [
            14022,
            14154,
            14067,
            13795,
            13919,
            13624,
            13683,
            14045,
            13827,
            14000
          ],