{
  "fio version" : "fio-3.33",
  "timestamp" : 1687939966,
  "timestamp_ms" : 1687939966003,
  "time" : "Wed Jun 28 08:12:46 2023",
  "jobs" : [
    {
      "jobname" : "FIOJOB",
      "groupid" : 0,
      "error" : 0,
      "eta" : 0,
      "elapsed" : 13,
      "job options" : {
        "ioengine" : "io_uring",
        "rw" : "randrw",
        "bs" : "4k",
        "iodepth" : "16",
        "numjobs" : "1",
        "rwmixread" : "95",
        "runtime" : "60",
        "loops" : "1",
        "direct" : "1",
        "steadystate" : "iops:10%%",
        "steadystate_duration" : "10",
        "steadystate_ramp_time" : "1",
        "log_avg_msec" : "1000",
        "invalidate" : "1",
        "write_bw_log" : "/home/user/benchmarks/4096s/1x/nvme2n1/randrw95/4k/randrw-iodepth-16-numjobs-1",
        "write_lat_log" : "/home/user/benchmarks/4096s/1x/nvme2n1/randrw95/4k/randrw-iodepth-16-numjobs-1",
        "write_iops_log" : "/home/user/benchmarks/4096s/1x/nvme2n1/randrw95/4k/randrw-iodepth-16-numjobs-1",
        "filename" : "/dev/nvme2n1"
      },
      "read" : {
        "io_bytes" : 3647729664,
        "io_kbytes" : 3562236,
        "bw_bytes" : 306867137,
        "bw" : 299674,
        "iops" : 74918.734752,
        "runtime" : 11887,
        "total_ios" : 890559,
        "short_ios" : 0,
        "drop_ios" : 0,
        "slat_ns" : {
          "min" : 930,
          "max" : 43650,
          "mean" : 3234.960283,
          "stddev" : 996.573053,
          "N" : 890559
        },
        "clat_ns" : {
          "min" : 43680,
          "max" : 3651880,
          "mean" : 208128.300698,
          "stddev" : 131380.408781,
          "N" : 890559,
          "percentile" : {
            "1.000000" : 66048,
            "5.000000" : 75264,
            "10.000000" : 83456,
            "20.000000" : 103936,
            "30.000000" : 126464,
            "40.000000" : 154624,
            "50.000000" : 191488,
            "60.000000" : 222208,
            "70.000000" : 252928,
            "80.000000" : 288768,
            "90.000000" : 346112,
            "95.000000" : 399360,
            "99.000000" : 544768,
            "99.500000" : 684032,
            "99.900000" : 1679360,
            "99.950000" : 1843200,
            "99.990000" : 2146304
          }
        },
        "lat_ns" : {
          "min" : 46860,
          "max" : 3654400,
          "mean" : 211363.260981,
          "stddev" : 131349.139127,
          "N" : 890559
        },
        "bw_min" : 280524,
        "bw_max" : 304960,
        "bw_agg" : 99.957641,
        "bw_mean" : 299548.636364,
        "bw_dev" : 6566.410485,
        "bw_samples" : 11,
        "iops_min" : 70131,
        "iops_max" : 76239,
        "iops_mean" : 74887.272727,
        "iops_stddev" : 1641.669217,
        "iops_samples" : 11
      },
      "write" : {
        "io_bytes" : 192385024,
        "io_kbytes" : 187876,
        "bw_bytes" : 16184489,
        "bw" : 15805,
        "iops" : 3951.291327,
        "runtime" : 11887,
        "total_ios" : 46969,
        "short_ios" : 0,
        "drop_ios" : 0,
        "slat_ns" : {
          "min" : 1130,
          "max" : 31450,
          "mean" : 3789.358620,
          "stddev" : 1072.632672,
          "N" : 46969
        },
        "clat_ns" : {
          "min" : 450,
          "max" : 54830,
          "mean" : 14201.956631,
          "stddev" : 4369.546361,
          "N" : 46969,
          "percentile" : {
            "1.000000" : 6752,
            "5.000000" : 8096,
            "10.000000" : 9664,
            "20.000000" : 11200,
            "30.000000" : 11968,
            "40.000000" : 12608,
            "50.000000" : 13120,
            "60.000000" : 13888,
            "70.000000" : 15424,
            "80.000000" : 17792,
            "90.000000" : 20096,
            "95.000000" : 22144,
            "99.000000" : 28288,
            "99.500000" : 30848,
            "99.900000" : 36096,
            "99.950000" : 39168,
            "99.990000" : 49408
          }
        },
        "lat_ns" : {
          "min" : 6670,
          "max" : 59370,
          "mean" : 17991.315250,
          "stddev" : 4644.306909,
          "N" : 46969
        },
        "bw_min" : 14510,
        "bw_max" : 16212,
        "bw_agg" : 100.000000,
        "bw_mean" : 15807.000000,
        "bw_dev" : 463.827339,
        "bw_samples" : 11,
        "iops_min" : 3627,
        "iops_max" : 4053,
        "iops_mean" : 3951.363636,
        "iops_stddev" : 116.095885,
        "iops_samples" : 11
      },
      "trim" : {
        "io_bytes" : 0,
        "io_kbytes" : 0,
        "bw_bytes" : 0,
        "bw" : 0,
        "iops" : 0.000000,
        "runtime" : 0,
        "total_ios" : 0,
        "short_ios" : 0,
        "drop_ios" : 0,
        "slat_ns" : {
          "min" : 0,
          "max" : 0,
          "mean" : 0.000000,
          "stddev" : 0.000000,
          "N" : 0
        },
        "clat_ns" : {
          "min" : 0,
          "max" : 0,
          "mean" : 0.000000,
          "stddev" : 0.000000,
          "N" : 0
        },
        "lat_ns" : {
          "min" : 0,
          "max" : 0,
          "mean" : 0.000000,
          "stddev" : 0.000000,
          "N" : 0
        },
        "bw_min" : 0,
        "bw_max" : 0,
        "bw_agg" : 0.000000,
        "bw_mean" : 0.000000,
        "bw_dev" : 0.000000,
        "bw_samples" : 0,
        "iops_min" : 0,
        "iops_max" : 0,
        "iops_mean" : 0.000000,
        "iops_stddev" : 0.000000,
        "iops_samples" : 0
      },
      "sync" : {
        "total_ios" : 0,
        "lat_ns" : {
          "min" : 0,
          "max" : 0,
          "mean" : 0.000000,
          "stddev" : 0.000000,
          "N" : 0
        }
      },
      "job_runtime" : 11886,
      "usr_cpu" : 16.086152,
      "sys_cpu" : 37.556790,
      "ctx" : 380684,
      "majf" : 0,
      "minf" : 40,
      "iodepth_level" : {
        "1" : 0.100000,
        "2" : 0.100000,
        "4" : 0.100000,
        "8" : 0.100000,
        "16" : 99.998400,
        "32" : 0.000000,
        ">=64" : 0.000000
      },
      "iodepth_submit" : {
        "0" : 0.000000,
        "4" : 100.000000,
        "8" : 0.000000,
        "16" : 0.000000,
        "32" : 0.000000,
        "64" : 0.000000,
        ">=64" : 0.000000
      },
      "iodepth_complete" : {
        "0" : 0.000000,
        "4" : 99.999893,
        "8" : 0.000000,
        "16" : 0.100000,
        "32" : 0.000000,
        "64" : 0.000000,
        ">=64" : 0.000000
      },
      "latency_ns" : {
        "2" : 0.000000,
        "4" : 0.000000,
        "10" : 0.000000,
        "20" : 0.000000,
        "50" : 0.000000,
        "100" : 0.000000,
        "250" : 0.000000,
        "500" : 0.010000,
        "750" : 0.000000,
        "1000" : 0.000000
      },
      "latency_us" : {
        "2" : 0.010000,
        "4" : 0.000000,
        "10" : 0.584089,
        "20" : 3.913376,
        "50" : 0.524038,
        "100" : 17.230312,
        "250" : 48.520471,
        "500" : 27.725359,
        "750" : 1.092661,
        "1000" : 0.107943
      },
      "latency_ms" : {
        "2" : 0.282658,
        "4" : 0.018773,
        "10" : 0.000000,
        "20" : 0.000000,
        "50" : 0.000000,
        "100" : 0.000000,
        "250" : 0.000000,
        "500" : 0.000000,
        "750" : 0.000000,
        "1000" : 0.000000,
        "2000" : 0.000000,
        ">=2000" : 0.000000
      },
      "latency_depth" : 16,
      "latency_target" : 0,
      "latency_percentile" : 100.000000,
      "latency_window" : 0,
      "steadystate" : {
        "ss" : "iops:10.000000%",
        "duration" : 10,
        "attained" : 1,
        "criterion" : "1.118369%",
        "max_deviation" : 887.100000,
        "slope" : 0.000000,
        "data" : {
          "bw_mean" : 324899510,
          "iops_mean" : 79320,