{
  "fio version" : "fio-3.33",
  "timestamp" : 1687936971,
  "timestamp_ms" : 1687936971535,
  "time" : "Wed Jun 28 07:22:51 2023",
  "jobs" : [
    {
      "jobname" : "FIOJOB",
      "groupid" : 0,
      "error" : 0,
      "eta" : 0,
      "elapsed" : 13,
      "job options" : {
        "ioengine" : "io_uring",
        "rw" : "randrw",
        "bs" : "4k",
        "iodepth" : "2",
        "numjobs" : "1",
        "rwmixread" : "95",
        "runtime" : "60",
        "loops" : "1",
        "direct" : "1",
        "steadystate" : "iops:10%%",
        "steadystate_duration" : "10",
        "steadystate_ramp_time" : "1",
        "log_avg_msec" : "1000",
        "invalidate" : "1",
        "write_bw_log" : "/home/user/benchmarks/4096s/1x/nvme2n1/randrw95/4k/randrw-iodepth-2-numjobs-1",
        "write_lat_log" : "/home/user/benchmarks/4096s/1x/nvme2n1/randrw95/4k/randrw-iodepth-2-numjobs-1",
        "write_iops_log" : "/home/user/benchmarks/4096s/1x/nvme2n1/randrw95/4k/randrw-iodepth-2-numjobs-1",
        "filename" : "/dev/nvme2n1"
      },
      "read" : {
        "io_bytes" : 1215967232,
        "io_kbytes" : 1187468,
        "bw_bytes" : 102293869,
        "bw" : 99896,
        "iops" : 24974.089341,
        "runtime" : 11887,
        "total_ios" : 296867,
        "short_ios" : 0,
        "drop_ios" : 0,
        "slat_ns" : {
          "min" : 960,
          "max" : 27660,
          "mean" : 2478.717628,
          "stddev" : 495.583124,
          "N" : 296867
        },
        "clat_ns" : {
          "min" : 42670,
          "max" : 2376580,
          "mean" : 75897.650062,
          "stddev" : 29775.990939,
          "N" : 296867,
          "percentile" : {
            "1.000000" : 61184,
            "5.000000" : 62208,
            "10.000000" : 62720,
            "20.000000" : 63744,
            "30.000000" : 64256,
            "40.000000" : 64768,
            "50.000000" : 67072,
            "60.000000" : 75264,
            "70.000000" : 76288,
            "80.000000" : 82432,
            "90.000000" : 98816,
            "95.000000" : 115200,
            "99.000000" : 132096,
            "99.500000" : 136192,
            "99.900000" : 148480,
            "99.950000" : 185344,
            "99.990000" : 1548288
          }
        },
        "lat_ns" : {
          "min" : 45050,
          "max" : 2379050,
          "mean" : 78376.367690,
          "stddev" : 29757.202310,
          "N" : 296867
        },
        "bw_min" : 98990,
        "bw_max" : 100652,
        "bw_agg" : 100.000000,
        "bw_mean" : 99964.272727,
        "bw_dev" : 529.157650,
        "bw_samples" : 11,
        "iops_min" : 24747,
        "iops_max" : 25164,
        "iops_mean" : 24990.818182,
        "iops_stddev" : 132.719116,
        "iops_samples" : 11
      },
      "write" : {
        "io_bytes" : 63954944,
        "io_kbytes" : 62456,
        "bw_bytes" : 5380242,
        "bw" : 5254,
        "iops" : 1313.535795,
        "runtime" : 11887,
        "total_ios" : 15614,
        "short_ios" : 0,
        "drop_ios" : 0,
        "slat_ns" : {
          "min" : 1170,
          "max" : 15910,
          "mean" : 2974.047714,
          "stddev" : 543.837959,
          "N" : 15614
        },
        "clat_ns" : {
          "min" : 440,
          "max" : 31500,
          "mean" : 9694.351479,
          "stddev" : 2340.473457,
          "N" : 15614,
          "percentile" : {
            "1.000000" : 5664,
            "5.000000" : 5856,
            "10.000000" : 6048,
            "20.000000" : 9280,
            "30.000000" : 9408,
            "40.000000" : 9536,
            "50.000000" : 9664,
            "60.000000" : 9664,
            "70.000000" : 9792,
            "80.000000" : 9920,
            "90.000000" : 11712,
            "95.000000" : 15168,
            "99.000000" : 15680,
            "99.500000" : 15936,
            "99.900000" : 25728,
            "99.950000" : 27008,
            "99.990000" : 30080
          }
        },
        "lat_ns" : {
          "min" : 7089,
          "max" : 34509,
          "mean" : 12668.399193,
          "stddev" : 2307.287873,
          "N" : 15614
        },
        "bw_min" : 4864,
        "bw_max" : 5556,
        "bw_agg" : 99.673732,
        "bw_mean" : 5237.636364,
        "bw_dev" : 191.505756,
        "bw_samples" : 11,
        "iops_min" : 1216,
        "iops_max" : 1389,
        "iops_mean" : 1309.272727,
        "iops_stddev" : 47.877115,
        "iops_samples" : 11
      },
      "trim" : {
        "io_bytes" : 0,
        "io_kbytes" : 0,
        "bw_bytes" : 0,
        "bw" : 0,
        "iops" : 0.000000,
        "runtime" : 0,
        "total_ios" : 0,
        "short_ios" : 0,
        "drop_ios" : 0,
        "slat_ns" : {
          "min" : 0,
          "max" : 0,
          "mean" : 0.000000,
          "stddev" : 0.000000,
          "N" : 0
        },
        "clat_ns" : {
          "min" : 0,
          "max" : 0,
          "mean" : 0.000000,
          "stddev" : 0.000000,
          "N" : 0
        },
        "lat_ns" : {
          "min" : 0,
          "max" : 0,
          "mean" : 0.000000,
          "stddev" : 0.000000,
          "N" : 0
        },
        "bw_min" : 0,
        "bw_max" : 0,
        "bw_agg" : 0.000000,
        "bw_mean" : 0.000000,
        "bw_dev" : 0.000000,
        "bw_samples" : 0,
        "iops_min" : 0,
        "iops_max" : 0,
        "iops_mean" : 0.000000,
        "iops_stddev" : 0.000000,
        "iops_samples" : 0
      },
      "sync" : {
        "total_ios" : 0,
        "lat_ns" : {
          "min" : 0,
          "max" : 0,
          "mean" : 0.000000,
          "stddev" : 0.000000,
          "N" : 0
        }
      },
      "job_runtime" : 11886,
      "usr_cpu" : 5.636884,
      "sys_cpu" : 12.804981,
      "ctx" : 270723,
      "majf" : 0,
      "minf" : 39,
      "iodepth_level" : {
        "1" : 0.100000,
        "2" : 99.999680,
        "4" : 0.000000,
        "8" : 0.000000,
        "16" : 0.000000,
        "32" : 0.000000,
        ">=64" : 0.000000
      },
      "iodepth_submit" : {
        "0" : 0.000000,
        "4" : 100.000000,
        "8" : 0.000000,
        "16" : 0.000000,
        "32" : 0.000000,
        "64" : 0.000000,
        ">=64" : 0.000000
      },
      "iodepth_complete" : {
        "0" : 0.000000,
        "4" : 100.000000,
        "8" : 0.000000,
        "16" : 0.000000,
        "32" : 0.000000,
        "64" : 0.000000,
        ">=64" : 0.000000
      },
      "latency_ns" : {
        "2" : 0.000000,
        "4" : 0.000000,
        "10" : 0.000000,
        "20" : 0.000000,
        "50" : 0.000000,
        "100" : 0.000000,
        "250" : 0.000000,
        "500" : 0.010000,
        "750" : 0.010000,
        "1000" : 0.000000
      },
      "latency_us" : {
        "2" : 0.000000,
        "4" : 0.000000,
        "10" : 4.140092,
        "20" : 0.843571,
        "50" : 0.016641,
        "100" : 85.895462,
        "250" : 9.062311,
        "500" : 0.010000,
        "750" : 0.010000,
        "1000" : 0.010000
      },
      "latency_ms" : {
        "2" : 0.028802,
        "4" : 0.010000,
        "10" : 0.000000,
        "20" : 0.000000,
        "50" : 0.000000,
        "100" : 0.000000,
        "250" : 0.000000,
        "500" : 0.000000,
        "750" : 0.000000,
        "1000" : 0.000000,
        "2000" : 0.000000,
        ">=2000" : 0.000000
      },
      "latency_depth" : 2,
      "latency_target" : 0,
      "latency_percentile" : 100.000000,
      "latency_window" : 0,
      "steadystate" : {
        "ss" : "iops:10.000000%",
        "duration" : 10,
        "attained" : 1,
        "criterion" : "0.941817%",
        "max_deviation" : 247.600000,
        "slope" : 0.000000,
        "data" : {
          "bw_mean" : 107683131,
          "iops_mean" : 26289,