{
  "fio version" : "fio-3.33",
  "timestamp" : 1687936065,
  "timestamp_ms" : 1687936065937,
  "time" : "Wed Jun 28 07:07:45 2023",
  "jobs" : [
    {
      "jobname" : "FIOJOB",
      "groupid" : 0,
      "error" : 0,
      "eta" : 0,
      "elapsed" : 13,
      "job options" : {
        "ioengine" : "io_uring",
        "rw" : "randrw",
        "bs" : "4k",
        "iodepth" : "1",
        "numjobs" : "1",
        "rwmixread" : "95",
        "runtime" : "60",
        "loops" : "1",
        "direct" : "1",
        "steadystate" : "iops:10%%",
        "steadystate_duration" : "10",
        "steadystate_ramp_time" : "1",
        "log_avg_msec" : "1000",
        "invalidate" : "1",
        "write_bw_log" : "/home/user/benchmarks/4096s/1x/nvme2n1/randrw95/4k/randrw-iodepth-1-numjobs-1",
        "write_lat_log" : "/home/user/benchmarks/4096s/1x/nvme2n1/randrw95/4k/randrw-iodepth-1-numjobs-1",
        "write_iops_log" : "/home/user/benchmarks/4096s/1x/nvme2n1/randrw95/4k/randrw-iodepth-1-numjobs-1",
        "filename" : "/dev/nvme2n1"
      },
      "read" : {
        "io_bytes" : 671477760,
        "io_kbytes" : 655740,
        "bw_bytes" : 56488412,
        "bw" : 55164,
        "iops" : 13791.116346,
        "runtime" : 11887,
        "total_ios" : 163935,
        "short_ios" : 0,
        "drop_ios" : 0,
        "slat_ns" : {
          "min" : 1060,
          "max" : 26810,
          "mean" : 2478.855656,
          "stddev" : 228.584612,
          "N" : 163935
        },
        "clat_ns" : {
          "min" : 43550,
          "max" : 1718110,
          "mean" : 68331.283887,
          "stddev" : 17067.844382,
          "N" : 163935,
          "percentile" : {
            "1.000000" : 57088,
            "5.000000" : 62208,
            "10.000000" : 62720,
            "20.000000" : 63232,
            "30.000000" : 63744,
            "40.000000" : 64256,
            "50.000000" : 64768,
            "60.000000" : 66048,
            "70.000000" : 74240,
            "80.000000" : 76288,
            "90.000000" : 76288,
            "95.000000" : 77312,
            "99.000000" : 79360,
            "99.500000" : 80384,
            "99.900000" : 98816,
            "99.950000" : 110080,
            "99.990000" : 1105920
          }
        },
        "lat_ns" : {
          "min" : 47170,
          "max" : 1720580,
          "mean" : 70810.139543,
          "stddev" : 17072.513884,
          "N" : 163935
        },
        "bw_min" : 53308,
        "bw_max" : 56068,
        "bw_agg" : 100.000000,
        "bw_mean" : 55171.545455,
        "bw_dev" : 875.714835,
        "bw_samples" : 11,
        "iops_min" : 13327,
        "iops_max" : 14017,
        "iops_mean" : 13792.545455,
        "iops_stddev" : 218.851714,
        "iops_samples" : 11
      },
      "write" : {
        "io_bytes" : 35164160,
        "io_kbytes" : 34340,
        "bw_bytes" : 2958203,
        "bw" : 2888,
        "iops" : 722.217549,
        "runtime" : 11887,
        "total_ios" : 8585,
        "short_ios" : 0,
        "drop_ios" : 0,
        "slat_ns" : {
          "min" : 1330,
          "max" : 10380,
          "mean" : 2959.661270,
          "stddev" : 285.923958,
          "N" : 8585
        },
        "clat_ns" : {
          "min" : 460,
          "max" : 25710,
          "mean" : 9624.541992,
          "stddev" : 1155.741159,
          "N" : 8585,
          "percentile" : {
            "1.000000" : 8512,
            "5.000000" : 8512,
            "10.000000" : 8640,
            "20.000000" : 8640,
            "30.000000" : 8768,
            "40.000000" : 8768,
            "50.000000" : 9024,
            "60.000000" : 10304,
            "70.000000" : 10688,
            "80.000000" : 10688,
            "90.000000" : 10816,
            "95.000000" : 10944,
            "99.000000" : 12352,
            "99.500000" : 12992,
            "99.900000" : 19328,
            "99.950000" : 19584,
            "99.990000" : 25728
          }
        },
        "lat_ns" : {
          "min" : 7820,
          "max" : 28660,
          "mean" : 12584.203262,
          "stddev" : 1230.797845,
          "N" : 8585
        },
        "bw_min" : 2696,
        "bw_max" : 3099,
        "bw_agg" : 99.900649,
        "bw_mean" : 2886.181818,
        "bw_dev" : 124.348557,
        "bw_samples" : 11,
        "iops_min" : 674,
        "iops_max" : 774,
        "iops_mean" : 721.181818,
        "iops_stddev" : 30.947757,
        "iops_samples" : 11
      },
      "trim" : {
        "io_bytes" : 0,
        "io_kbytes" : 0,
        "bw_bytes" : 0,
        "bw" : 0,
        "iops" : 0.000000,
        "runtime" : 0,
        "total_ios" : 0,
        "short_ios" : 0,
        "drop_ios" : 0,
        "slat_ns" : {
          "min" : 0,
          "max" : 0,
          "mean" : 0.000000,
          "stddev" : 0.000000,
          "N" : 0
        },
        "clat_ns" : {
          "min" : 0,
          "max" : 0,
          "mean" : 0.000000,
          "stddev" : 0.000000,
          "N" : 0
        },
        "lat_ns" : {
          "min" : 0,
          "max" : 0,
          "mean" : 0.000000,
          "stddev" : 0.000000,
          "N" : 0
        },
        "bw_min" : 0,
        "bw_max" : 0,
        "bw_agg" : 0.000000,
        "bw_mean" : 0.000000,
        "bw_dev" : 0.000000,
        "bw_samples" : 0,
        "iops_min" : 0,
        "iops_max" : 0,
        "iops_mean" : 0.000000,
        "iops_stddev" : 0.000000,
        "iops_samples" : 0
      },
      "sync" : {
        "total_ios" : 0,
        "lat_ns" : {
          "min" : 0,
          "max" : 0,
          "mean" : 0.000000,
          "stddev" : 0.000000,
          "N" : 0
        }
      },
      "job_runtime" : 11886,
      "usr_cpu" : 2.515565,
      "sys_cpu" : 8.446912,
      "ctx" : 172519,
      "majf" : 0,
      "minf" : 41,
      "iodepth_level" : {
        "1" : 100.000000,
        "2" : 0.000000,
        "4" : 0.000000,
        "8" : 0.000000,
        "16" : 0.000000,
        "32" : 0.000000,
        ">=64" : 0.000000
      },
      "iodepth_submit" : {
        "0" : 0.000000,
        "4" : 100.000000,
        "8" : 0.000000,
        "16" : 0.000000,
        "32" : 0.000000,
        "64" : 0.000000,
        ">=64" : 0.000000
      },
      "iodepth_complete" : {
        "0" : 0.000000,
        "4" : 100.000000,
        "8" : 0.000000,
        "16" : 0.000000,
        "32" : 0.000000,
        "64" : 0.000000,
        ">=64" : 0.000000
      },
      "latency_ns" : {
        "2" : 0.000000,
        "4" : 0.000000,
        "10" : 0.000000,
        "20" : 0.000000,
        "50" : 0.000000,
        "100" : 0.000000,
        "250" : 0.000000,
        "500" : 0.010000,
        "750" : 0.000000,
        "1000" : 0.000000
      },
      "latency_us" : {
        "2" : 0.000000,
        "4" : 0.000000,
        "10" : 2.944586,
        "20" : 2.029910,
        "50" : 0.010000,
        "100" : 94.934500,
        "250" : 0.068398,
        "500" : 0.010000,
        "750" : 0.010000,
        "1000" : 0.010000
      },
      "latency_ms" : {
        "2" : 0.011013,
        "4" : 0.000000,
        "10" : 0.000000,
        "20" : 0.000000,
        "50" : 0.000000,
        "100" : 0.000000,
        "250" : 0.000000,
        "500" : 0.000000,
        "750" : 0.000000,
        "1000" : 0.000000,
        "2000" : 0.000000,
        ">=2000" : 0.000000
      },
      "latency_depth" : 1,
      "latency_target" : 0,
      "latency_percentile" : 100.000000,
      "latency_window" : 0,
      "steadystate" : {
        "ss" : "iops:10.000000%",
        "duration" : 10,
        "attained" : 1,
        "criterion" : "1.698588%",
        "max_deviation" : 247.700000,
        "slope" : 0.000000,
        "data" : {
          "bw_mean" : 59732449,
          "iops_mean" : 14582,
          "iops" : [
            14335,
            14387,
            14355,
            14655,
            14647,
            14687,
            14767,
            14664,
            14682,
            14648
          ],