{
  "fio version" : "fio-3.33",
  "timestamp" : 1687908209,
  "timestamp_ms" : 1687908209485,
  "time" : "Tue Jun 27 23:23:29 2023",
  "jobs" : [
    {
      "jobname" : "FIOJOB",
      "groupid" : 0,
      "error" : 0,
      "eta" : 0,
      "elapsed" : 13,
      "job options" : {
        "ioengine" : "io_uring",
        "rw" : "randread",
        "bs" : "4k",
        "iodepth" : "1",
        "numjobs" : "1",
        "rwmixread" : "95",
        "runtime" : "60",
        "loops" : "1",
        "direct" : "1",
        "steadystate" : "iops:10%%",
        "steadystate_duration" : "10",
        "steadystate_ramp_time" : "1",
        "log_avg_msec" : "1000",
        "invalidate" : "1",
        "write_bw_log" : "/home/user/benchmarks/512s/1x/nvme3n1/4k/randread-iodepth-1-numjobs-1",
        "write_lat_log" : "/home/user/benchmarks/512s/1x/nvme3n1/4k/randread-iodepth-1-numjobs-1",
        "write_iops_log" : "/home/user/benchmarks/512s/1x/nvme3n1/4k/randread-iodepth-1-numjobs-1",
        "filename" : "/dev/nvme3n1"
      },
      "read" : {
        "io_bytes" : 685080576,
        "io_kbytes" : 669024,
        "bw_bytes" : 57598837,
        "bw" : 56248,
        "iops" : 14062.216243,
        "runtime" : 11894,
        "total_ios" : 167256,
        "short_ios" : 0,
        "drop_ios" : 0,
        "slat_ns" : {
          "min" : 1000,
          "max" : 30250,
          "mean" : 2359.751184,
          "stddev" : 606.754709,
          "N" : 167256
        },
        "clat_ns" : {
          "min" : 41160,
          "max" : 123170,
          "mean" : 67807.140019,
          "stddev" : 6467.630184,
          "N" : 167256,
          "percentile" : {
            "1.000000" : 59136,
            "5.000000" : 60672,
            "10.000000" : 61696,
            "20.000000" : 63232,
            "30.000000" : 63744,
            "40.000000" : 64256,
            "50.000000" : 64768,
            "60.000000" : 66048,
            "70.000000" : 73216,
            "80.000000" : 75264,
            "90.000000" : 77312,
            "95.000000" : 77312,
            "99.000000" : 79360,
            "99.500000" : 80384,
            "99.900000" : 102912,
            "99.950000" : 109056,
            "99.990000" : 110080
          }
        },
        "lat_ns" : {
          "min" : 42340,
          "max" : 126890,
          "mean" : 70166.891203,
          "stddev" : 6617.797385,
          "N" : 167256
        },
        "bw_min" : 53864,
        "bw_max" : 60560,
        "bw_agg" : 100.000000,
        "bw_mean" : 56396.545455,
        "bw_dev" : 1770.381731,
        "bw_samples" : 11,
        "iops_min" : 13466,
        "iops_max" : 15140,
        "iops_mean" : 14098.818182,
        "iops_stddev" : 442.696695,
        "iops_samples" : 11
      },
      "write" : {
        "io_bytes" : 0,
        "io_kbytes" : 0,
        "bw_bytes" : 0,
        "bw" : 0,
        "iops" : 0.000000,
        "runtime" : 0,
        "total_ios" : 0,
        "short_ios" : 0,
        "drop_ios" : 0,
        "slat_ns" : {
          "min" : 0,
          "max" : 0,
          "mean" : 0.000000,
          "stddev" : 0.000000,
          "N" : 0
        },
        "clat_ns" : {
          "min" : 0,
          "max" : 0,
          "mean" : 0.000000,
          "stddev" : 0.000000,
          "N" : 0
        },
        "lat_ns" : {
          "min" : 0,
          "max" : 0,
          "mean" : 0.000000,
          "stddev" : 0.000000,
          "N" : 0
        },
        "bw_min" : 0,
        "bw_max" : 0,
        "bw_agg" : 0.000000,
        "bw_mean" : 0.000000,
        "bw_dev" : 0.000000,
        "bw_samples" : 0,
        "iops_min" : 0,
        "iops_max" : 0,
        "iops_mean" : 0.000000,
        "iops_stddev" : 0.000000,
        "iops_samples" : 0
      },
      "trim" : {
        "io_bytes" : 0,
        "io_kbytes" : 0,
        "bw_bytes" : 0,
        "bw" : 0,
        "iops" : 0.000000,
        "runtime" : 0,
        "total_ios" : 0,
        "short_ios" : 0,
        "drop_ios" : 0,
        "slat_ns" : {
          "min" : 0,
          "max" : 0,
          "mean" : 0.000000,
          "stddev" : 0.000000,
          "N" : 0
        },
        "clat_ns" : {
          "min" : 0,
          "max" : 0,
          "mean" : 0.000000,
          "stddev" : 0.000000,
          "N" : 0
        },
        "lat_ns" : {
          "min" : 0,
          "max" : 0,
          "mean" : 0.000000,
          "stddev" : 0.000000,
          "N" : 0
        },
        "bw_min" : 0,
        "bw_max" : 0,
        "bw_agg" : 0.000000,
        "bw_mean" : 0.000000,
        "bw_dev" : 0.000000,
        "bw_samples" : 0,
        "iops_min" : 0,
        "iops_max" : 0,
        "iops_mean" : 0.000000,
        "iops_stddev" : 0.000000,
        "iops_samples" : 0
      },
      "sync" : {
        "total_ios" : 0,
        "lat_ns" : {
          "min" : 0,
          "max" : 0,
          "mean" : 0.000000,
          "stddev" : 0.000000,
          "N" : 0
        }
      },
      "job_runtime" : 11893,
      "usr_cpu" : 2.833600,
      "sys_cpu" : 7.247961,
      "ctx" : 167256,
      "majf" : 0,
      "minf" : 39,
      "iodepth_level" : {
        "1" : 100.000000,
        "2" : 0.000000,
        "4" : 0.000000,
        "8" : 0.000000,
        "16" : 0.000000,
        "32" : 0.000000,
        ">=64" : 0.000000
      },
      "iodepth_submit" : {
        "0" : 0.000000,
        "4" : 100.000000,
        "8" : 0.000000,
        "16" : 0.000000,
        "32" : 0.000000,
        "64" : 0.000000,
        ">=64" : 0.000000
      },
      "iodepth_complete" : {
        "0" : 0.000000,
        "4" : 100.000000,
        "8" : 0.000000,
        "16" : 0.000000,
        "32" : 0.000000,
        "64" : 0.000000,
        ">=64" : 0.000000
      },
      "latency_ns" : {
        "2" : 0.000000,
        "4" : 0.000000,
        "10" : 0.000000,
        "20" : 0.000000,
        "50" : 0.000000,
        "100" : 0.000000,
        "250" : 0.000000,
        "500" : 0.000000,
        "750" : 0.000000,
        "1000" : 0.000000
      },
      "latency_us" : {
        "2" : 0.000000,
        "4" : 0.000000,
        "10" : 0.000000,
        "20" : 0.000000,
        "50" : 0.359329,
        "100" : 99.539030,
        "250" : 0.101641,
        "500" : 0.000000,
        "750" : 0.000000,
        "1000" : 0.000000
      },
      "latency_ms" : {
        "2" : 0.000000,
        "4" : 0.000000,
        "10" : 0.000000,
        "20" : 0.000000,
        "50" : 0.000000,
        "100" : 0.000000,
        "250" : 0.000000,
        "500" : 0.000000,
        "750" : 0.000000,
        "1000" : 0.000000,
        "2000" : 0.000000,
        ">=2000" : 0.000000
      },
      "latency_depth" : 1,
      "latency_target" : 0,
      "latency_percentile" : 100.000000,
      "latency_window" : 0,
      "steadystate" : {
        "ss" : "iops:10.000000%",
        "duration" : 10,
        "attained" : 1,
        "criterion" : "7.378129%",
        "max_deviation" : 1041.600000,
        "slope" : 0.000000,
        "data" : {
          "bw_mean" : 57826472,
          "iops_mean" : 14117,
          "iops" : [
            15159,
            14603,
            14127,
            14122,
            13970,
            13804,
            13816,
            13941,
            13858,
            13774
          ],
          "bw" : [
            62091915,
            59813888,
            57864712,
            57844212,
            57225097,
            56541184,
            56593681,
            57106194,
            56762368,
            56421477
          ]
        }
      }
    }
  ],
  "disk_util" : [
    {
      "name" : "nvme3n1",
      "read_ios" : 167255,
      "write_ios" : 0,
      "read_merges" : 0,
      "write_merges" : 0,
      "read_ticks" : 10883,
      "write_ticks" : 0,
      "in_queue" : 10883,
      "util" : 99.216013
    }
  ]
}
