{
  "fio version" : "fio-3.33",
  "timestamp" : 1687910592,
  "timestamp_ms" : 1687910592684,
  "time" : "Wed Jun 28 00:03:12 2023",
  "jobs" : [
    {
      "jobname" : "FIOJOB",
      "groupid" : 0,
      "error" : 0,
      "eta" : 0,
      "elapsed" : 17,
      "job options" : {
        "ioengine" : "io_uring",
        "rw" : "randread",
        "bs" : "4k",
        "iodepth" : "16",
        "numjobs" : "1",
        "rwmixread" : "95",
        "runtime" : "60",
        "loops" : "1",
        "direct" : "1",
        "steadystate" : "iops:10%%",
        "steadystate_duration" : "10",
        "steadystate_ramp_time" : "1",
        "log_avg_msec" : "1000",
        "invalidate" : "1",
        "write_bw_log" : "/home/user/benchmarks/512s/1x/nvme3n1/4k/randread-iodepth-16-numjobs-1",
        "write_lat_log" : "/home/user/benchmarks/512s/1x/nvme3n1/4k/randread-iodepth-16-numjobs-1",
        "write_iops_log" : "/home/user/benchmarks/512s/1x/nvme3n1/4k/randread-iodepth-16-numjobs-1",
        "filename" : "/dev/nvme3n1"
      },
      "read" : {
        "io_bytes" : 6061068288,
        "io_kbytes" : 5919012,
        "bw_bytes" : 381439162,
        "bw" : 372499,
        "iops" : 93124.795469,
        "runtime" : 15890,
        "total_ios" : 1479753,
        "short_ios" : 0,
        "drop_ios" : 0,
        "slat_ns" : {
          "min" : 920,
          "max" : 30580,
          "mean" : 1684.203023,
          "stddev" : 830.754234,
          "N" : 1479753
        },
        "clat_ns" : {
          "min" : 41240,
          "max" : 793550,
          "mean" : 169502.186791,
          "stddev" : 93416.023996,
          "N" : 1479753,
          "percentile" : {
            "1.000000" : 62208,
            "5.000000" : 66048,
            "10.000000" : 74240,
            "20.000000" : 85504,
            "30.000000" : 98816,
            "40.000000" : 119296,
            "50.000000" : 142336,
            "60.000000" : 173056,
            "70.000000" : 209920,
            "80.000000" : 248832,
            "90.000000" : 305152,
            "95.000000" : 354304,
            "99.000000" : 436224,
            "99.500000" : 468992,
            "99.900000" : 536576,
            "99.950000" : 569344,
            "99.990000" : 634880
          }
        },
        "lat_ns" : {
          "min" : 43031,
          "max" : 795750,
          "mean" : 171186.389814,
          "stddev" : 93637.488621,
          "N" : 1479753
        },
        "bw_min" : 286166,
        "bw_max" : 662728,
        "bw_agg" : 100.000000,
        "bw_mean" : 378631.200000,
        "bw_dev" : 119356.743660,
        "bw_samples" : 15,
        "iops_min" : 71541,
        "iops_max" : 165687,
        "iops_mean" : 94657.666667,
        "iops_stddev" : 29839.915848,
        "iops_samples" : 15
      },
      "write" : {
        "io_bytes" : 0,
        "io_kbytes" : 0,
        "bw_bytes" : 0,
        "bw" : 0,
        "iops" : 0.000000,
        "runtime" : 0,
        "total_ios" : 0,
        "short_ios" : 0,
        "drop_ios" : 0,
        "slat_ns" : {
          "min" : 0,
          "max" : 0,
          "mean" : 0.000000,
          "stddev" : 0.000000,
          "N" : 0
        },
        "clat_ns" : {
          "min" : 0,
          "max" : 0,
          "mean" : 0.000000,
          "stddev" : 0.000000,
          "N" : 0
        },
        "lat_ns" : {
          "min" : 0,
          "max" : 0,
          "mean" : 0.000000,
          "stddev" : 0.000000,
          "N" : 0
        },
        "bw_min" : 0,
        "bw_max" : 0,
        "bw_agg" : 0.000000,
        "bw_mean" : 0.000000,
        "bw_dev" : 0.000000,
        "bw_samples" : 0,
        "iops_min" : 0,
        "iops_max" : 0,
        "iops_mean" : 0.000000,
        "iops_stddev" : 0.000000,
        "iops_samples" : 0
      },
      "trim" : {
        "io_bytes" : 0,
        "io_kbytes" : 0,
        "bw_bytes" : 0,
        "bw" : 0,
        "iops" : 0.000000,
        "runtime" : 0,
        "total_ios" : 0,
        "short_ios" : 0,
        "drop_ios" : 0,
        "slat_ns" : {
          "min" : 0,
          "max" : 0,
          "mean" : 0.000000,
          "stddev" : 0.000000,
          "N" : 0
        },
        "clat_ns" : {
          "min" : 0,
          "max" : 0,
          "mean" : 0.000000,
          "stddev" : 0.000000,
          "N" : 0
        },
        "lat_ns" : {
          "min" : 0,
          "max" : 0,
          "mean" : 0.000000,
          "stddev" : 0.000000,
          "N" : 0
        },
        "bw_min" : 0,
        "bw_max" : 0,
        "bw_agg" : 0.000000,
        "bw_mean" : 0.000000,
        "bw_dev" : 0.000000,
        "bw_samples" : 0,
        "iops_min" : 0,
        "iops_max" : 0,
        "iops_mean" : 0.000000,
        "iops_stddev" : 0.000000,
        "iops_samples" : 0
      },
      "sync" : {
        "total_ios" : 0,
        "lat_ns" : {
          "min" : 0,
          "max" : 0,
          "mean" : 0.000000,
          "stddev" : 0.000000,
          "N" : 0
        }
      },
      "job_runtime" : 15889,
      "usr_cpu" : 10.491535,
      "sys_cpu" : 23.865567,
      "ctx" : 746740,
      "majf" : 0,
      "minf" : 54,
      "iodepth_level" : {
        "1" : 0.100000,
        "2" : 0.100000,
        "4" : 0.100000,
        "8" : 0.100000,
        "16" : 99.998986,
        "32" : 0.000000,
        ">=64" : 0.000000
      },
      "iodepth_submit" : {
        "0" : 0.000000,
        "4" : 100.000000,
        "8" : 0.000000,
        "16" : 0.000000,
        "32" : 0.000000,
        "64" : 0.000000,
        ">=64" : 0.000000
      },
      "iodepth_complete" : {
        "0" : 0.000000,
        "4" : 99.999932,
        "8" : 0.000000,
        "16" : 0.100000,
        "32" : 0.000000,
        "64" : 0.000000,
        ">=64" : 0.000000
      },
      "latency_ns" : {
        "2" : 0.000000,
        "4" : 0.000000,
        "10" : 0.000000,
        "20" : 0.000000,
        "50" : 0.000000,
        "100" : 0.000000,
        "250" : 0.000000,
        "500" : 0.000000,
        "750" : 0.000000,
        "1000" : 0.000000
      },
      "latency_us" : {
        "2" : 0.000000,
        "4" : 0.000000,
        "10" : 0.000000,
        "20" : 0.000000,
        "50" : 0.023180,
        "100" : 30.458935,
        "250" : 49.927724,
        "500" : 19.337079,
        "750" : 0.252339,
        "1000" : 0.010000
      },
      "latency_ms" : {
        "2" : 0.000000,
        "4" : 0.000000,
        "10" : 0.000000,
        "20" : 0.000000,
        "50" : 0.000000,
        "100" : 0.000000,
        "250" : 0.000000,
        "500" : 0.000000,
        "750" : 0.000000,
        "1000" : 0.000000,
        "2000" : 0.000000,
        ">=2000" : 0.000000
      },
      "latency_depth" : 16,
      "latency_target" : 0,
      "latency_percentile" : 100.000000,
      "latency_window" : 0,
      "steadystate" : {
        "ss" : "iops:10.000000%",
        "duration" : 10,
        "attained" : 1,
        "criterion" : "8.458010%",
        "max_deviation" : 6327.200000,
        "slope" : 0.000000,
        "data" : {
          "bw_mean" : 306412083,
          "iops_mean" : 74807,
          "iops" : [
            75441,
            75788,
            75791,
            76044,
            75943,
            71432,
            76908,
            77250,
            74995,
            68480
          ],
          "bw" : [
            309008144,
            310430878,
            310439936,
            311476404,
            311066394,
            292587243,
            315015168,
            316417025,
            307183599,
            280496048
          ]
        }
      }
    }
  ],
  "disk_util" : [
    {
      "name" : "nvme3n1",
      "read_ios" : 1479736,
      "write_ios" : 0,
      "read_merges" : 0,
      "write_merges" : 0,
      "read_ticks" : 246597,
      "write_ticks" : 0,
      "in_queue" : 246597,
      "util" : 99.411985
    }
  ]
}
