{
  "fio version" : "fio-3.33",
  "timestamp" : 1687911638,
  "timestamp_ms" : 1687911638972,
  "time" : "Wed Jun 28 00:20:38 2023",
  "jobs" : [
    {
      "jobname" : "FIOJOB",
      "groupid" : 0,
      "error" : 0,
      "eta" : 0,
      "elapsed" : 23,
      "job options" : {
        "ioengine" : "io_uring",
        "rw" : "randread",
        "bs" : "4k",
        "iodepth" : "32",
        "numjobs" : "1",
        "rwmixread" : "95",
        "runtime" : "60",
        "loops" : "1",
        "direct" : "1",
        "steadystate" : "iops:10%%",
        "steadystate_duration" : "10",
        "steadystate_ramp_time" : "1",
        "log_avg_msec" : "1000",
        "invalidate" : "1",
        "write_bw_log" : "/home/user/benchmarks/512s/1x/nvme3n1/4k/randread-iodepth-32-numjobs-1",
        "write_lat_log" : "/home/user/benchmarks/512s/1x/nvme3n1/4k/randread-iodepth-32-numjobs-1",
        "write_iops_log" : "/home/user/benchmarks/512s/1x/nvme3n1/4k/randread-iodepth-32-numjobs-1",
        "filename" : "/dev/nvme3n1"
      },
      "read" : {
        "io_bytes" : 11796017152,
        "io_kbytes" : 11519548,
        "bw_bytes" : 538852366,
        "bw" : 526223,
        "iops" : 131555.753506,
        "runtime" : 21891,
        "total_ios" : 2879887,
        "short_ios" : 0,
        "drop_ios" : 0,
        "slat_ns" : {
          "min" : 909,
          "max" : 36150,
          "mean" : 2214.433142,
          "stddev" : 1213.377647,
          "N" : 2879887
        },
        "clat_ns" : {
          "min" : 43220,
          "max" : 1114990,
          "mean" : 240256.948717,
          "stddev" : 134506.529040,
          "N" : 2879887,
          "percentile" : {
            "1.000000" : 67072,
            "5.000000" : 81408,
            "10.000000" : 92672,
            "20.000000" : 117248,
            "30.000000" : 144384,
            "40.000000" : 175104,
            "50.000000" : 209920,
            "60.000000" : 248832,
            "70.000000" : 296960,
            "80.000000" : 354304,
            "90.000000" : 436224,
            "95.000000" : 501760,
            "99.000000" : 618496,
            "99.500000" : 667648,
            "99.900000" : 757760,
            "99.950000" : 798720,
            "99.990000" : 880640
          }
        },
        "lat_ns" : {
          "min" : 44300,
          "max" : 1119500,
          "mean" : 242471.381859,
          "stddev" : 134789.612170,
          "N" : 2879887
        },
        "bw_min" : 402162,
        "bw_max" : 927560,
        "bw_agg" : 100.000000,
        "bw_mean" : 531179.095238,
        "bw_dev" : 147619.956314,
        "bw_samples" : 21,
        "iops_min" : 100539,
        "iops_max" : 231900,
        "iops_mean" : 132795.142857,
        "iops_stddev" : 36906.295019,
        "iops_samples" : 21
      },
      "write" : {
        "io_bytes" : 0,
        "io_kbytes" : 0,
        "bw_bytes" : 0,
        "bw" : 0,
        "iops" : 0.000000,
        "runtime" : 0,
        "total_ios" : 0,
        "short_ios" : 0,
        "drop_ios" : 0,
        "slat_ns" : {
          "min" : 0,
          "max" : 0,
          "mean" : 0.000000,
          "stddev" : 0.000000,
          "N" : 0
        },
        "clat_ns" : {
          "min" : 0,
          "max" : 0,
          "mean" : 0.000000,
          "stddev" : 0.000000,
          "N" : 0
        },
        "lat_ns" : {
          "min" : 0,
          "max" : 0,
          "mean" : 0.000000,
          "stddev" : 0.000000,
          "N" : 0
        },
        "bw_min" : 0,
        "bw_max" : 0,
        "bw_agg" : 0.000000,
        "bw_mean" : 0.000000,
        "bw_dev" : 0.000000,
        "bw_samples" : 0,
        "iops_min" : 0,
        "iops_max" : 0,
        "iops_mean" : 0.000000,
        "iops_stddev" : 0.000000,
        "iops_samples" : 0
      },
      "trim" : {
        "io_bytes" : 0,
        "io_kbytes" : 0,
        "bw_bytes" : 0,
        "bw" : 0,
        "iops" : 0.000000,
        "runtime" : 0,
        "total_ios" : 0,
        "short_ios" : 0,
        "drop_ios" : 0,
        "slat_ns" : {
          "min" : 0,
          "max" : 0,
          "mean" : 0.000000,
          "stddev" : 0.000000,
          "N" : 0
        },
        "clat_ns" : {
          "min" : 0,
          "max" : 0,
          "mean" : 0.000000,
          "stddev" : 0.000000,
          "N" : 0
        },
        "lat_ns" : {
          "min" : 0,
          "max" : 0,
          "mean" : 0.000000,
          "stddev" : 0.000000,
          "N" : 0
        },
        "bw_min" : 0,
        "bw_max" : 0,
        "bw_agg" : 0.000000,
        "bw_mean" : 0.000000,
        "bw_dev" : 0.000000,
        "bw_samples" : 0,
        "iops_min" : 0,
        "iops_max" : 0,
        "iops_mean" : 0.000000,
        "iops_stddev" : 0.000000,
        "iops_samples" : 0
      },
      "sync" : {
        "total_ios" : 0,
        "lat_ns" : {
          "min" : 0,
          "max" : 0,
          "mean" : 0.000000,
          "stddev" : 0.000000,
          "N" : 0
        }
      },
      "job_runtime" : 21890,
      "usr_cpu" : 16.793056,
      "sys_cpu" : 38.917314,
      "ctx" : 820576,
      "majf" : 0,
      "minf" : 70,
      "iodepth_level" : {
        "1" : 0.100000,
        "2" : 0.100000,
        "4" : 0.100000,
        "8" : 0.100000,
        "16" : 0.100000,
        "32" : 99.998924,
        ">=64" : 0.000000
      },
      "iodepth_submit" : {
        "0" : 0.000000,
        "4" : 100.000000,
        "8" : 0.000000,
        "16" : 0.000000,
        "32" : 0.000000,
        "64" : 0.000000,
        ">=64" : 0.000000
      },
      "iodepth_complete" : {
        "0" : 0.000000,
        "4" : 99.999965,
        "8" : 0.000000,
        "16" : 0.000000,
        "32" : 0.100000,
        "64" : 0.000000,
        ">=64" : 0.000000
      },
      "latency_ns" : {
        "2" : 0.000000,
        "4" : 0.000000,
        "10" : 0.000000,
        "20" : 0.000000,
        "50" : 0.000000,
        "100" : 0.000000,
        "250" : 0.000000,
        "500" : 0.000000,
        "750" : 0.000000,
        "1000" : 0.000000
      },
      "latency_us" : {
        "2" : 0.000000,
        "4" : 0.000000,
        "10" : 0.000000,
        "20" : 0.000000,
        "50" : 0.010000,
        "100" : 13.343996,
        "250" : 46.748431,
        "500" : 34.876368,
        "750" : 4.912068,
        "1000" : 0.115803
      },
      "latency_ms" : {
        "2" : 0.010000,
        "4" : 0.000000,
        "10" : 0.000000,
        "20" : 0.000000,
        "50" : 0.000000,
        "100" : 0.000000,
        "250" : 0.000000,
        "500" : 0.000000,
        "750" : 0.000000,
        "1000" : 0.000000,
        "2000" : 0.000000,
        ">=2000" : 0.000000
      },
      "latency_depth" : 32,
      "latency_target" : 0,
      "latency_percentile" : 100.000000,
      "latency_window" : 0,
      "steadystate" : {
        "ss" : "iops:10.000000%",
        "duration" : 10,
        "attained" : 1,
        "criterion" : "2.307299%",
        "max_deviation" : 2371.500000,
        "slope" : 0.000000,
        "data" : {
          "bw_mean" : 420998084,
          "iops_mean" : 102782,
          "iops" : [
            102206,
            100411,
            103803,
            102598,
            104501,
            100700,
            102526,
            104519,
            102318,
            104243
          ],
          "bw" : [
            418636620,
            411283456,
            425180380,
            420241408,
            428038150,
            412467200,
            419948652,
            428109824,
            419095831,
            426979328
          ]
        }
      }
    }
  ],
  "disk_util" : [
    {
      "name" : "nvme3n1",
      "read_ios" : 2879853,
      "write_ios" : 0,
      "read_merges" : 0,
      "write_merges" : 0,
      "read_ticks" : 673777,
      "write_ticks" : 0,
      "in_queue" : 673778,
      "util" : 99.581514
    }
  ]
}
