{
  "fio version" : "fio-3.33",
  "timestamp" : 1687912894,
  "timestamp_ms" : 1687912894158,
  "time" : "Wed Jun 28 00:41:34 2023",
  "jobs" : [
    {
      "jobname" : "FIOJOB",
      "groupid" : 0,
      "error" : 0,
      "eta" : 0,
      "elapsed" : 26,
      "job options" : {
        "ioengine" : "io_uring",
        "rw" : "randread",
        "bs" : "4k",
        "iodepth" : "64",
        "numjobs" : "1",
        "rwmixread" : "95",
        "runtime" : "60",
        "loops" : "1",
        "direct" : "1",
        "steadystate" : "iops:10%%",
        "steadystate_duration" : "10",
        "steadystate_ramp_time" : "1",
        "log_avg_msec" : "1000",
        "invalidate" : "1",
        "write_bw_log" : "/home/user/benchmarks/512s/1x/nvme3n1/4k/randread-iodepth-64-numjobs-1",
        "write_lat_log" : "/home/user/benchmarks/512s/1x/nvme3n1/4k/randread-iodepth-64-numjobs-1",
        "write_iops_log" : "/home/user/benchmarks/512s/1x/nvme3n1/4k/randread-iodepth-64-numjobs-1",
        "filename" : "/dev/nvme3n1"
      },
      "read" : {
        "io_bytes" : 21794349056,
        "io_kbytes" : 21283544,
        "bw_bytes" : 875626719,
        "bw" : 855104,
        "iops" : 213776.054640,
        "runtime" : 24890,
        "total_ios" : 5320886,
        "short_ios" : 0,
        "drop_ios" : 0,
        "slat_ns" : {
          "min" : 909,
          "max" : 34229,
          "mean" : 1503.682593,
          "stddev" : 858.911777,
          "N" : 5320886
        },
        "clat_ns" : {
          "min" : 42510,
          "max" : 1486190,
          "mean" : 297346.512166,
          "stddev" : 173597.857445,
          "N" : 5320886,
          "percentile" : {
            "1.000000" : 76288,
            "5.000000" : 92672,
            "10.000000" : 109056,
            "20.000000" : 138240,
            "30.000000" : 175104,
            "40.000000" : 216064,
            "50.000000" : 257024,
            "60.000000" : 309248,
            "70.000000" : 366592,
            "80.000000" : 440320,
            "90.000000" : 544768,
            "95.000000" : 634880,
            "99.000000" : 798720,
            "99.500000" : 856064,
            "99.900000" : 978944,
            "99.950000" : 1019904,
            "99.990000" : 1122304
          }
        },
        "lat_ns" : {
          "min" : 43610,
          "max" : 1487800,
          "mean" : 298850.194759,
          "stddev" : 173683.074682,
          "N" : 5320886
        },
        "bw_min" : 613429,
        "bw_max" : 1556803,
        "bw_agg" : 100.000000,
        "bw_mean" : 863959.916667,
        "bw_dev" : 236604.022215,
        "bw_samples" : 24,
        "iops_min" : 153357,
        "iops_max" : 389209,
        "iops_mean" : 215989.916667,
        "iops_stddev" : 59151.658561,
        "iops_samples" : 24
      },
      "write" : {
        "io_bytes" : 0,
        "io_kbytes" : 0,
        "bw_bytes" : 0,
        "bw" : 0,
        "iops" : 0.000000,
        "runtime" : 0,
        "total_ios" : 0,
        "short_ios" : 0,
        "drop_ios" : 0,
        "slat_ns" : {
          "min" : 0,
          "max" : 0,
          "mean" : 0.000000,
          "stddev" : 0.000000,
          "N" : 0
        },
        "clat_ns" : {
          "min" : 0,
          "max" : 0,
          "mean" : 0.000000,
          "stddev" : 0.000000,
          "N" : 0
        },
        "lat_ns" : {
          "min" : 0,
          "max" : 0,
          "mean" : 0.000000,
          "stddev" : 0.000000,
          "N" : 0
        },
        "bw_min" : 0,
        "bw_max" : 0,
        "bw_agg" : 0.000000,
        "bw_mean" : 0.000000,
        "bw_dev" : 0.000000,
        "bw_samples" : 0,
        "iops_min" : 0,
        "iops_max" : 0,
        "iops_mean" : 0.000000,
        "iops_stddev" : 0.000000,
        "iops_samples" : 0
      },
      "trim" : {
        "io_bytes" : 0,
        "io_kbytes" : 0,
        "bw_bytes" : 0,
        "bw" : 0,
        "iops" : 0.000000,
        "runtime" : 0,
        "total_ios" : 0,
        "short_ios" : 0,
        "drop_ios" : 0,
        "slat_ns" : {
          "min" : 0,
          "max" : 0,
          "mean" : 0.000000,
          "stddev" : 0.000000,
          "N" : 0
        },
        "clat_ns" : {
          "min" : 0,
          "max" : 0,
          "mean" : 0.000000,
          "stddev" : 0.000000,
          "N" : 0
        },
        "lat_ns" : {
          "min" : 0,
          "max" : 0,
          "mean" : 0.000000,
          "stddev" : 0.000000,
          "N" : 0
        },
        "bw_min" : 0,
        "bw_max" : 0,
        "bw_agg" : 0.000000,
        "bw_mean" : 0.000000,
        "bw_dev" : 0.000000,
        "bw_samples" : 0,
        "iops_min" : 0,
        "iops_max" : 0,
        "iops_mean" : 0.000000,
        "iops_stddev" : 0.000000,
        "iops_samples" : 0
      },
      "sync" : {
        "total_ios" : 0,
        "lat_ns" : {
          "min" : 0,
          "max" : 0,
          "mean" : 0.000000,
          "stddev" : 0.000000,
          "N" : 0
        }
      },
      "job_runtime" : 24889,
      "usr_cpu" : 17.915545,
      "sys_cpu" : 39.535538,
      "ctx" : 1401391,
      "majf" : 0,
      "minf" : 102,
      "iodepth_level" : {
        "1" : 0.100000,
        "2" : 0.100000,
        "4" : 0.100000,
        "8" : 0.100000,
        "16" : 0.100000,
        "32" : 0.100000,
        ">=64" : 99.998816
      },
      "iodepth_submit" : {
        "0" : 0.000000,
        "4" : 100.000000,
        "8" : 0.000000,
        "16" : 0.000000,
        "32" : 0.000000,
        "64" : 0.000000,
        ">=64" : 0.000000
      },
      "iodepth_complete" : {
        "0" : 0.000000,
        "4" : 99.999981,
        "8" : 0.000000,
        "16" : 0.000000,
        "32" : 0.000000,
        "64" : 0.100000,
        ">=64" : 0.000000
      },
      "latency_ns" : {
        "2" : 0.000000,
        "4" : 0.000000,
        "10" : 0.000000,
        "20" : 0.000000,
        "50" : 0.000000,
        "100" : 0.000000,
        "250" : 0.000000,
        "500" : 0.000000,
        "750" : 0.000000,
        "1000" : 0.000000
      },
      "latency_us" : {
        "2" : 0.000000,
        "4" : 0.000000,
        "10" : 0.000000,
        "20" : 0.000000,
        "50" : 0.010000,
        "100" : 7.020466,
        "250" : 41.182878,
        "500" : 38.024043,
        "750" : 12.090317,
        "1000" : 1.610296
      },
      "latency_ms" : {
        "2" : 0.071304,
        "4" : 0.000000,
        "10" : 0.000000,
        "20" : 0.000000,
        "50" : 0.000000,
        "100" : 0.000000,
        "250" : 0.000000,
        "500" : 0.000000,
        "750" : 0.000000,
        "1000" : 0.000000,
        "2000" : 0.000000,
        ">=2000" : 0.000000
      },
      "latency_depth" : 64,
      "latency_target" : 0,
      "latency_percentile" : 100.000000,
      "latency_window" : 0,
      "steadystate" : {
        "ss" : "iops:10.000000%",
        "duration" : 10,
        "attained" : 1,
        "criterion" : "2.680769%",
        "max_deviation" : 4238.800000,
        "slope" : 0.000000,
        "data" : {
          "bw_mean" : 647656322,
          "iops_mean" : 158118,
          "iops" : [
            159554,
            160085,
            160642,
            161389,
            153880,
            156012,
            159443,
            158609,
            153928,
            157646
          ],
          "bw" : [
            653535455,
            655708508,
            657992264,
            661049344,
            630296088,
            639025201,
            653080344,
            649662464,
            630492892,
            645720664
          ]
        }
      }
    }
  ],
  "disk_util" : [
    {
      "name" : "nvme3n1",
      "read_ios" : 5320820,
      "write_ios" : 0,
      "read_merges" : 0,
      "write_merges" : 0,
      "read_ticks" : 1556927,
      "write_ticks" : 0,
      "in_queue" : 1556927,
      "util" : 99.651707
    }
  ]
}
