{
  "fio version" : "fio-3.33",
  "timestamp" : 1687910678,
  "timestamp_ms" : 1687910678594,
  "time" : "Wed Jun 28 00:04:38 2023",
  "jobs" : [
    {
      "jobname" : "FIOJOB",
      "groupid" : 0,
      "error" : 0,
      "eta" : 0,
      "elapsed" : 18,
      "job options" : {
        "ioengine" : "io_uring",
        "rw" : "randread",
        "bs" : "4k",
        "iodepth" : "16",
        "numjobs" : "2",
        "rwmixread" : "95",
        "runtime" : "60",
        "loops" : "1",
        "direct" : "1",
        "steadystate" : "iops:10%%",
        "steadystate_duration" : "10",
        "steadystate_ramp_time" : "1",
        "log_avg_msec" : "1000",
        "invalidate" : "1",
        "write_bw_log" : "/home/user/benchmarks/512s/1x/nvme3n1/4k/randread-iodepth-16-numjobs-2",
        "write_lat_log" : "/home/user/benchmarks/512s/1x/nvme3n1/4k/randread-iodepth-16-numjobs-2",
        "write_iops_log" : "/home/user/benchmarks/512s/1x/nvme3n1/4k/randread-iodepth-16-numjobs-2",
        "filename" : "/dev/nvme3n1"
      },
      "read" : {
        "io_bytes" : 5615673344,
        "io_kbytes" : 5484056,
        "bw_bytes" : 332504786,
        "bw" : 324711,
        "iops" : 81177.926461,
        "runtime" : 16889,
        "total_ios" : 1371014,
        "short_ios" : 0,
        "drop_ios" : 0,
        "slat_ns" : {
          "min" : 880,
          "max" : 46220,
          "mean" : 2527.397180,
          "stddev" : 1125.994698,
          "N" : 1371014
        },
        "clat_ns" : {
          "min" : 43020,
          "max" : 1066160,
          "mean" : 193694.463644,
          "stddev" : 92689.810511,
          "N" : 1371014,
          "percentile" : {
            "1.000000" : 68096,
            "5.000000" : 82432,
            "10.000000" : 92672,
            "20.000000" : 113152,
            "30.000000" : 132096,
            "40.000000" : 150528,
            "50.000000" : 173056,
            "60.000000" : 199680,
            "70.000000" : 230400,
            "80.000000" : 268288,
            "90.000000" : 321536,
            "95.000000" : 370688,
            "99.000000" : 473088,
            "99.500000" : 518144,
            "99.900000" : 626688,
            "99.950000" : 684032,
            "99.990000" : 806912
          }
        },
        "lat_ns" : {
          "min" : 46600,
          "max" : 1068550,
          "mean" : 196221.860824,
          "stddev" : 92840.919388,
          "N" : 1371014
        },
        "bw_min" : 267279,
        "bw_max" : 470000,
        "bw_agg" : 50.595845,
        "bw_mean" : 327886.500000,
        "bw_dev" : 68473.326703,
        "bw_samples" : 16,
        "iops_min" : 66819,
        "iops_max" : 117504,
        "iops_mean" : 81971.687500,
        "iops_stddev" : 17118.784173,
        "iops_samples" : 16
      },
      "write" : {
        "io_bytes" : 0,
        "io_kbytes" : 0,
        "bw_bytes" : 0,
        "bw" : 0,
        "iops" : 0.000000,
        "runtime" : 0,
        "total_ios" : 0,
        "short_ios" : 0,
        "drop_ios" : 0,
        "slat_ns" : {
          "min" : 0,
          "max" : 0,
          "mean" : 0.000000,
          "stddev" : 0.000000,
          "N" : 0
        },
        "clat_ns" : {
          "min" : 0,
          "max" : 0,
          "mean" : 0.000000,
          "stddev" : 0.000000,
          "N" : 0
        },
        "lat_ns" : {
          "min" : 0,
          "max" : 0,
          "mean" : 0.000000,
          "stddev" : 0.000000,
          "N" : 0
        },
        "bw_min" : 0,
        "bw_max" : 0,
        "bw_agg" : 0.000000,
        "bw_mean" : 0.000000,
        "bw_dev" : 0.000000,
        "bw_samples" : 0,
        "iops_min" : 0,
        "iops_max" : 0,
        "iops_mean" : 0.000000,
        "iops_stddev" : 0.000000,
        "iops_samples" : 0
      },
      "trim" : {
        "io_bytes" : 0,
        "io_kbytes" : 0,
        "bw_bytes" : 0,
        "bw" : 0,
        "iops" : 0.000000,
        "runtime" : 0,
        "total_ios" : 0,
        "short_ios" : 0,
        "drop_ios" : 0,
        "slat_ns" : {
          "min" : 0,
          "max" : 0,
          "mean" : 0.000000,
          "stddev" : 0.000000,
          "N" : 0
        },
        "clat_ns" : {
          "min" : 0,
          "max" : 0,
          "mean" : 0.000000,
          "stddev" : 0.000000,
          "N" : 0
        },
        "lat_ns" : {
          "min" : 0,
          "max" : 0,
          "mean" : 0.000000,
          "stddev" : 0.000000,
          "N" : 0
        },
        "bw_min" : 0,
        "bw_max" : 0,
        "bw_agg" : 0.000000,
        "bw_mean" : 0.000000,
        "bw_dev" : 0.000000,
        "bw_samples" : 0,
        "iops_min" : 0,
        "iops_max" : 0,
        "iops_mean" : 0.000000,
        "iops_stddev" : 0.000000,
        "iops_samples" : 0
      },
      "sync" : {
        "total_ios" : 0,
        "lat_ns" : {
          "min" : 0,
          "max" : 0,
          "mean" : 0.000000,
          "stddev" : 0.000000,
          "N" : 0
        }
      },
      "job_runtime" : 16888,
      "usr_cpu" : 12.648034,
      "sys_cpu" : 31.981288,
      "ctx" : 587850,
      "majf" : 0,
      "minf" : 55,
      "iodepth_level" : {
        "1" : 0.100000,
        "2" : 0.100000,
        "4" : 0.100000,
        "8" : 0.100000,
        "16" : 99.998906,
        "32" : 0.000000,
        ">=64" : 0.000000
      },
      "iodepth_submit" : {
        "0" : 0.000000,
        "4" : 100.000000,
        "8" : 0.000000,
        "16" : 0.000000,
        "32" : 0.000000,
        "64" : 0.000000,
        ">=64" : 0.000000
      },
      "iodepth_complete" : {
        "0" : 0.000000,
        "4" : 99.999927,
        "8" : 0.000000,
        "16" : 0.100000,
        "32" : 0.000000,
        "64" : 0.000000,
        ">=64" : 0.000000
      },
      "latency_ns" : {
        "2" : 0.000000,
        "4" : 0.000000,
        "10" : 0.000000,
        "20" : 0.000000,
        "50" : 0.000000,
        "100" : 0.000000,
        "250" : 0.000000,
        "500" : 0.000000,
        "750" : 0.000000,
        "1000" : 0.000000
      },
      "latency_us" : {
        "2" : 0.000000,
        "4" : 0.000000,
        "10" : 0.000000,
        "20" : 0.000000,
        "50" : 0.010000,
        "100" : 13.644354,
        "250" : 62.239044,
        "500" : 23.465333,
        "750" : 0.626398,
        "1000" : 0.020933
      },
      "latency_ms" : {
        "2" : 0.010000,
        "4" : 0.000000,
        "10" : 0.000000,
        "20" : 0.000000,
        "50" : 0.000000,
        "100" : 0.000000,
        "250" : 0.000000,
        "500" : 0.000000,
        "750" : 0.000000,
        "1000" : 0.000000,
        "2000" : 0.000000,
        ">=2000" : 0.000000
      },
      "latency_depth" : 16,
      "latency_target" : 0,
      "latency_percentile" : 100.000000,
      "latency_window" : 0,
      "steadystate" : {
        "ss" : "iops:10.000000%",
        "duration" : 10,
        "attained" : 1,
        "criterion" : "3.032234%",
        "max_deviation" : 2084.200000,
        "slope" : 0.000000,
        "data" : {
          "bw_mean" : 281539967,
          "iops_mean" : 68734,
          "iops" : [
            67787,
            66742,
            68593,
            67955,
            70819,
            70377,
            69962,
            69628,
            67664,
            67821
          ],
          "bw" : [
            277658778,
            273378274,
            280959359,
            278343680,
            290077981,
            288265737,
            286564352,
            285198862,
            277154466,
            277798182
          ]
        }
      }
    },
    {
      "jobname" : "FIOJOB",
      "groupid" : 0,
      "error" : 0,
      "eta" : 0,
      "elapsed" : 18,
      "job options" : {
        "ioengine" : "io_uring",
        "rw" : "randread",
        "bs" : "4k",
        "iodepth" : "16",
        "numjobs" : "2",
        "rwmixread" : "95",
        "runtime" : "60",
        "loops" : "1",
        "direct" : "1",