{
  "fio version" : "fio-3.33",
  "timestamp" : 1687908650,
  "timestamp_ms" : 1687908650549,
  "time" : "Tue Jun 27 23:30:50 2023",
  "jobs" : [
    {
      "jobname" : "FIOJOB",
      "groupid" : 0,
      "error" : 0,
      "eta" : 0,
      "elapsed" : 13,
      "job options" : {
        "ioengine" : "io_uring",
        "rw" : "randread",
        "bs" : "4k",
        "iodepth" : "2",
        "numjobs" : "1",
        "rwmixread" : "95",
        "runtime" : "60",
        "loops" : "1",
        "direct" : "1",
        "steadystate" : "iops:10%%",
        "steadystate_duration" : "10",
        "steadystate_ramp_time" : "1",
        "log_avg_msec" : "1000",
        "invalidate" : "1",
        "write_bw_log" : "/home/user/benchmarks/512s/1x/nvme3n1/4k/randread-iodepth-2-numjobs-1",
        "write_lat_log" : "/home/user/benchmarks/512s/1x/nvme3n1/4k/randread-iodepth-2-numjobs-1",
        "write_iops_log" : "/home/user/benchmarks/512s/1x/nvme3n1/4k/randread-iodepth-2-numjobs-1",
        "filename" : "/dev/nvme3n1"
      },
      "read" : {
        "io_bytes" : 1272066048,
        "io_kbytes" : 1242252,
        "bw_bytes" : 106986210,
        "bw" : 104478,
        "iops" : 26119.680404,
        "runtime" : 11890,
        "total_ios" : 310563,
        "short_ios" : 0,
        "drop_ios" : 0,
        "slat_ns" : {
          "min" : 960,
          "max" : 37840,
          "mean" : 2516.320293,
          "stddev" : 477.065692,
          "N" : 310563
        },
        "clat_ns" : {
          "min" : 42520,
          "max" : 205760,
          "mean" : 73073.161796,
          "stddev" : 13457.107322,
          "N" : 310563,
          "percentile" : {
            "1.000000" : 60672,
            "5.000000" : 62208,
            "10.000000" : 63232,
            "20.000000" : 63744,
            "30.000000" : 64256,
            "40.000000" : 65280,
            "50.000000" : 67072,
            "60.000000" : 74240,
            "70.000000" : 76288,
            "80.000000" : 77312,
            "90.000000" : 86528,
            "95.000000" : 108032,
            "99.000000" : 122368,
            "99.500000" : 123392,
            "99.900000" : 127488,
            "99.950000" : 146432,
            "99.990000" : 160768
          }
        },
        "lat_ns" : {
          "min" : 44960,
          "max" : 207980,
          "mean" : 75589.482089,
          "stddev" : 13440.923696,
          "N" : 310563
        },
        "bw_min" : 96444,
        "bw_max" : 109461,
        "bw_agg" : 100.000000,
        "bw_mean" : 104975.363636,
        "bw_dev" : 4260.592125,
        "bw_samples" : 11,
        "iops_min" : 24111,
        "iops_max" : 27365,
        "iops_mean" : 26243.727273,
        "iops_stddev" : 1064.973342,
        "iops_samples" : 11
      },
      "write" : {
        "io_bytes" : 0,
        "io_kbytes" : 0,
        "bw_bytes" : 0,
        "bw" : 0,
        "iops" : 0.000000,
        "runtime" : 0,
        "total_ios" : 0,
        "short_ios" : 0,
        "drop_ios" : 0,
        "slat_ns" : {
          "min" : 0,
          "max" : 0,
          "mean" : 0.000000,
          "stddev" : 0.000000,
          "N" : 0
        },
        "clat_ns" : {
          "min" : 0,
          "max" : 0,
          "mean" : 0.000000,
          "stddev" : 0.000000,
          "N" : 0
        },
        "lat_ns" : {
          "min" : 0,
          "max" : 0,
          "mean" : 0.000000,
          "stddev" : 0.000000,
          "N" : 0
        },
        "bw_min" : 0,
        "bw_max" : 0,
        "bw_agg" : 0.000000,
        "bw_mean" : 0.000000,
        "bw_dev" : 0.000000,
        "bw_samples" : 0,
        "iops_min" : 0,
        "iops_max" : 0,
        "iops_mean" : 0.000000,
        "iops_stddev" : 0.000000,
        "iops_samples" : 0
      },
      "trim" : {
        "io_bytes" : 0,
        "io_kbytes" : 0,
        "bw_bytes" : 0,
        "bw" : 0,
        "iops" : 0.000000,
        "runtime" : 0,
        "total_ios" : 0,
        "short_ios" : 0,
        "drop_ios" : 0,
        "slat_ns" : {
          "min" : 0,
          "max" : 0,
          "mean" : 0.000000,
          "stddev" : 0.000000,
          "N" : 0
        },
        "clat_ns" : {
          "min" : 0,
          "max" : 0,
          "mean" : 0.000000,
          "stddev" : 0.000000,
          "N" : 0
        },
        "lat_ns" : {
          "min" : 0,
          "max" : 0,
          "mean" : 0.000000,
          "stddev" : 0.000000,
          "N" : 0
        },
        "bw_min" : 0,
        "bw_max" : 0,
        "bw_agg" : 0.000000,
        "bw_mean" : 0.000000,
        "bw_dev" : 0.000000,
        "bw_samples" : 0,
        "iops_min" : 0,
        "iops_max" : 0,
        "iops_mean" : 0.000000,
        "iops_stddev" : 0.000000,
        "iops_samples" : 0
      },
      "sync" : {
        "total_ios" : 0,
        "lat_ns" : {
          "min" : 0,
          "max" : 0,
          "mean" : 0.000000,
          "stddev" : 0.000000,
          "N" : 0
        }
      },
      "job_runtime" : 11889,
      "usr_cpu" : 5.130793,
      "sys_cpu" : 13.457818,
      "ctx" : 267298,
      "majf" : 0,
      "minf" : 40,
      "iodepth_level" : {
        "1" : 0.100000,
        "2" : 99.999678,
        "4" : 0.000000,
        "8" : 0.000000,
        "16" : 0.000000,
        "32" : 0.000000,
        ">=64" : 0.000000
      },
      "iodepth_submit" : {
        "0" : 0.000000,
        "4" : 100.000000,
        "8" : 0.000000,
        "16" : 0.000000,
        "32" : 0.000000,
        "64" : 0.000000,
        ">=64" : 0.000000
      },
      "iodepth_complete" : {
        "0" : 0.000000,
        "4" : 100.000000,
        "8" : 0.000000,
        "16" : 0.000000,
        "32" : 0.000000,
        "64" : 0.000000,
        ">=64" : 0.000000
      },
      "latency_ns" : {
        "2" : 0.000000,
        "4" : 0.000000,
        "10" : 0.000000,
        "20" : 0.000000,
        "50" : 0.000000,
        "100" : 0.000000,
        "250" : 0.000000,
        "500" : 0.000000,
        "750" : 0.000000,
        "1000" : 0.000000
      },
      "latency_us" : {
        "2" : 0.000000,
        "4" : 0.000000,
        "10" : 0.000000,
        "20" : 0.000000,
        "50" : 0.288508,
        "100" : 92.731909,
        "250" : 6.979582,
        "500" : 0.000000,
        "750" : 0.000000,
        "1000" : 0.000000
      },
      "latency_ms" : {
        "2" : 0.000000,
        "4" : 0.000000,
        "10" : 0.000000,
        "20" : 0.000000,
        "50" : 0.000000,
        "100" : 0.000000,
        "250" : 0.000000,
        "500" : 0.000000,
        "750" : 0.000000,
        "1000" : 0.000000,
        "2000" : 0.000000,
        ">=2000" : 0.000000
      },
      "latency_depth" : 2,
      "latency_target" : 0,
      "latency_percentile" : 100.000000,
      "latency_window" : 0,
      "steadystate" : {
        "ss" : "iops:10.000000%",
        "duration" : 10,
        "attained" : 1,
        "criterion" : "7.646117%",
        "max_deviation" : 1996.600000,
        "slope" : 0.000000,
        "data" : {
          "bw_mean" : 106958688,
          "iops_mean" : 26112,
          "iops" : [
            27005,
            26779,
            26885,
            26266,
            26561,
            27341,
            27003,
            24247,
            24116,
            24923
          ],
          "bw" : [
            110612480,
            109689977,
            110124588,
            107585536,
            108796156,
            111990134,
            110604300,
            99315712,
            98779611,
            102088392
          ]
        }
      }
    }
  ],
  "disk_util" : [
    {
      "name" : "nvme3n1",
      "read_ios" : 310559,
      "write_ios" : 0,
      "read_merges" : 0,
      "write_merges" : 0,
      "read_ticks" : 21722,
      "write_ticks" : 0,
      "in_queue" : 21721,
      "util" : 99.224289
    }
  ]
}
