{
  "fio version" : "fio-3.33",
  "timestamp" : 1687912985,
  "timestamp_ms" : 1687912985098,
  "time" : "Wed Jun 28 00:43:05 2023",
  "jobs" : [
    {
      "jobname" : "FIOJOB",
      "groupid" : 0,
      "error" : 0,
      "eta" : 0,
      "elapsed" : 19,
      "job options" : {
        "ioengine" : "io_uring",
        "rw" : "randread",
        "bs" : "4k",
        "iodepth" : "64",
        "numjobs" : "2",
        "rwmixread" : "95",
        "runtime" : "60",
        "loops" : "1",
        "direct" : "1",
        "steadystate" : "iops:10%%",
        "steadystate_duration" : "10",
        "steadystate_ramp_time" : "1",
        "log_avg_msec" : "1000",
        "invalidate" : "1",
        "write_bw_log" : "/home/user/benchmarks/512s/1x/nvme3n1/4k/randread-iodepth-64-numjobs-2",
        "write_lat_log" : "/home/user/benchmarks/512s/1x/nvme3n1/4k/randread-iodepth-64-numjobs-2",
        "write_iops_log" : "/home/user/benchmarks/512s/1x/nvme3n1/4k/randread-iodepth-64-numjobs-2",
        "filename" : "/dev/nvme3n1"
      },
      "read" : {
        "io_bytes" : 14037147648,
        "io_kbytes" : 13708152,
        "bw_bytes" : 784680398,
        "bw" : 766289,
        "iops" : 191572.362905,
        "runtime" : 17889,
        "total_ios" : 3427038,
        "short_ios" : 0,
        "drop_ios" : 0,
        "slat_ns" : {
          "min" : 870,
          "max" : 60600,
          "mean" : 1548.651307,
          "stddev" : 492.437368,
          "N" : 3427038
        },
        "clat_ns" : {
          "min" : 64060,
          "max" : 1560959,
          "mean" : 331982.700893,
          "stddev" : 161598.209259,
          "N" : 3427038,
          "percentile" : {
            "1.000000" : 111104,
            "5.000000" : 128512,
            "10.000000" : 144384,
            "20.000000" : 183296,
            "30.000000" : 222208,
            "40.000000" : 261120,
            "50.000000" : 301056,
            "60.000000" : 346112,
            "70.000000" : 403456,
            "80.000000" : 468992,
            "90.000000" : 561152,
            "95.000000" : 634880,
            "99.000000" : 782336,
            "99.500000" : 839680,
            "99.900000" : 962560,
            "99.950000" : 1019904,
            "99.990000" : 1171456
          }
        },
        "lat_ns" : {
          "min" : 65010,
          "max" : 1562579,
          "mean" : 333531.352200,
          "stddev" : 161654.790783,
          "N" : 3427038
        },
        "bw_min" : 658694,
        "bw_max" : 1096052,
        "bw_agg" : 50.471645,
        "bw_mean" : 771842.352941,
        "bw_dev" : 147937.922162,
        "bw_samples" : 17,
        "iops_min" : 164673,
        "iops_max" : 274028,
        "iops_mean" : 192961.058824,
        "iops_stddev" : 36986.036592,
        "iops_samples" : 17
      },
      "write" : {
        "io_bytes" : 0,
        "io_kbytes" : 0,
        "bw_bytes" : 0,
        "bw" : 0,
        "iops" : 0.000000,
        "runtime" : 0,
        "total_ios" : 0,
        "short_ios" : 0,
        "drop_ios" : 0,
        "slat_ns" : {
          "min" : 0,
          "max" : 0,
          "mean" : 0.000000,
          "stddev" : 0.000000,
          "N" : 0
        },
        "clat_ns" : {
          "min" : 0,
          "max" : 0,
          "mean" : 0.000000,
          "stddev" : 0.000000,
          "N" : 0
        },
        "lat_ns" : {
          "min" : 0,
          "max" : 0,
          "mean" : 0.000000,
          "stddev" : 0.000000,
          "N" : 0
        },
        "bw_min" : 0,
        "bw_max" : 0,
        "bw_agg" : 0.000000,
        "bw_mean" : 0.000000,
        "bw_dev" : 0.000000,
        "bw_samples" : 0,
        "iops_min" : 0,
        "iops_max" : 0,
        "iops_mean" : 0.000000,
        "iops_stddev" : 0.000000,
        "iops_samples" : 0
      },
      "trim" : {
        "io_bytes" : 0,
        "io_kbytes" : 0,
        "bw_bytes" : 0,
        "bw" : 0,
        "iops" : 0.000000,
        "runtime" : 0,
        "total_ios" : 0,
        "short_ios" : 0,
        "drop_ios" : 0,
        "slat_ns" : {
          "min" : 0,
          "max" : 0,
          "mean" : 0.000000,
          "stddev" : 0.000000,
          "N" : 0
        },
        "clat_ns" : {
          "min" : 0,
          "max" : 0,
          "mean" : 0.000000,
          "stddev" : 0.000000,
          "N" : 0
        },
        "lat_ns" : {
          "min" : 0,
          "max" : 0,
          "mean" : 0.000000,
          "stddev" : 0.000000,
          "N" : 0
        },
        "bw_min" : 0,
        "bw_max" : 0,
        "bw_agg" : 0.000000,
        "bw_mean" : 0.000000,
        "bw_dev" : 0.000000,
        "bw_samples" : 0,
        "iops_min" : 0,
        "iops_max" : 0,
        "iops_mean" : 0.000000,
        "iops_stddev" : 0.000000,
        "iops_samples" : 0
      },
      "sync" : {
        "total_ios" : 0,
        "lat_ns" : {
          "min" : 0,
          "max" : 0,
          "mean" : 0.000000,
          "stddev" : 0.000000,
          "N" : 0
        }
      },
      "job_runtime" : 17888,
      "usr_cpu" : 16.603309,
      "sys_cpu" : 36.639088,
      "ctx" : 622147,
      "majf" : 0,
      "minf" : 103,
      "iodepth_level" : {
        "1" : 0.100000,
        "2" : 0.100000,
        "4" : 0.100000,
        "8" : 0.100000,
        "16" : 0.100000,
        "32" : 0.100000,
        ">=64" : 99.998162
      },
      "iodepth_submit" : {
        "0" : 0.000000,
        "4" : 100.000000,
        "8" : 0.000000,
        "16" : 0.000000,
        "32" : 0.000000,
        "64" : 0.000000,
        ">=64" : 0.000000
      },
      "iodepth_complete" : {
        "0" : 0.000000,
        "4" : 99.999971,
        "8" : 0.000000,
        "16" : 0.000000,
        "32" : 0.000000,
        "64" : 0.100000,
        ">=64" : 0.000000
      },
      "latency_ns" : {
        "2" : 0.000000,
        "4" : 0.000000,
        "10" : 0.000000,
        "20" : 0.000000,
        "50" : 0.000000,
        "100" : 0.000000,
        "250" : 0.000000,
        "500" : 0.000000,
        "750" : 0.000000,
        "1000" : 0.000000
      },
      "latency_us" : {
        "2" : 0.000000,
        "4" : 0.000000,
        "10" : 0.000000,
        "20" : 0.000000,
        "50" : 0.000000,
        "100" : 0.220745,
        "250" : 36.902684,
        "500" : 46.846635,
        "750" : 14.530069,
        "1000" : 1.434825
      },
      "latency_ms" : {
        "2" : 0.065042,
        "4" : 0.000000,
        "10" : 0.000000,
        "20" : 0.000000,
        "50" : 0.000000,
        "100" : 0.000000,
        "250" : 0.000000,
        "500" : 0.000000,
        "750" : 0.000000,
        "1000" : 0.000000,
        "2000" : 0.000000,
        ">=2000" : 0.000000
      },
      "latency_depth" : 64,
      "latency_target" : 0,
      "latency_percentile" : 100.000000,
      "latency_window" : 0,
      "steadystate" : {
        "ss" : "iops:10.000000%",
        "duration" : 10,
        "attained" : 1,
        "criterion" : "2.776803%",
        "max_deviation" : 4635.200000,
        "slope" : 0.000000,
        "data" : {
          "bw_mean" : 683730362,
          "iops_mean" : 166925,
          "iops" : [
            171561,
            166982,
            166202,
            166683,
            165438,
            164904,
            167949,
            166407,
            165145,
            167987
          ],
          "bw" : [
            702716156,
            683962298,
            680764220,
            682733568,
            677635843,
            675450490,
            687922994,
            681604740,
            676434514,
            688078798
          ]
        }
      }
    },
    {
      "jobname" : "FIOJOB",
      "groupid" : 0,
      "error" : 0,
      "eta" : 0,
      "elapsed" : 19,
      "job options" : {
        "ioengine" : "io_uring",
        "rw" : "randread",
        "bs" : "4k",
        "iodepth" : "64",
        "numjobs" : "2",
        "rwmixread" : "95",
        "runtime" : "60",
        "loops" : "1",