{
  "fio version" : "fio-3.33",
  "timestamp" : 1687909769,
  "timestamp_ms" : 1687909769645,
  "time" : "Tue Jun 27 23:49:29 2023",
  "jobs" : [
    {
      "jobname" : "FIOJOB",
      "groupid" : 0,
      "error" : 0,
      "eta" : 0,
      "elapsed" : 21,
      "job options" : {
        "ioengine" : "io_uring",
        "rw" : "randread",
        "bs" : "4k",
        "iodepth" : "8",
        "numjobs" : "1",
        "rwmixread" : "95",
        "runtime" : "60",
        "loops" : "1",
        "direct" : "1",
        "steadystate" : "iops:10%%",
        "steadystate_duration" : "10",
        "steadystate_ramp_time" : "1",
        "log_avg_msec" : "1000",
        "invalidate" : "1",
        "write_bw_log" : "/home/user/benchmarks/512s/1x/nvme3n1/4k/randread-iodepth-8-numjobs-1",
        "write_lat_log" : "/home/user/benchmarks/512s/1x/nvme3n1/4k/randread-iodepth-8-numjobs-1",
        "write_iops_log" : "/home/user/benchmarks/512s/1x/nvme3n1/4k/randread-iodepth-8-numjobs-1",
        "filename" : "/dev/nvme3n1"
      },
      "read" : {
        "io_bytes" : 4390260736,
        "io_kbytes" : 4287364,
        "bw_bytes" : 220727035,
        "bw" : 215553,
        "iops" : 53888.436400,
        "runtime" : 19890,
        "total_ios" : 1071841,
        "short_ios" : 0,
        "drop_ios" : 0,
        "slat_ns" : {
          "min" : 930,
          "max" : 45520,
          "mean" : 2656.542588,
          "stddev" : 974.531273,
          "N" : 1071841
        },
        "clat_ns" : {
          "min" : 37500,
          "max" : 677200,
          "mean" : 144822.520464,
          "stddev" : 75016.439957,
          "N" : 1071841,
          "percentile" : {
            "1.000000" : 62208,
            "5.000000" : 64768,
            "10.000000" : 67072,
            "20.000000" : 77312,
            "30.000000" : 89600,
            "40.000000" : 105984,
            "50.000000" : 121344,
            "60.000000" : 144384,
            "70.000000" : 171008,
            "80.000000" : 211968,
            "90.000000" : 257024,
            "95.000000" : 292864,
            "99.000000" : 354304,
            "99.500000" : 378880,
            "99.900000" : 448512,
            "99.950000" : 481280,
            "99.990000" : 552960
          }
        },
        "lat_ns" : {
          "min" : 44130,
          "max" : 679690,
          "mean" : 147479.063052,
          "stddev" : 74987.540120,
          "N" : 1071841
        },
        "bw_min" : 158198,
        "bw_max" : 352088,
        "bw_agg" : 100.000000,
        "bw_mean" : 218254.947368,
        "bw_dev" : 65375.896897,
        "bw_samples" : 19,
        "iops_min" : 39549,
        "iops_max" : 88025,
        "iops_mean" : 54563.631579,
        "iops_stddev" : 16344.117611,
        "iops_samples" : 19
      },
      "write" : {
        "io_bytes" : 0,
        "io_kbytes" : 0,
        "bw_bytes" : 0,
        "bw" : 0,
        "iops" : 0.000000,
        "runtime" : 0,
        "total_ios" : 0,
        "short_ios" : 0,
        "drop_ios" : 0,
        "slat_ns" : {
          "min" : 0,
          "max" : 0,
          "mean" : 0.000000,
          "stddev" : 0.000000,
          "N" : 0
        },
        "clat_ns" : {
          "min" : 0,
          "max" : 0,
          "mean" : 0.000000,
          "stddev" : 0.000000,
          "N" : 0
        },
        "lat_ns" : {
          "min" : 0,
          "max" : 0,
          "mean" : 0.000000,
          "stddev" : 0.000000,
          "N" : 0
        },
        "bw_min" : 0,
        "bw_max" : 0,
        "bw_agg" : 0.000000,
        "bw_mean" : 0.000000,
        "bw_dev" : 0.000000,
        "bw_samples" : 0,
        "iops_min" : 0,
        "iops_max" : 0,
        "iops_mean" : 0.000000,
        "iops_stddev" : 0.000000,
        "iops_samples" : 0
      },
      "trim" : {
        "io_bytes" : 0,
        "io_kbytes" : 0,
        "bw_bytes" : 0,
        "bw" : 0,
        "iops" : 0.000000,
        "runtime" : 0,
        "total_ios" : 0,
        "short_ios" : 0,
        "drop_ios" : 0,
        "slat_ns" : {
          "min" : 0,
          "max" : 0,
          "mean" : 0.000000,
          "stddev" : 0.000000,
          "N" : 0
        },
        "clat_ns" : {
          "min" : 0,
          "max" : 0,
          "mean" : 0.000000,
          "stddev" : 0.000000,
          "N" : 0
        },
        "lat_ns" : {
          "min" : 0,
          "max" : 0,
          "mean" : 0.000000,
          "stddev" : 0.000000,
          "N" : 0
        },
        "bw_min" : 0,
        "bw_max" : 0,
        "bw_agg" : 0.000000,
        "bw_mean" : 0.000000,
        "bw_dev" : 0.000000,
        "bw_samples" : 0,
        "iops_min" : 0,
        "iops_max" : 0,
        "iops_mean" : 0.000000,
        "iops_stddev" : 0.000000,
        "iops_samples" : 0
      },
      "sync" : {
        "total_ios" : 0,
        "lat_ns" : {
          "min" : 0,
          "max" : 0,
          "mean" : 0.000000,
          "stddev" : 0.000000,
          "N" : 0
        }
      },
      "job_runtime" : 19889,
      "usr_cpu" : 10.101061,
      "sys_cpu" : 24.239529,
      "ctx" : 618555,
      "majf" : 0,
      "minf" : 46,
      "iodepth_level" : {
        "1" : 0.100000,
        "2" : 0.100000,
        "4" : 0.100000,
        "8" : 99.999347,
        "16" : 0.000000,
        "32" : 0.000000,
        ">=64" : 0.000000
      },
      "iodepth_submit" : {
        "0" : 0.000000,
        "4" : 100.000000,
        "8" : 0.000000,
        "16" : 0.000000,
        "32" : 0.000000,
        "64" : 0.000000,
        ">=64" : 0.000000
      },
      "iodepth_complete" : {
        "0" : 0.000000,
        "4" : 99.999907,
        "8" : 0.100000,
        "16" : 0.000000,
        "32" : 0.000000,
        "64" : 0.000000,
        ">=64" : 0.000000
      },
      "latency_ns" : {
        "2" : 0.000000,
        "4" : 0.000000,
        "10" : 0.000000,
        "20" : 0.000000,
        "50" : 0.000000,
        "100" : 0.000000,
        "250" : 0.000000,
        "500" : 0.000000,
        "750" : 0.000000,
        "1000" : 0.000000
      },
      "latency_us" : {
        "2" : 0.000000,
        "4" : 0.000000,
        "10" : 0.000000,
        "20" : 0.000000,
        "50" : 0.049168,
        "100" : 36.443465,
        "250" : 52.490528,
        "500" : 10.982599,
        "750" : 0.034240,
        "1000" : 0.000000
      },
      "latency_ms" : {
        "2" : 0.000000,
        "4" : 0.000000,
        "10" : 0.000000,
        "20" : 0.000000,
        "50" : 0.000000,
        "100" : 0.000000,
        "250" : 0.000000,
        "500" : 0.000000,
        "750" : 0.000000,
        "1000" : 0.000000,
        "2000" : 0.000000,
        ">=2000" : 0.000000
      },
      "latency_depth" : 8,
      "latency_target" : 0,
      "latency_percentile" : 100.000000,
      "latency_window" : 0,
      "steadystate" : {
        "ss" : "iops:10.000000%",
        "duration" : 10,
        "attained" : 1,
        "criterion" : "7.464837%",
        "max_deviation" : 3036.300000,
        "slope" : 0.000000,
        "data" : {
          "bw_mean" : 166605249,
          "iops_mean" : 40674,
          "iops" : [
            43711,
            41264,
            39420,
            39741,
            40755,
            40128,
            40390,
            41157,
            39813,
            40368
          ],
          "bw" : [
            179043171,
            169017344,
            161466042,
            162782174,
            166935575,
            164364812,
            165437440,
            168579715,
            163077381,
            165348836
          ]
        }
      }
    }
  ],
  "disk_util" : [
    {
      "name" : "nvme3n1",
      "read_ios" : 1071832,
      "write_ios" : 0,
      "read_merges" : 0,
      "write_merges" : 0,
      "read_ticks" : 150792,
      "write_ticks" : 0,
      "in_queue" : 150791,
      "util" : 99.549595
    }
  ]
}
