{
  "fio version" : "fio-3.33",
  "timestamp" : 1687941196,
  "timestamp_ms" : 1687941196357,
  "time" : "Wed Jun 28 08:33:16 2023",
  "jobs" : [
    {
      "jobname" : "FIOJOB",
      "groupid" : 0,
      "error" : 0,
      "eta" : 0,
      "elapsed" : 33,
      "job options" : {
        "ioengine" : "io_uring",
        "rw" : "randrw",
        "bs" : "4k",
        "iodepth" : "32",
        "numjobs" : "2",
        "rwmixread" : "50",
        "runtime" : "60",
        "loops" : "1",
        "direct" : "1",
        "steadystate" : "iops:10%%",
        "steadystate_duration" : "10",
        "steadystate_ramp_time" : "1",
        "log_avg_msec" : "1000",
        "invalidate" : "1",
        "write_bw_log" : "/home/user/benchmarks/4096s/1x/nvme2n1/randrw50/4k/randrw-iodepth-32-numjobs-2",
        "write_lat_log" : "/home/user/benchmarks/4096s/1x/nvme2n1/randrw50/4k/randrw-iodepth-32-numjobs-2",
        "write_iops_log" : "/home/user/benchmarks/4096s/1x/nvme2n1/randrw50/4k/randrw-iodepth-32-numjobs-2",
        "filename" : "/dev/nvme2n1"
      },
      "read" : {
        "io_bytes" : 8023236608,
        "io_kbytes" : 7835192,
        "bw_bytes" : 251614658,
        "bw" : 245717,
        "iops" : 61429.359927,
        "runtime" : 31887,
        "total_ios" : 1958798,
        "short_ios" : 0,
        "drop_ios" : 0,
        "slat_ns" : {
          "min" : 900,
          "max" : 49411,
          "mean" : 2515.135975,
          "stddev" : 1297.419097,
          "N" : 1958798
        },
        "clat_ns" : {
          "min" : 44470,
          "max" : 11925849,
          "mean" : 495424.265939,
          "stddev" : 468155.334464,
          "N" : 1958798,
          "percentile" : {
            "1.000000" : 77312,
            "5.000000" : 98816,
            "10.000000" : 124416,
            "20.000000" : 177152,
            "30.000000" : 232448,
            "40.000000" : 284672,
            "50.000000" : 337920,
            "60.000000" : 399360,
            "70.000000" : 489472,
            "80.000000" : 700416,
            "90.000000" : 1171456,
            "95.000000" : 1531904,
            "99.000000" : 2113536,
            "99.500000" : 2441216,
            "99.900000" : 3358720,
            "99.950000" : 3817472,
            "99.990000" : 5013504
          }
        },
        "lat_ns" : {
          "min" : 46000,
          "max" : 11928389,
          "mean" : 497939.401914,
          "stddev" : 468119.906866,
          "N" : 1958798
        },
        "bw_min" : 187707,
        "bw_max" : 309617,
        "bw_agg" : 61.419347,
        "bw_mean" : 244713.451613,
        "bw_dev" : 37996.997189,
        "bw_samples" : 31,
        "iops_min" : 46926,
        "iops_max" : 77404,
        "iops_mean" : 61178.096774,
        "iops_stddev" : 9499.227300,
        "iops_samples" : 31
      },
      "write" : {
        "io_bytes" : 8014675968,
        "io_kbytes" : 7826832,
        "bw_bytes" : 251346190,
        "bw" : 245455,
        "iops" : 61363.815975,
        "runtime" : 31887,
        "total_ios" : 1956708,
        "short_ios" : 0,
        "drop_ios" : 0,
        "slat_ns" : {
          "min" : 990,
          "max" : 55560,
          "mean" : 2893.408163,
          "stddev" : 1396.827385,
          "N" : 1956708
        },
        "clat_ns" : {
          "min" : 150,
          "max" : 678010,
          "mean" : 18231.911168,
          "stddev" : 16128.600613,
          "N" : 1956708,
          "percentile" : {
            "1.000000" : 6048,
            "5.000000" : 6560,
            "10.000000" : 7136,
            "20.000000" : 8096,
            "30.000000" : 8768,
            "40.000000" : 10048,
            "50.000000" : 11968,
            "60.000000" : 14272,
            "70.000000" : 18304,
            "80.000000" : 24960,
            "90.000000" : 38144,
            "95.000000" : 54016,
            "99.000000" : 82432,
            "99.500000" : 90624,
            "99.900000" : 109056,
            "99.950000" : 115200,
            "99.990000" : 130560
          }
        },
        "lat_ns" : {
          "min" : 6230,
          "max" : 680120,
          "mean" : 21125.319331,
          "stddev" : 16675.668751,
          "N" : 1956708
        },
        "bw_min" : 189129,
        "bw_max" : 310518,
        "bw_agg" : 61.400034,
        "bw_mean" : 244478.258065,
        "bw_dev" : 37705.251933,
        "bw_samples" : 31,
        "iops_min" : 47282,
        "iops_max" : 77629,
        "iops_mean" : 61119.387097,
        "iops_stddev" : 9426.252266,
        "iops_samples" : 31
      },
      "trim" : {
        "io_bytes" : 0,
        "io_kbytes" : 0,
        "bw_bytes" : 0,
        "bw" : 0,
        "iops" : 0.000000,
        "runtime" : 0,
        "total_ios" : 0,
        "short_ios" : 0,
        "drop_ios" : 0,
        "slat_ns" : {
          "min" : 0,
          "max" : 0,
          "mean" : 0.000000,
          "stddev" : 0.000000,
          "N" : 0
        },
        "clat_ns" : {
          "min" : 0,
          "max" : 0,
          "mean" : 0.000000,
          "stddev" : 0.000000,
          "N" : 0
        },
        "lat_ns" : {
          "min" : 0,
          "max" : 0,
          "mean" : 0.000000,
          "stddev" : 0.000000,
          "N" : 0
        },
        "bw_min" : 0,
        "bw_max" : 0,
        "bw_agg" : 0.000000,
        "bw_mean" : 0.000000,
        "bw_dev" : 0.000000,
        "bw_samples" : 0,
        "iops_min" : 0,
        "iops_max" : 0,
        "iops_mean" : 0.000000,
        "iops_stddev" : 0.000000,
        "iops_samples" : 0
      },
      "sync" : {
        "total_ios" : 0,
        "lat_ns" : {
          "min" : 0,
          "max" : 0,
          "mean" : 0.000000,
          "stddev" : 0.000000,
          "N" : 0
        }
      },
      "job_runtime" : 31886,
      "usr_cpu" : 19.823747,
      "sys_cpu" : 38.825817,
      "ctx" : 939815,
      "majf" : 0,
      "minf" : 41,
      "iodepth_level" : {
        "1" : 0.100000,
        "2" : 0.100000,
        "4" : 0.100000,
        "8" : 0.100000,
        "16" : 0.100000,
        "32" : 99.999208,
        ">=64" : 0.000000
      },
      "iodepth_submit" : {
        "0" : 0.000000,
        "4" : 100.000000,
        "8" : 0.000000,
        "16" : 0.000000,
        "32" : 0.000000,
        "64" : 0.000000,
        ">=64" : 0.000000
      },
      "iodepth_complete" : {
        "0" : 0.000000,
        "4" : 99.999974,
        "8" : 0.000000,
        "16" : 0.000000,
        "32" : 0.100000,
        "64" : 0.000000,
        ">=64" : 0.000000
      },
      "latency_ns" : {
        "2" : 0.000000,
        "4" : 0.000000,
        "10" : 0.000000,
        "20" : 0.000000,
        "50" : 0.000000,
        "100" : 0.000000,
        "250" : 0.010000,
        "500" : 0.010000,
        "750" : 0.010000,
        "1000" : 0.010000
      },
      "latency_us" : {
        "2" : 0.010000,
        "4" : 0.010000,
        "10" : 19.706827,
        "20" : 16.888341,
        "50" : 10.397073,
        "100" : 5.523833,
        "250" : 14.151070,
        "500" : 18.746262,
        "750" : 5.273648,
        "1000" : 2.746797
      },
      "latency_ms" : {
        "2" : 5.879725,
        "4" : 0.660987,
        "10" : 0.019614,
        "20" : 0.010000,
        "50" : 0.000000,
        "100" : 0.000000,
        "250" : 0.000000,
        "500" : 0.000000,
        "750" : 0.000000,
        "1000" : 0.000000,
        "2000" : 0.000000,
        ">=2000" : 0.000000
      },
      "latency_depth" : 32,
      "latency_target" : 0,
      "latency_percentile" : 100.000000,
      "latency_window" : 0,
      "steadystate" : {
        "ss" : "iops:10.000000%",
        "duration" : 10,
        "attained" : 1,
        "criterion" : "4.658091%",
        "max_deviation" : 6903.500000,
        "slope" : 0.000000,
        "data" : {
          "bw_mean" : 607047357,
          "iops_mean" : 148204,