{
  "fio version" : "fio-3.33",
  "timestamp" : 1687936947,
  "timestamp_ms" : 1687936947157,
  "time" : "Wed Jun 28 07:22:27 2023",
  "jobs" : [
    {
      "jobname" : "FIOJOB",
      "groupid" : 0,
      "error" : 0,
      "eta" : 0,
      "elapsed" : 13,
      "job options" : {
        "ioengine" : "io_uring",
        "rw" : "randrw",
        "bs" : "4k",
        "iodepth" : "2",
        "numjobs" : "1",
        "rwmixread" : "50",
        "runtime" : "60",
        "loops" : "1",
        "direct" : "1",
        "steadystate" : "iops:10%%",
        "steadystate_duration" : "10",
        "steadystate_ramp_time" : "1",
        "log_avg_msec" : "1000",
        "invalidate" : "1",
        "write_bw_log" : "/home/user/benchmarks/4096s/1x/nvme2n1/randrw50/4k/randrw-iodepth-2-numjobs-1",
        "write_lat_log" : "/home/user/benchmarks/4096s/1x/nvme2n1/randrw50/4k/randrw-iodepth-2-numjobs-1",
        "write_iops_log" : "/home/user/benchmarks/4096s/1x/nvme2n1/randrw50/4k/randrw-iodepth-2-numjobs-1",
        "filename" : "/dev/nvme2n1"
      },
      "read" : {
        "io_bytes" : 879828992,
        "io_kbytes" : 859208,
        "bw_bytes" : 74016067,
        "bw" : 72281,
        "iops" : 18070.328931,
        "runtime" : 11887,
        "total_ios" : 214802,
        "short_ios" : 0,
        "drop_ios" : 0,
        "slat_ns" : {
          "min" : 940,
          "max" : 27000,
          "mean" : 2648.387622,
          "stddev" : 670.334975,
          "N" : 214802
        },
        "clat_ns" : {
          "min" : 40490,
          "max" : 5713410,
          "mean" : 93281.894224,
          "stddev" : 124182.515355,
          "N" : 214802,
          "percentile" : {
            "1.000000" : 60160,
            "5.000000" : 62208,
            "10.000000" : 62720,
            "20.000000" : 64256,
            "30.000000" : 65280,
            "40.000000" : 71168,
            "50.000000" : 76288,
            "60.000000" : 79360,
            "70.000000" : 92672,
            "80.000000" : 99840,
            "90.000000" : 115200,
            "95.000000" : 122368,
            "99.000000" : 288768,
            "99.500000" : 1204224,
            "99.900000" : 1843200,
            "99.950000" : 1957888,
            "99.990000" : 2211840
          }
        },
        "lat_ns" : {
          "min" : 44470,
          "max" : 5715870,
          "mean" : 95930.281846,
          "stddev" : 124162.276361,
          "N" : 214802
        },
        "bw_min" : 69576,
        "bw_max" : 75763,
        "bw_agg" : 99.731168,
        "bw_mean" : 72087.454545,
        "bw_dev" : 1554.942016,
        "bw_samples" : 11,
        "iops_min" : 17394,
        "iops_max" : 18940,
        "iops_mean" : 18021.818182,
        "iops_stddev" : 388.591770,
        "iops_samples" : 11
      },
      "write" : {
        "io_bytes" : 879718400,
        "io_kbytes" : 859100,
        "bw_bytes" : 74006763,
        "bw" : 72272,
        "iops" : 18068.057542,
        "runtime" : 11887,
        "total_ios" : 214775,
        "short_ios" : 0,
        "drop_ios" : 0,
        "slat_ns" : {
          "min" : 1010,
          "max" : 26880,
          "mean" : 2998.840149,
          "stddev" : 698.760100,
          "N" : 214775
        },
        "clat_ns" : {
          "min" : 269,
          "max" : 37140,
          "mean" : 9730.042477,
          "stddev" : 2277.284546,
          "N" : 214775,
          "percentile" : {
            "1.000000" : 5600,
            "5.000000" : 5856,
            "10.000000" : 6048,
            "20.000000" : 9280,
            "30.000000" : 9536,
            "40.000000" : 9664,
            "50.000000" : 9792,
            "60.000000" : 9792,
            "70.000000" : 9920,
            "80.000000" : 11072,
            "90.000000" : 11456,
            "95.000000" : 14016,
            "99.000000" : 16512,
            "99.500000" : 17024,
            "99.900000" : 22656,
            "99.950000" : 25984,
            "99.990000" : 28032
          }
        },
        "lat_ns" : {
          "min" : 5800,
          "max" : 43140,
          "mean" : 12728.882626,
          "stddev" : 2092.734598,
          "N" : 214775
        },
        "bw_min" : 69420,
        "bw_max" : 76460,
        "bw_agg" : 99.653768,
        "bw_mean" : 72022.454545,
        "bw_dev" : 2007.663038,
        "bw_samples" : 11,
        "iops_min" : 17355,
        "iops_max" : 19115,
        "iops_mean" : 18005.454545,
        "iops_stddev" : 501.948875,
        "iops_samples" : 11
      },
      "trim" : {
        "io_bytes" : 0,
        "io_kbytes" : 0,
        "bw_bytes" : 0,
        "bw" : 0,
        "iops" : 0.000000,
        "runtime" : 0,
        "total_ios" : 0,
        "short_ios" : 0,
        "drop_ios" : 0,
        "slat_ns" : {
          "min" : 0,
          "max" : 0,
          "mean" : 0.000000,
          "stddev" : 0.000000,
          "N" : 0
        },
        "clat_ns" : {
          "min" : 0,
          "max" : 0,
          "mean" : 0.000000,
          "stddev" : 0.000000,
          "N" : 0
        },
        "lat_ns" : {
          "min" : 0,
          "max" : 0,
          "mean" : 0.000000,
          "stddev" : 0.000000,
          "N" : 0
        },
        "bw_min" : 0,
        "bw_max" : 0,
        "bw_agg" : 0.000000,
        "bw_mean" : 0.000000,
        "bw_dev" : 0.000000,
        "bw_samples" : 0,
        "iops_min" : 0,
        "iops_max" : 0,
        "iops_mean" : 0.000000,
        "iops_stddev" : 0.000000,
        "iops_samples" : 0
      },
      "sync" : {
        "total_ios" : 0,
        "lat_ns" : {
          "min" : 0,
          "max" : 0,
          "mean" : 0.000000,
          "stddev" : 0.000000,
          "N" : 0
        }
      },
      "job_runtime" : 11886,
      "usr_cpu" : 6.402490,
      "sys_cpu" : 19.989904,
      "ctx" : 352689,
      "majf" : 0,
      "minf" : 41,
      "iodepth_level" : {
        "1" : 0.100000,
        "2" : 99.999767,
        "4" : 0.000000,
        "8" : 0.000000,
        "16" : 0.000000,
        "32" : 0.000000,
        ">=64" : 0.000000
      },
      "iodepth_submit" : {
        "0" : 0.000000,
        "4" : 100.000000,
        "8" : 0.000000,
        "16" : 0.000000,
        "32" : 0.000000,
        "64" : 0.000000,
        ">=64" : 0.000000
      },
      "iodepth_complete" : {
        "0" : 0.000000,
        "4" : 100.000000,
        "8" : 0.000000,
        "16" : 0.000000,
        "32" : 0.000000,
        "64" : 0.000000,
        ">=64" : 0.000000
      },
      "latency_ns" : {
        "2" : 0.000000,
        "4" : 0.000000,
        "10" : 0.000000,
        "20" : 0.000000,
        "50" : 0.000000,
        "100" : 0.000000,
        "250" : 0.000000,
        "500" : 0.010000,
        "750" : 0.010000,
        "1000" : 0.000000
      },
      "latency_us" : {
        "2" : 0.010000,
        "4" : 0.010000,
        "10" : 35.314274,
        "20" : 14.539419,
        "50" : 0.343361,
        "100" : 39.810558,
        "250" : 9.472341,
        "500" : 0.086830,
        "750" : 0.066344,
        "1000" : 0.063318
      },
      "latency_ms" : {
        "2" : 0.283069,
        "4" : 0.016062,
        "10" : 0.010000,
        "20" : 0.000000,
        "50" : 0.000000,
        "100" : 0.000000,
        "250" : 0.000000,
        "500" : 0.000000,
        "750" : 0.000000,
        "1000" : 0.000000,
        "2000" : 0.000000,
        ">=2000" : 0.000000
      },
      "latency_depth" : 2,
      "latency_target" : 0,
      "latency_percentile" : 100.000000,
      "latency_window" : 0,
      "steadystate" : {
        "ss" : "iops:10.000000%",
        "duration" : 10,
        "attained" : 1,
        "criterion" : "4.526563%",
        "max_deviation" : 1642.400000,
        "slope" : 0.000000,
        "data" : {
          "bw_mean" : 148618304,
          "iops_mean" : 36283,