{
  "fio version" : "fio-3.33",
  "timestamp" : 1687938961,
  "timestamp_ms" : 1687938961737,
  "time" : "Wed Jun 28 07:56:01 2023",
  "jobs" : [
    {
      "jobname" : "FIOJOB",
      "groupid" : 0,
      "error" : 0,
      "eta" : 0,
      "elapsed" : 13,
      "job options" : {
        "ioengine" : "io_uring",
        "rw" : "randrw",
        "bs" : "4k",
        "iodepth" : "8",
        "numjobs" : "2",
        "rwmixread" : "50",
        "runtime" : "60",
        "loops" : "1",
        "direct" : "1",
        "steadystate" : "iops:10%%",
        "steadystate_duration" : "10",
        "steadystate_ramp_time" : "1",
        "log_avg_msec" : "1000",
        "invalidate" : "1",
        "write_bw_log" : "/home/user/benchmarks/4096s/1x/nvme2n1/randrw50/4k/randrw-iodepth-8-numjobs-2",
        "write_lat_log" : "/home/user/benchmarks/4096s/1x/nvme2n1/randrw50/4k/randrw-iodepth-8-numjobs-2",
        "write_iops_log" : "/home/user/benchmarks/4096s/1x/nvme2n1/randrw50/4k/randrw-iodepth-8-numjobs-2",
        "filename" : "/dev/nvme2n1"
      },
      "read" : {
        "io_bytes" : 1235841024,
        "io_kbytes" : 1206876,
        "bw_bytes" : 103965762,
        "bw" : 101529,
        "iops" : 25382.266341,
        "runtime" : 11887,
        "total_ios" : 301719,
        "short_ios" : 0,
        "drop_ios" : 0,
        "slat_ns" : {
          "min" : 940,
          "max" : 30331,
          "mean" : 2896.256828,
          "stddev" : 796.124392,
          "N" : 301719
        },
        "clat_ns" : {
          "min" : 44550,
          "max" : 11165769,
          "mean" : 292931.551039,
          "stddev" : 361498.350230,
          "N" : 301719,
          "percentile" : {
            "1.000000" : 67072,
            "5.000000" : 78336,
            "10.000000" : 85504,
            "20.000000" : 102912,
            "30.000000" : 120320,
            "40.000000" : 142336,
            "50.000000" : 168960,
            "60.000000" : 203776,
            "70.000000" : 242688,
            "80.000000" : 309248,
            "90.000000" : 716800,
            "95.000000" : 1105920,
            "99.000000" : 1777664,
            "99.500000" : 1957888,
            "99.900000" : 2670592,
            "99.950000" : 3096576,
            "99.990000" : 4177920
          }
        },
        "lat_ns" : {
          "min" : 47260,
          "max" : 11168029,
          "mean" : 295827.807868,
          "stddev" : 361460.785634,
          "N" : 301719
        },
        "bw_min" : 91399,
        "bw_max" : 111752,
        "bw_agg" : 48.908529,
        "bw_mean" : 101683.363636,
        "bw_dev" : 6428.534207,
        "bw_samples" : 11,
        "iops_min" : 22849,
        "iops_max" : 27938,
        "iops_mean" : 25420.727273,
        "iops_stddev" : 1607.026577,
        "iops_samples" : 11
      },
      "write" : {
        "io_bytes" : 1235382272,
        "io_kbytes" : 1206428,
        "bw_bytes" : 103927170,
        "bw" : 101491,
        "iops" : 25372.844284,
        "runtime" : 11887,
        "total_ios" : 301607,
        "short_ios" : 0,
        "drop_ios" : 0,
        "slat_ns" : {
          "min" : 1030,
          "max" : 24389,
          "mean" : 3260.026140,
          "stddev" : 838.657474,
          "N" : 301607
        },
        "clat_ns" : {
          "min" : 260,
          "max" : 150410,
          "mean" : 13920.854446,
          "stddev" : 5861.974947,
          "N" : 301607,
          "percentile" : {
            "1.000000" : 6368,
            "5.000000" : 7904,
            "10.000000" : 8640,
            "20.000000" : 10048,
            "30.000000" : 11456,
            "40.000000" : 11584,
            "50.000000" : 11840,
            "60.000000" : 12608,
            "70.000000" : 14016,
            "80.000000" : 16768,
            "90.000000" : 20864,
            "95.000000" : 30080,
            "99.000000" : 32128,
            "99.500000" : 33536,
            "99.900000" : 37120,
            "99.950000" : 40704,
            "99.990000" : 46848
          }
        },
        "lat_ns" : {
          "min" : 6440,
          "max" : 154690,
          "mean" : 17180.880586,
          "stddev" : 5920.319638,
          "N" : 301607
        },
        "bw_min" : 90810,
        "bw_max" : 110828,
        "bw_agg" : 48.886798,
        "bw_mean" : 101789.727273,
        "bw_dev" : 6413.590712,
        "bw_samples" : 11,
        "iops_min" : 22702,
        "iops_max" : 27707,
        "iops_mean" : 25447.181818,
        "iops_stddev" : 1603.471847,
        "iops_samples" : 11
      },
      "trim" : {
        "io_bytes" : 0,
        "io_kbytes" : 0,
        "bw_bytes" : 0,
        "bw" : 0,
        "iops" : 0.000000,
        "runtime" : 0,
        "total_ios" : 0,
        "short_ios" : 0,
        "drop_ios" : 0,
        "slat_ns" : {
          "min" : 0,
          "max" : 0,
          "mean" : 0.000000,
          "stddev" : 0.000000,
          "N" : 0
        },
        "clat_ns" : {
          "min" : 0,
          "max" : 0,
          "mean" : 0.000000,
          "stddev" : 0.000000,
          "N" : 0
        },
        "lat_ns" : {
          "min" : 0,
          "max" : 0,
          "mean" : 0.000000,
          "stddev" : 0.000000,
          "N" : 0
        },
        "bw_min" : 0,
        "bw_max" : 0,
        "bw_agg" : 0.000000,
        "bw_mean" : 0.000000,
        "bw_dev" : 0.000000,
        "bw_samples" : 0,
        "iops_min" : 0,
        "iops_max" : 0,
        "iops_mean" : 0.000000,
        "iops_stddev" : 0.000000,
        "iops_samples" : 0
      },
      "sync" : {
        "total_ios" : 0,
        "lat_ns" : {
          "min" : 0,
          "max" : 0,
          "mean" : 0.000000,
          "stddev" : 0.000000,
          "N" : 0
        }
      },
      "job_runtime" : 11886,
      "usr_cpu" : 10.583880,
      "sys_cpu" : 24.373212,
      "ctx" : 335742,
      "majf" : 0,
      "minf" : 41,
      "iodepth_level" : {
        "1" : 0.100000,
        "2" : 0.100000,
        "4" : 0.100000,
        "8" : 99.998840,
        "16" : 0.000000,
        "32" : 0.000000,
        ">=64" : 0.000000
      },
      "iodepth_submit" : {
        "0" : 0.000000,
        "4" : 100.000000,
        "8" : 0.000000,
        "16" : 0.000000,
        "32" : 0.000000,
        "64" : 0.000000,
        ">=64" : 0.000000
      },
      "iodepth_complete" : {
        "0" : 0.000000,
        "4" : 99.999834,
        "8" : 0.100000,
        "16" : 0.000000,
        "32" : 0.000000,
        "64" : 0.000000,
        ">=64" : 0.000000
      },
      "latency_ns" : {
        "2" : 0.000000,
        "4" : 0.000000,
        "10" : 0.000000,
        "20" : 0.000000,
        "50" : 0.000000,
        "100" : 0.000000,
        "250" : 0.000000,
        "500" : 0.010000,
        "750" : 0.000000,
        "1000" : 0.000000
      },
      "latency_us" : {
        "2" : 0.010000,
        "4" : 0.010000,
        "10" : 9.755422,
        "20" : 34.785671,
        "50" : 5.456751,
        "100" : 9.189062,
        "250" : 26.537726,
        "500" : 7.530920,
        "750" : 2.027759,
        "1000" : 1.653004
      },
      "latency_ms" : {
        "2" : 2.849869,
        "4" : 0.206190,
        "10" : 0.010000,
        "20" : 0.010000,
        "50" : 0.000000,
        "100" : 0.000000,
        "250" : 0.000000,
        "500" : 0.000000,
        "750" : 0.000000,
        "1000" : 0.000000,
        "2000" : 0.000000,
        ">=2000" : 0.000000
      },
      "latency_depth" : 8,
      "latency_target" : 0,
      "latency_percentile" : 100.000000,
      "latency_window" : 0,
      "steadystate" : {
        "ss" : "iops:10.000000%",
        "duration" : 10,
        "attained" : 1,
        "criterion" : "7.698553%",
        "max_deviation" : 3963.400000,
        "slope" : 0.000000,
        "data" : {
          "bw_mean" : 210873289,
          "iops_mean" : 51482,