{
  "fio version" : "fio-3.33",
  "timestamp" : 1687938890,
  "timestamp_ms" : 1687938890794,
  "time" : "Wed Jun 28 07:54:50 2023",
  "jobs" : [
    {
      "jobname" : "FIOJOB",
      "groupid" : 0,
      "error" : 0,
      "eta" : 0,
      "elapsed" : 13,
      "job options" : {
        "ioengine" : "io_uring",
        "rw" : "randrw",
        "bs" : "4k",
        "iodepth" : "8",
        "numjobs" : "1",
        "rwmixread" : "50",
        "runtime" : "60",
        "loops" : "1",
        "direct" : "1",
        "steadystate" : "iops:10%%",
        "steadystate_duration" : "10",
        "steadystate_ramp_time" : "1",
        "log_avg_msec" : "1000",
        "invalidate" : "1",
        "write_bw_log" : "/home/user/benchmarks/4096s/1x/nvme2n1/randrw50/4k/randrw-iodepth-8-numjobs-1",
        "write_lat_log" : "/home/user/benchmarks/4096s/1x/nvme2n1/randrw50/4k/randrw-iodepth-8-numjobs-1",
        "write_iops_log" : "/home/user/benchmarks/4096s/1x/nvme2n1/randrw50/4k/randrw-iodepth-8-numjobs-1",
        "filename" : "/dev/nvme2n1"
      },
      "read" : {
        "io_bytes" : 1687330816,
        "io_kbytes" : 1647784,
        "bw_bytes" : 141947574,
        "bw" : 138620,
        "iops" : 34655.169513,
        "runtime" : 11887,
        "total_ios" : 411946,
        "short_ios" : 0,
        "drop_ios" : 0,
        "slat_ns" : {
          "min" : 960,
          "max" : 35710,
          "mean" : 2847.615238,
          "stddev" : 878.982402,
          "N" : 411946
        },
        "clat_ns" : {
          "min" : 44500,
          "max" : 11459680,
          "mean" : 210793.085392,
          "stddev" : 225981.575945,
          "N" : 411946,
          "percentile" : {
            "1.000000" : 63232,
            "5.000000" : 67072,
            "10.000000" : 73216,
            "20.000000" : 91648,
            "30.000000" : 113152,
            "40.000000" : 140288,
            "50.000000" : 173056,
            "60.000000" : 205824,
            "70.000000" : 232448,
            "80.000000" : 261120,
            "90.000000" : 309248,
            "95.000000" : 366592,
            "99.000000" : 1531904,
            "99.500000" : 1761280,
            "99.900000" : 2113536,
            "99.950000" : 2277376,
            "99.990000" : 3129344
          }
        },
        "lat_ns" : {
          "min" : 46740,
          "max" : 11462100,
          "mean" : 213640.700631,
          "stddev" : 225950.163920,
          "N" : 411946
        },
        "bw_min" : 131863,
        "bw_max" : 142414,
        "bw_agg" : 99.950456,
        "bw_mean" : 138552.454545,
        "bw_dev" : 3124.918763,
        "bw_samples" : 11,
        "iops_min" : 32966,
        "iops_max" : 35603,
        "iops_mean" : 34638.090909,
        "iops_stddev" : 780.976882,
        "iops_samples" : 11
      },
      "write" : {
        "io_bytes" : 1684914176,
        "io_kbytes" : 1645424,
        "bw_bytes" : 141744273,
        "bw" : 138422,
        "iops" : 34605.535459,
        "runtime" : 11887,
        "total_ios" : 411356,
        "short_ios" : 0,
        "drop_ios" : 0,
        "slat_ns" : {
          "min" : 1040,
          "max" : 38180,
          "mean" : 3217.520092,
          "stddev" : 936.525343,
          "N" : 411356
        },
        "clat_ns" : {
          "min" : 270,
          "max" : 108860,
          "mean" : 11821.453012,
          "stddev" : 3889.689448,
          "N" : 411356,
          "percentile" : {
            "1.000000" : 6112,
            "5.000000" : 6624,
            "10.000000" : 7776,
            "20.000000" : 9024,
            "30.000000" : 9920,
            "40.000000" : 10048,
            "50.000000" : 11200,
            "60.000000" : 11584,
            "70.000000" : 12480,
            "80.000000" : 15040,
            "90.000000" : 17024,
            "95.000000" : 18816,
            "99.000000" : 24448,
            "99.500000" : 26752,
            "99.900000" : 32128,
            "99.950000" : 34048,
            "99.990000" : 40704
          }
        },
        "lat_ns" : {
          "min" : 6700,
          "max" : 111731,
          "mean" : 15038.973104,
          "stddev" : 4135.482202,
          "N" : 411356
        },
        "bw_min" : 130686,
        "bw_max" : 141205,
        "bw_agg" : 99.895868,
        "bw_mean" : 138278.363636,
        "bw_dev" : 3039.120342,
        "bw_samples" : 11,
        "iops_min" : 32671,
        "iops_max" : 35301,
        "iops_mean" : 34569.363636,
        "iops_stddev" : 759.768158,
        "iops_samples" : 11
      },
      "trim" : {
        "io_bytes" : 0,
        "io_kbytes" : 0,
        "bw_bytes" : 0,
        "bw" : 0,
        "iops" : 0.000000,
        "runtime" : 0,
        "total_ios" : 0,
        "short_ios" : 0,
        "drop_ios" : 0,
        "slat_ns" : {
          "min" : 0,
          "max" : 0,
          "mean" : 0.000000,
          "stddev" : 0.000000,
          "N" : 0
        },
        "clat_ns" : {
          "min" : 0,
          "max" : 0,
          "mean" : 0.000000,
          "stddev" : 0.000000,
          "N" : 0
        },
        "lat_ns" : {
          "min" : 0,
          "max" : 0,
          "mean" : 0.000000,
          "stddev" : 0.000000,
          "N" : 0
        },
        "bw_min" : 0,
        "bw_max" : 0,
        "bw_agg" : 0.000000,
        "bw_mean" : 0.000000,
        "bw_dev" : 0.000000,
        "bw_samples" : 0,
        "iops_min" : 0,
        "iops_max" : 0,
        "iops_mean" : 0.000000,
        "iops_stddev" : 0.000000,
        "iops_samples" : 0
      },
      "sync" : {
        "total_ios" : 0,
        "lat_ns" : {
          "min" : 0,
          "max" : 0,
          "mean" : 0.000000,
          "stddev" : 0.000000,
          "N" : 0
        }
      },
      "job_runtime" : 11886,
      "usr_cpu" : 14.353020,
      "sys_cpu" : 32.138651,
      "ctx" : 406349,
      "majf" : 0,
      "minf" : 41,
      "iodepth_level" : {
        "1" : 0.100000,
        "2" : 0.100000,
        "4" : 0.100000,
        "8" : 99.999150,
        "16" : 0.000000,
        "32" : 0.000000,
        ">=64" : 0.000000
      },
      "iodepth_submit" : {
        "0" : 0.000000,
        "4" : 100.000000,
        "8" : 0.000000,
        "16" : 0.000000,
        "32" : 0.000000,
        "64" : 0.000000,
        ">=64" : 0.000000
      },
      "iodepth_complete" : {
        "0" : 0.000000,
        "4" : 99.999879,
        "8" : 0.100000,
        "16" : 0.000000,
        "32" : 0.000000,
        "64" : 0.000000,
        ">=64" : 0.000000
      },
      "latency_ns" : {
        "2" : 0.000000,
        "4" : 0.000000,
        "10" : 0.000000,
        "20" : 0.000000,
        "50" : 0.000000,
        "100" : 0.000000,
        "250" : 0.000000,
        "500" : 0.010000,
        "750" : 0.010000,
        "1000" : 0.010000
      },
      "latency_us" : {
        "2" : 0.010000,
        "4" : 0.010000,
        "10" : 18.133808,
        "20" : 30.044990,
        "50" : 1.791445,
        "100" : 11.909117,
        "250" : 26.249420,
        "500" : 10.200267,
        "750" : 0.401189,
        "1000" : 0.289809
      },
      "latency_ms" : {
        "2" : 0.895297,
        "4" : 0.078222,
        "10" : 0.010000,
        "20" : 0.010000,
        "50" : 0.000000,
        "100" : 0.000000,
        "250" : 0.000000,
        "500" : 0.000000,
        "750" : 0.000000,
        "1000" : 0.000000,
        "2000" : 0.000000,
        ">=2000" : 0.000000
      },
      "latency_depth" : 8,
      "latency_target" : 0,
      "latency_percentile" : 100.000000,
      "latency_window" : 0,
      "steadystate" : {
        "ss" : "iops:10.000000%",
        "duration" : 10,
        "attained" : 1,
        "criterion" : "5.613517%",
        "max_deviation" : 3894.400000,
        "slope" : 0.000000,
        "data" : {
          "bw_mean" : 284163140,
          "iops_mean" : 69375,