{
  "fio version" : "fio-3.33",
  "timestamp" : 1687941113,
  "timestamp_ms" : 1687941113412,
  "time" : "Wed Jun 28 08:31:53 2023",
  "jobs" : [
    {
      "jobname" : "FIOJOB",
      "groupid" : 0,
      "error" : 0,
      "eta" : 0,
      "elapsed" : 13,
      "job options" : {
        "ioengine" : "io_uring",
        "rw" : "randrw",
        "bs" : "4k",
        "iodepth" : "32",
        "numjobs" : "1",
        "rwmixread" : "50",
        "runtime" : "60",
        "loops" : "1",
        "direct" : "1",
        "steadystate" : "iops:10%%",
        "steadystate_duration" : "10",
        "steadystate_ramp_time" : "1",
        "log_avg_msec" : "1000",
        "invalidate" : "1",
        "write_bw_log" : "/home/user/benchmarks/4096s/1x/nvme2n1/randrw50/4k/randrw-iodepth-32-numjobs-1",
        "write_lat_log" : "/home/user/benchmarks/4096s/1x/nvme2n1/randrw50/4k/randrw-iodepth-32-numjobs-1",
        "write_iops_log" : "/home/user/benchmarks/4096s/1x/nvme2n1/randrw50/4k/randrw-iodepth-32-numjobs-1",
        "filename" : "/dev/nvme2n1"
      },
      "read" : {
        "io_bytes" : 3958214656,
        "io_kbytes" : 3865444,
        "bw_bytes" : 332986847,
        "bw" : 325182,
        "iops" : 81295.617061,
        "runtime" : 11887,
        "total_ios" : 966361,
        "short_ios" : 0,
        "drop_ios" : 0,
        "slat_ns" : {
          "min" : 940,
          "max" : 32100,
          "mean" : 2284.997337,
          "stddev" : 938.032997,
          "N" : 966361
        },
        "clat_ns" : {
          "min" : 43820,
          "max" : 7551629,
          "mean" : 370544.907065,
          "stddev" : 368274.055129,
          "N" : 966361,
          "percentile" : {
            "1.000000" : 76288,
            "5.000000" : 89600,
            "10.000000" : 107008,
            "20.000000" : 146432,
            "30.000000" : 189440,
            "40.000000" : 232448,
            "50.000000" : 268288,
            "60.000000" : 309248,
            "70.000000" : 358400,
            "80.000000" : 444416,
            "90.000000" : 724992,
            "95.000000" : 1187840,
            "99.000000" : 1892352,
            "99.500000" : 2113536,
            "99.900000" : 2932736,
            "99.950000" : 3293184,
            "99.990000" : 4423680
          }
        },
        "lat_ns" : {
          "min" : 45610,
          "max" : 7553859,
          "mean" : 372829.904402,
          "stddev" : 368223.248516,
          "N" : 966361
        },
        "bw_min" : 307055,
        "bw_max" : 333477,
        "bw_agg" : 100.000000,
        "bw_mean" : 325302.181818,
        "bw_dev" : 8679.749245,
        "bw_samples" : 11,
        "iops_min" : 76763,
        "iops_max" : 83369,
        "iops_mean" : 81325.545455,
        "iops_stddev" : 2170.472362,
        "iops_samples" : 11
      },
      "write" : {
        "io_bytes" : 3952984064,
        "io_kbytes" : 3860336,
        "bw_bytes" : 332546821,
        "bw" : 324752,
        "iops" : 81188.188778,
        "runtime" : 11887,
        "total_ios" : 965084,
        "short_ios" : 0,
        "drop_ios" : 0,
        "slat_ns" : {
          "min" : 1030,
          "max" : 32890,
          "mean" : 2619.511731,
          "stddev" : 1025.014027,
          "N" : 965084
        },
        "clat_ns" : {
          "min" : 260,
          "max" : 1364489,
          "mean" : 16554.242431,
          "stddev" : 10218.921999,
          "N" : 965084,
          "percentile" : {
            "1.000000" : 6112,
            "5.000000" : 6688,
            "10.000000" : 7392,
            "20.000000" : 8384,
            "30.000000" : 9408,
            "40.000000" : 11328,
            "50.000000" : 13248,
            "60.000000" : 15808,
            "70.000000" : 19584,
            "80.000000" : 24448,
            "90.000000" : 30848,
            "95.000000" : 35072,
            "99.000000" : 47360,
            "99.500000" : 52480,
            "99.900000" : 63232,
            "99.950000" : 67072,
            "99.990000" : 77312
          }
        },
        "lat_ns" : {
          "min" : 6410,
          "max" : 1366249,
          "mean" : 19173.754161,
          "stddev" : 10427.043574,
          "N" : 965084
        },
        "bw_min" : 308840,
        "bw_max" : 333629,
        "bw_agg" : 100.000000,
        "bw_mean" : 324845.090909,
        "bw_dev" : 7738.371269,
        "bw_samples" : 11,
        "iops_min" : 77210,
        "iops_max" : 83407,
        "iops_mean" : 81211.181818,
        "iops_stddev" : 1934.919317,
        "iops_samples" : 11
      },
      "trim" : {
        "io_bytes" : 0,
        "io_kbytes" : 0,
        "bw_bytes" : 0,
        "bw" : 0,
        "iops" : 0.000000,
        "runtime" : 0,
        "total_ios" : 0,
        "short_ios" : 0,
        "drop_ios" : 0,
        "slat_ns" : {
          "min" : 0,
          "max" : 0,
          "mean" : 0.000000,
          "stddev" : 0.000000,
          "N" : 0
        },
        "clat_ns" : {
          "min" : 0,
          "max" : 0,
          "mean" : 0.000000,
          "stddev" : 0.000000,
          "N" : 0
        },
        "lat_ns" : {
          "min" : 0,
          "max" : 0,
          "mean" : 0.000000,
          "stddev" : 0.000000,
          "N" : 0
        },
        "bw_min" : 0,
        "bw_max" : 0,
        "bw_agg" : 0.000000,
        "bw_mean" : 0.000000,
        "bw_dev" : 0.000000,
        "bw_samples" : 0,
        "iops_min" : 0,
        "iops_max" : 0,
        "iops_mean" : 0.000000,
        "iops_stddev" : 0.000000,
        "iops_samples" : 0
      },
      "sync" : {
        "total_ios" : 0,
        "lat_ns" : {
          "min" : 0,
          "max" : 0,
          "mean" : 0.000000,
          "stddev" : 0.000000,
          "N" : 0
        }
      },
      "job_runtime" : 11886,
      "usr_cpu" : 23.910483,
      "sys_cpu" : 43.555443,
      "ctx" : 365596,
      "majf" : 0,
      "minf" : 39,
      "iodepth_level" : {
        "1" : 0.100000,
        "2" : 0.100000,
        "4" : 0.100000,
        "8" : 0.100000,
        "16" : 0.100000,
        "32" : 99.998395,
        ">=64" : 0.000000
      },
      "iodepth_submit" : {
        "0" : 0.000000,
        "4" : 100.000000,
        "8" : 0.000000,
        "16" : 0.000000,
        "32" : 0.000000,
        "64" : 0.000000,
        ">=64" : 0.000000
      },
      "iodepth_complete" : {
        "0" : 0.000000,
        "4" : 99.999948,
        "8" : 0.000000,
        "16" : 0.000000,
        "32" : 0.100000,
        "64" : 0.000000,
        ">=64" : 0.000000
      },
      "latency_ns" : {
        "2" : 0.000000,
        "4" : 0.000000,
        "10" : 0.000000,
        "20" : 0.000000,
        "50" : 0.000000,
        "100" : 0.000000,
        "250" : 0.000000,
        "500" : 0.010000,
        "750" : 0.010000,
        "1000" : 0.010000
      },
      "latency_us" : {
        "2" : 0.010000,
        "4" : 0.010000,
        "10" : 16.873481,
        "20" : 18.616528,
        "50" : 14.115028,
        "100" : 4.413224,
        "250" : 18.264771,
        "500" : 19.568095,
        "750" : 3.323418,
        "1000" : 1.513478
      },
      "latency_ms" : {
        "2" : 2.958562,
        "4" : 0.341402,
        "10" : 0.010000,
        "20" : 0.000000,
        "50" : 0.000000,
        "100" : 0.000000,
        "250" : 0.000000,
        "500" : 0.000000,
        "750" : 0.000000,
        "1000" : 0.000000,
        "2000" : 0.000000,
        ">=2000" : 0.000000
      },
      "latency_depth" : 32,
      "latency_target" : 0,
      "latency_percentile" : 100.000000,
      "latency_window" : 0,
      "steadystate" : {
        "ss" : "iops:10.000000%",
        "duration" : 10,
        "attained" : 1,
        "criterion" : "4.147846%",
        "max_deviation" : 6778.600000,
        "slope" : 0.000000,
        "data" : {
          "bw_mean" : 669388603,
          "iops_mean" : 163424,