{
  "fio version" : "fio-3.33",
  "timestamp" : 1687942306,
  "timestamp_ms" : 1687942306303,
  "time" : "Wed Jun 28 08:51:46 2023",
  "jobs" : [
    {
      "jobname" : "FIOJOB",
      "groupid" : 0,
      "error" : 0,
      "eta" : 0,
      "elapsed" : 13,
      "job options" : {
        "ioengine" : "io_uring",
        "rw" : "randrw",
        "bs" : "4k",
        "iodepth" : "64",
        "numjobs" : "1",
        "rwmixread" : "50",
        "runtime" : "60",
        "loops" : "1",
        "direct" : "1",
        "steadystate" : "iops:10%%",
        "steadystate_duration" : "10",
        "steadystate_ramp_time" : "1",
        "log_avg_msec" : "1000",
        "invalidate" : "1",
        "write_bw_log" : "/home/user/benchmarks/4096s/1x/nvme2n1/randrw50/4k/randrw-iodepth-64-numjobs-1",
        "write_lat_log" : "/home/user/benchmarks/4096s/1x/nvme2n1/randrw50/4k/randrw-iodepth-64-numjobs-1",
        "write_iops_log" : "/home/user/benchmarks/4096s/1x/nvme2n1/randrw50/4k/randrw-iodepth-64-numjobs-1",
        "filename" : "/dev/nvme2n1"
      },
      "read" : {
        "io_bytes" : 5981147136,
        "io_kbytes" : 5840964,
        "bw_bytes" : 503167084,
        "bw" : 491374,
        "iops" : 122843.526542,
        "runtime" : 11887,
        "total_ios" : 1460241,
        "short_ios" : 0,
        "drop_ios" : 0,
        "slat_ns" : {
          "min" : 920,
          "max" : 26610,
          "mean" : 1110.223899,
          "stddev" : 338.789454,
          "N" : 1460241
        },
        "clat_ns" : {
          "min" : 44130,
          "max" : 14336489,
          "mean" : 494043.319412,
          "stddev" : 470495.277089,
          "N" : 1460241,
          "percentile" : {
            "1.000000" : 90624,
            "5.000000" : 111104,
            "10.000000" : 136192,
            "20.000000" : 189440,
            "30.000000" : 244736,
            "40.000000" : 292864,
            "50.000000" : 337920,
            "60.000000" : 395264,
            "70.000000" : 477184,
            "80.000000" : 659456,
            "90.000000" : 1105920,
            "95.000000" : 1548288,
            "99.000000" : 2211840,
            "99.500000" : 2572288,
            "99.900000" : 3555328,
            "99.950000" : 4112384,
            "99.990000" : 5931008
          }
        },
        "lat_ns" : {
          "min" : 45640,
          "max" : 14338069,
          "mean" : 495153.543310,
          "stddev" : 470489.378143,
          "N" : 1460241
        },
        "bw_min" : 472032,
        "bw_max" : 506874,
        "bw_agg" : 99.912672,
        "bw_mean" : 490945.272727,
        "bw_dev" : 11713.716866,
        "bw_samples" : 11,
        "iops_min" : 118007,
        "iops_max" : 126718,
        "iops_mean" : 122736.181818,
        "iops_stddev" : 2928.609322,
        "iops_samples" : 11
      },
      "write" : {
        "io_bytes" : 5975224320,
        "io_kbytes" : 5835180,
        "bw_bytes" : 502668824,
        "bw" : 490887,
        "iops" : 122721.881047,
        "runtime" : 11887,
        "total_ios" : 1458795,
        "short_ios" : 0,
        "drop_ios" : 0,
        "slat_ns" : {
          "min" : 1000,
          "max" : 35010,
          "mean" : 1304.356096,
          "stddev" : 373.850924,
          "N" : 1458795
        },
        "clat_ns" : {
          "min" : 4770,
          "max" : 1333420,
          "mean" : 23678.631448,
          "stddev" : 8530.717013,
          "N" : 1458795,
          "percentile" : {
            "1.000000" : 7136,
            "5.000000" : 9408,
            "10.000000" : 16512,
            "20.000000" : 19840,
            "30.000000" : 21376,
            "40.000000" : 22656,
            "50.000000" : 23936,
            "60.000000" : 25216,
            "70.000000" : 27008,
            "80.000000" : 28032,
            "90.000000" : 29312,
            "95.000000" : 31616,
            "99.000000" : 43264,
            "99.500000" : 50944,
            "99.900000" : 69120,
            "99.950000" : 76288,
            "99.990000" : 130560
          }
        },
        "lat_ns" : {
          "min" : 6300,
          "max" : 1334640,
          "mean" : 24982.987544,
          "stddev" : 8536.603367,
          "N" : 1458795
        },
        "bw_min" : 472900,
        "bw_max" : 506262,
        "bw_agg" : 99.874203,
        "bw_mean" : 490270.363636,
        "bw_dev" : 11918.523174,
        "bw_samples" : 11,
        "iops_min" : 118226,
        "iops_max" : 126565,
        "iops_mean" : 122567.545455,
        "iops_stddev" : 2979.459057,
        "iops_samples" : 11
      },
      "trim" : {
        "io_bytes" : 0,
        "io_kbytes" : 0,
        "bw_bytes" : 0,
        "bw" : 0,
        "iops" : 0.000000,
        "runtime" : 0,
        "total_ios" : 0,
        "short_ios" : 0,
        "drop_ios" : 0,
        "slat_ns" : {
          "min" : 0,
          "max" : 0,
          "mean" : 0.000000,
          "stddev" : 0.000000,
          "N" : 0
        },
        "clat_ns" : {
          "min" : 0,
          "max" : 0,
          "mean" : 0.000000,
          "stddev" : 0.000000,
          "N" : 0
        },
        "lat_ns" : {
          "min" : 0,
          "max" : 0,
          "mean" : 0.000000,
          "stddev" : 0.000000,
          "N" : 0
        },
        "bw_min" : 0,
        "bw_max" : 0,
        "bw_agg" : 0.000000,
        "bw_mean" : 0.000000,
        "bw_dev" : 0.000000,
        "bw_samples" : 0,
        "iops_min" : 0,
        "iops_max" : 0,
        "iops_mean" : 0.000000,
        "iops_stddev" : 0.000000,
        "iops_samples" : 0
      },
      "sync" : {
        "total_ios" : 0,
        "lat_ns" : {
          "min" : 0,
          "max" : 0,
          "mean" : 0.000000,
          "stddev" : 0.000000,
          "N" : 0
        }
      },
      "job_runtime" : 11886,
      "usr_cpu" : 17.583712,
      "sys_cpu" : 32.862191,
      "ctx" : 439755,
      "majf" : 0,
      "minf" : 41,
      "iodepth_level" : {
        "1" : 0.100000,
        "2" : 0.100000,
        "4" : 0.100000,
        "8" : 0.100000,
        "16" : 0.100000,
        "32" : 0.100000,
        ">=64" : 99.997842
      },
      "iodepth_submit" : {
        "0" : 0.000000,
        "4" : 100.000000,
        "8" : 0.000000,
        "16" : 0.000000,
        "32" : 0.000000,
        "64" : 0.000000,
        ">=64" : 0.000000
      },
      "iodepth_complete" : {
        "0" : 0.000000,
        "4" : 99.999966,
        "8" : 0.000000,
        "16" : 0.000000,
        "32" : 0.000000,
        "64" : 0.100000,
        ">=64" : 0.000000
      },
      "latency_ns" : {
        "2" : 0.000000,
        "4" : 0.000000,
        "10" : 0.000000,
        "20" : 0.000000,
        "50" : 0.000000,
        "100" : 0.000000,
        "250" : 0.000000,
        "500" : 0.000000,
        "750" : 0.000000,
        "1000" : 0.000000
      },
      "latency_us" : {
        "2" : 0.000000,
        "4" : 0.000000,
        "10" : 2.753957,
        "20" : 7.429199,
        "50" : 39.522431,
        "100" : 1.568394,
        "250" : 14.154159,
        "500" : 20.466072,
        "750" : 5.507537,
        "1000" : 2.676055
      },
      "latency_ms" : {
        "2" : 5.127823,
        "4" : 0.765972,
        "10" : 0.028091,
        "20" : 0.010000,
        "50" : 0.000000,
        "100" : 0.000000,
        "250" : 0.000000,
        "500" : 0.000000,
        "750" : 0.000000,
        "1000" : 0.000000,
        "2000" : 0.000000,
        ">=2000" : 0.000000
      },
      "latency_depth" : 64,
      "latency_target" : 0,
      "latency_percentile" : 100.000000,
      "latency_window" : 0,
      "steadystate" : {
        "ss" : "iops:10.000000%",
        "duration" : 10,
        "attained" : 1,
        "criterion" : "2.977826%",
        "max_deviation" : 7339.000000,
        "slope" : 0.000000,
        "data" : {
          "bw_mean" : 1009481008,
          "iops_mean" : 246455,