{
  "fio version" : "fio-3.33",
  "timestamp" : 1687936118,
  "timestamp_ms" : 1687936118497,
  "time" : "Wed Jun 28 07:08:38 2023",
  "jobs" : [
    {
      "jobname" : "FIOJOB",
      "groupid" : 0,
      "error" : 0,
      "eta" : 0,
      "elapsed" : 19,
      "job options" : {
        "ioengine" : "io_uring",
        "rw" : "randrw",
        "bs" : "4k",
        "iodepth" : "1",
        "numjobs" : "2",
        "rwmixread" : "50",
        "runtime" : "60",
        "loops" : "1",
        "direct" : "1",
        "steadystate" : "iops:10%%",
        "steadystate_duration" : "10",
        "steadystate_ramp_time" : "1",
        "log_avg_msec" : "1000",
        "invalidate" : "1",
        "write_bw_log" : "/home/user/benchmarks/4096s/1x/nvme2n1/randrw50/4k/randrw-iodepth-1-numjobs-2",
        "write_lat_log" : "/home/user/benchmarks/4096s/1x/nvme2n1/randrw50/4k/randrw-iodepth-1-numjobs-2",
        "write_iops_log" : "/home/user/benchmarks/4096s/1x/nvme2n1/randrw50/4k/randrw-iodepth-1-numjobs-2",
        "filename" : "/dev/nvme2n1"
      },
      "read" : {
        "io_bytes" : 722657280,
        "io_kbytes" : 705720,
        "bw_bytes" : 40403515,
        "bw" : 39456,
        "iops" : 9864.139550,
        "runtime" : 17886,
        "total_ios" : 176430,
        "short_ios" : 0,
        "drop_ios" : 0,
        "slat_ns" : {
          "min" : 1050,
          "max" : 38570,
          "mean" : 2502.174483,
          "stddev" : 284.321325,
          "N" : 176430
        },
        "clat_ns" : {
          "min" : 43940,
          "max" : 3067640,
          "mean" : 84762.894196,
          "stddev" : 131211.780260,
          "N" : 176430,
          "percentile" : {
            "1.000000" : 61696,
            "5.000000" : 62720,
            "10.000000" : 63232,
            "20.000000" : 63744,
            "30.000000" : 63744,
            "40.000000" : 64256,
            "50.000000" : 65280,
            "60.000000" : 74240,
            "70.000000" : 76288,
            "80.000000" : 77312,
            "90.000000" : 95744,
            "95.000000" : 107008,
            "99.000000" : 505856,
            "99.500000" : 1351680,
            "99.900000" : 1826816,
            "99.950000" : 1925120,
            "99.990000" : 2056192
          }
        },
        "lat_ns" : {
          "min" : 46440,
          "max" : 3070100,
          "mean" : 87265.068679,
          "stddev" : 131216.078418,
          "N" : 176430
        },
        "bw_min" : 32880,
        "bw_max" : 43488,
        "bw_agg" : 62.062280,
        "bw_mean" : 39305.058824,
        "bw_dev" : 3040.246340,
        "bw_samples" : 17,
        "iops_min" : 8220,
        "iops_max" : 10872,
        "iops_mean" : 9826.000000,
        "iops_stddev" : 759.943583,
        "iops_samples" : 17
      },
      "write" : {
        "io_bytes" : 721338368,
        "io_kbytes" : 704432,
        "bw_bytes" : 40329775,
        "bw" : 39384,
        "iops" : 9846.136643,
        "runtime" : 17886,
        "total_ios" : 176108,
        "short_ios" : 0,
        "drop_ios" : 0,
        "slat_ns" : {
          "min" : 1240,
          "max" : 25800,
          "mean" : 2818.344453,
          "stddev" : 243.693582,
          "N" : 176108
        },
        "clat_ns" : {
          "min" : 290,
          "max" : 41270,
          "mean" : 9349.721449,
          "stddev" : 1047.890046,
          "N" : 176108,
          "percentile" : {
            "1.000000" : 8256,
            "5.000000" : 8512,
            "10.000000" : 8512,
            "20.000000" : 8640,
            "30.000000" : 8768,
            "40.000000" : 8768,
            "50.000000" : 9152,
            "60.000000" : 9408,
            "70.000000" : 9536,
            "80.000000" : 9664,
            "90.000000" : 10816,
            "95.000000" : 11200,
            "99.000000" : 12608,
            "99.500000" : 13248,
            "99.900000" : 20096,
            "99.950000" : 20864,
            "99.990000" : 26496
          }
        },
        "lat_ns" : {
          "min" : 7800,
          "max" : 44130,
          "mean" : 12168.065903,
          "stddev" : 1095.017899,
          "N" : 176108
        },
        "bw_min" : 32524,
        "bw_max" : 44060,
        "bw_agg" : 62.015890,
        "bw_mean" : 39282.882353,
        "bw_dev" : 3229.603340,
        "bw_samples" : 17,
        "iops_min" : 8131,
        "iops_max" : 11015,
        "iops_mean" : 9820.470588,
        "iops_stddev" : 807.337919,
        "iops_samples" : 17
      },
      "trim" : {
        "io_bytes" : 0,
        "io_kbytes" : 0,
        "bw_bytes" : 0,
        "bw" : 0,
        "iops" : 0.000000,
        "runtime" : 0,
        "total_ios" : 0,
        "short_ios" : 0,
        "drop_ios" : 0,
        "slat_ns" : {
          "min" : 0,
          "max" : 0,
          "mean" : 0.000000,
          "stddev" : 0.000000,
          "N" : 0
        },
        "clat_ns" : {
          "min" : 0,
          "max" : 0,
          "mean" : 0.000000,
          "stddev" : 0.000000,
          "N" : 0
        },
        "lat_ns" : {
          "min" : 0,
          "max" : 0,
          "mean" : 0.000000,
          "stddev" : 0.000000,
          "N" : 0
        },
        "bw_min" : 0,
        "bw_max" : 0,
        "bw_agg" : 0.000000,
        "bw_mean" : 0.000000,
        "bw_dev" : 0.000000,
        "bw_samples" : 0,
        "iops_min" : 0,
        "iops_max" : 0,
        "iops_mean" : 0.000000,
        "iops_stddev" : 0.000000,
        "iops_samples" : 0
      },
      "sync" : {
        "total_ios" : 0,
        "lat_ns" : {
          "min" : 0,
          "max" : 0,
          "mean" : 0.000000,
          "stddev" : 0.000000,
          "N" : 0
        }
      },
      "job_runtime" : 17885,
      "usr_cpu" : 4.154319,
      "sys_cpu" : 10.964495,
      "ctx" : 352495,
      "majf" : 0,
      "minf" : 40,
      "iodepth_level" : {
        "1" : 100.000000,
        "2" : 0.000000,
        "4" : 0.000000,
        "8" : 0.000000,
        "16" : 0.000000,
        "32" : 0.000000,
        ">=64" : 0.000000
      },
      "iodepth_submit" : {
        "0" : 0.000000,
        "4" : 100.000000,
        "8" : 0.000000,
        "16" : 0.000000,
        "32" : 0.000000,
        "64" : 0.000000,
        ">=64" : 0.000000
      },
      "iodepth_complete" : {
        "0" : 0.000000,
        "4" : 100.000000,
        "8" : 0.000000,
        "16" : 0.000000,
        "32" : 0.000000,
        "64" : 0.000000,
        ">=64" : 0.000000
      },
      "latency_ns" : {
        "2" : 0.000000,
        "4" : 0.000000,
        "10" : 0.000000,
        "20" : 0.000000,
        "50" : 0.000000,
        "100" : 0.000000,
        "250" : 0.000000,
        "500" : 0.010000,
        "750" : 0.000000,
        "1000" : 0.010000
      },
      "latency_us" : {
        "2" : 0.010000,
        "4" : 0.000000,
        "10" : 43.168680,
        "20" : 6.730622,
        "50" : 0.342658,
        "100" : 46.853673,
        "250" : 2.338188,
        "500" : 0.059568,
        "750" : 0.067227,
        "1000" : 0.063823
      },
      "latency_ms" : {
        "2" : 0.362798,
        "4" : 0.010000,
        "10" : 0.000000,
        "20" : 0.000000,
        "50" : 0.000000,
        "100" : 0.000000,
        "250" : 0.000000,
        "500" : 0.000000,
        "750" : 0.000000,
        "1000" : 0.000000,
        "2000" : 0.000000,
        ">=2000" : 0.000000
      },
      "latency_depth" : 1,
      "latency_target" : 0,
      "latency_percentile" : 100.000000,
      "latency_window" : 0,
      "steadystate" : {
        "ss" : "iops:10.000000%",
        "duration" : 10,
        "attained" : 1,
        "criterion" : "7.279916%",
        "max_deviation" : 1502.400000,
        "slope" : 0.000000,
        "data" : {
          "bw_mean" : 84532659,
          "iops_mean" : 20637,