{
  "fio version" : "fio-3.33",
  "timestamp" : 1687936041,
  "timestamp_ms" : 1687936041558,
  "time" : "Wed Jun 28 07:07:21 2023",
  "jobs" : [
    {
      "jobname" : "FIOJOB",
      "groupid" : 0,
      "error" : 0,
      "eta" : 0,
      "elapsed" : 13,
      "job options" : {
        "ioengine" : "io_uring",
        "rw" : "randrw",
        "bs" : "4k",
        "iodepth" : "1",
        "numjobs" : "1",
        "rwmixread" : "50",
        "runtime" : "60",
        "loops" : "1",
        "direct" : "1",
        "steadystate" : "iops:10%%",
        "steadystate_duration" : "10",
        "steadystate_ramp_time" : "1",
        "log_avg_msec" : "1000",
        "invalidate" : "1",
        "write_bw_log" : "/home/user/benchmarks/4096s/1x/nvme2n1/randrw50/4k/randrw-iodepth-1-numjobs-1",
        "write_lat_log" : "/home/user/benchmarks/4096s/1x/nvme2n1/randrw50/4k/randrw-iodepth-1-numjobs-1",
        "write_iops_log" : "/home/user/benchmarks/4096s/1x/nvme2n1/randrw50/4k/randrw-iodepth-1-numjobs-1",
        "filename" : "/dev/nvme2n1"
      },
      "read" : {
        "io_bytes" : 542539776,
        "io_kbytes" : 529824,
        "bw_bytes" : 45641438,
        "bw" : 44571,
        "iops" : 11142.929250,
        "runtime" : 11887,
        "total_ios" : 132456,
        "short_ios" : 0,
        "drop_ios" : 0,
        "slat_ns" : {
          "min" : 1040,
          "max" : 75480,
          "mean" : 2408.462327,
          "stddev" : 478.242952,
          "N" : 132456
        },
        "clat_ns" : {
          "min" : 44260,
          "max" : 2700450,
          "mean" : 73755.439293,
          "stddev" : 71983.691781,
          "N" : 132456,
          "percentile" : {
            "1.000000" : 56576,
            "5.000000" : 60672,
            "10.000000" : 61696,
            "20.000000" : 63232,
            "30.000000" : 63744,
            "40.000000" : 64256,
            "50.000000" : 64768,
            "60.000000" : 66048,
            "70.000000" : 75264,
            "80.000000" : 76288,
            "90.000000" : 77312,
            "95.000000" : 94720,
            "99.000000" : 110080,
            "99.500000" : 150528,
            "99.900000" : 1515520,
            "99.950000" : 1597440,
            "99.990000" : 1794048
          }
        },
        "lat_ns" : {
          "min" : 46031,
          "max" : 2703159,
          "mean" : 76163.901620,
          "stddev" : 71995.118197,
          "N" : 132456
        },
        "bw_min" : 42550,
        "bw_max" : 47228,
        "bw_agg" : 100.000000,
        "bw_mean" : 44596.909091,
        "bw_dev" : 1410.859132,
        "bw_samples" : 11,
        "iops_min" : 10637,
        "iops_max" : 11808,
        "iops_mean" : 11149.090909,
        "iops_stddev" : 352.951684,
        "iops_samples" : 11
      },
      "write" : {
        "io_bytes" : 543125504,
        "io_kbytes" : 530396,
        "bw_bytes" : 45690712,
        "bw" : 44619,
        "iops" : 11154.959199,
        "runtime" : 11887,
        "total_ios" : 132599,
        "short_ios" : 0,
        "drop_ios" : 0,
        "slat_ns" : {
          "min" : 1160,
          "max" : 21140,
          "mean" : 2697.779139,
          "stddev" : 373.413057,
          "N" : 132599
        },
        "clat_ns" : {
          "min" : 420,
          "max" : 71880,
          "mean" : 8990.642320,
          "stddev" : 1296.942070,
          "N" : 132599,
          "percentile" : {
            "1.000000" : 6816,
            "5.000000" : 7200,
            "10.000000" : 7328,
            "20.000000" : 8512,
            "30.000000" : 8640,
            "40.000000" : 8640,
            "50.000000" : 8768,
            "60.000000" : 8896,
            "70.000000" : 9280,
            "80.000000" : 9792,
            "90.000000" : 10432,
            "95.000000" : 10816,
            "99.000000" : 12352,
            "99.500000" : 13120,
            "99.900000" : 20096,
            "99.950000" : 21120,
            "99.990000" : 26240
          }
        },
        "lat_ns" : {
          "min" : 6960,
          "max" : 74960,
          "mean" : 11688.421459,
          "stddev" : 1531.298764,
          "N" : 132599
        },
        "bw_min" : 42494,
        "bw_max" : 47192,
        "bw_agg" : 99.841246,
        "bw_mean" : 44549.000000,
        "bw_dev" : 1490.426650,
        "bw_samples" : 11,
        "iops_min" : 10623,
        "iops_max" : 11798,
        "iops_mean" : 11137.090909,
        "iops_stddev" : 372.735148,
        "iops_samples" : 11
      },
      "trim" : {
        "io_bytes" : 0,
        "io_kbytes" : 0,
        "bw_bytes" : 0,
        "bw" : 0,
        "iops" : 0.000000,
        "runtime" : 0,
        "total_ios" : 0,
        "short_ios" : 0,
        "drop_ios" : 0,
        "slat_ns" : {
          "min" : 0,
          "max" : 0,
          "mean" : 0.000000,
          "stddev" : 0.000000,
          "N" : 0
        },
        "clat_ns" : {
          "min" : 0,
          "max" : 0,
          "mean" : 0.000000,
          "stddev" : 0.000000,
          "N" : 0
        },
        "lat_ns" : {
          "min" : 0,
          "max" : 0,
          "mean" : 0.000000,
          "stddev" : 0.000000,
          "N" : 0
        },
        "bw_min" : 0,
        "bw_max" : 0,
        "bw_agg" : 0.000000,
        "bw_mean" : 0.000000,
        "bw_dev" : 0.000000,
        "bw_samples" : 0,
        "iops_min" : 0,
        "iops_max" : 0,
        "iops_mean" : 0.000000,
        "iops_stddev" : 0.000000,
        "iops_samples" : 0
      },
      "sync" : {
        "total_ios" : 0,
        "lat_ns" : {
          "min" : 0,
          "max" : 0,
          "mean" : 0.000000,
          "stddev" : 0.000000,
          "N" : 0
        }
      },
      "job_runtime" : 11886,
      "usr_cpu" : 4.879690,
      "sys_cpu" : 11.500925,
      "ctx" : 265026,
      "majf" : 0,
      "minf" : 41,
      "iodepth_level" : {
        "1" : 100.000000,
        "2" : 0.000000,
        "4" : 0.000000,
        "8" : 0.000000,
        "16" : 0.000000,
        "32" : 0.000000,
        ">=64" : 0.000000
      },
      "iodepth_submit" : {
        "0" : 0.000000,
        "4" : 100.000000,
        "8" : 0.000000,
        "16" : 0.000000,
        "32" : 0.000000,
        "64" : 0.000000,
        ">=64" : 0.000000
      },
      "iodepth_complete" : {
        "0" : 0.000000,
        "4" : 100.000000,
        "8" : 0.000000,
        "16" : 0.000000,
        "32" : 0.000000,
        "64" : 0.000000,
        ">=64" : 0.000000
      },
      "latency_ns" : {
        "2" : 0.000000,
        "4" : 0.000000,
        "10" : 0.000000,
        "20" : 0.000000,
        "50" : 0.000000,
        "100" : 0.000000,
        "250" : 0.000000,
        "500" : 0.010000,
        "750" : 0.000000,
        "1000" : 0.000000
      },
      "latency_us" : {
        "2" : 0.010000,
        "4" : 0.010000,
        "10" : 40.876422,
        "20" : 9.098489,
        "50" : 0.055083,
        "100" : 48.682726,
        "250" : 1.088831,
        "500" : 0.029428,
        "750" : 0.025655,
        "1000" : 0.024523
      },
      "latency_ms" : {
        "2" : 0.115070,
        "4" : 0.010000,
        "10" : 0.000000,
        "20" : 0.000000,
        "50" : 0.000000,
        "100" : 0.000000,
        "250" : 0.000000,
        "500" : 0.000000,
        "750" : 0.000000,
        "1000" : 0.000000,
        "2000" : 0.000000,
        ">=2000" : 0.000000
      },
      "latency_depth" : 1,
      "latency_target" : 0,
      "latency_percentile" : 100.000000,
      "latency_window" : 0,
      "steadystate" : {
        "ss" : "iops:10.000000%",
        "duration" : 10,
        "attained" : 1,
        "criterion" : "3.784718%",
        "max_deviation" : 836.400000,
        "slope" : 0.000000,
        "data" : {
          "bw_mean" : 90520657,
          "iops_mean" : 22099,