{
  "fio version" : "fio-3.33",
  "timestamp" : 1687937030,
  "timestamp_ms" : 1687937030090,
  "time" : "Wed Jun 28 07:23:50 2023",
  "jobs" : [
    {
      "jobname" : "FIOJOB",
      "groupid" : 0,
      "error" : 0,
      "eta" : 0,
      "elapsed" : 13,
      "job options" : {
        "ioengine" : "io_uring",
        "rw" : "randrw",
        "bs" : "4k",
        "iodepth" : "2",
        "numjobs" : "2",
        "rwmixread" : "50",
        "runtime" : "60",
        "loops" : "1",
        "direct" : "1",
        "steadystate" : "iops:10%%",
        "steadystate_duration" : "10",
        "steadystate_ramp_time" : "1",
        "log_avg_msec" : "1000",
        "invalidate" : "1",
        "write_bw_log" : "/home/user/benchmarks/4096s/1x/nvme2n1/randrw50/4k/randrw-iodepth-2-numjobs-2",
        "write_lat_log" : "/home/user/benchmarks/4096s/1x/nvme2n1/randrw50/4k/randrw-iodepth-2-numjobs-2",
        "write_iops_log" : "/home/user/benchmarks/4096s/1x/nvme2n1/randrw50/4k/randrw-iodepth-2-numjobs-2",
        "filename" : "/dev/nvme2n1"
      },
      "read" : {
        "io_bytes" : 634744832,
        "io_kbytes" : 619868,
        "bw_bytes" : 53402728,
        "bw" : 52151,
        "iops" : 13037.775534,
        "runtime" : 11886,
        "total_ios" : 154967,
        "short_ios" : 0,
        "drop_ios" : 0,
        "slat_ns" : {
          "min" : 970,
          "max" : 28690,
          "mean" : 2500.964025,
          "stddev" : 771.786330,
          "N" : 154967
        },
        "clat_ns" : {
          "min" : 44150,
          "max" : 5441450,
          "mean" : 136109.108772,
          "stddev" : 232339.119423,
          "N" : 154967,
          "percentile" : {
            "1.000000" : 62208,
            "5.000000" : 63744,
            "10.000000" : 64768,
            "20.000000" : 68096,
            "30.000000" : 74240,
            "40.000000" : 79360,
            "50.000000" : 87552,
            "60.000000" : 97792,
            "70.000000" : 105984,
            "80.000000" : 119296,
            "90.000000" : 150528,
            "95.000000" : 203776,
            "99.000000" : 1564672,
            "99.500000" : 1744896,
            "99.900000" : 2007040,
            "99.950000" : 2113536,
            "99.990000" : 2834432
          }
        },
        "lat_ns" : {
          "min" : 46000,
          "max" : 5443870,
          "mean" : 138610.072796,
          "stddev" : 232334.299775,
          "N" : 154967
        },
        "bw_min" : 46974,
        "bw_max" : 58088,
        "bw_agg" : 49.229266,
        "bw_mean" : 52048.545455,
        "bw_dev" : 3488.767873,
        "bw_samples" : 11,
        "iops_min" : 11743,
        "iops_max" : 14523,
        "iops_mean" : 13012.000000,
        "iops_stddev" : 872.365405,
        "iops_samples" : 11
      },
      "write" : {
        "io_bytes" : 635211776,
        "io_kbytes" : 620324,
        "bw_bytes" : 53442013,
        "bw" : 52189,
        "iops" : 13047.366650,
        "runtime" : 11886,
        "total_ios" : 155081,
        "short_ios" : 0,
        "drop_ios" : 0,
        "slat_ns" : {
          "min" : 1080,
          "max" : 39990,
          "mean" : 2810.609172,
          "stddev" : 857.947920,
          "N" : 155081
        },
        "clat_ns" : {
          "min" : 270,
          "max" : 53110,
          "mean" : 10047.024419,
          "stddev" : 2702.999703,
          "N" : 155081,
          "percentile" : {
            "1.000000" : 5920,
            "5.000000" : 6944,
            "10.000000" : 7648,
            "20.000000" : 7840,
            "30.000000" : 7968,
            "40.000000" : 8256,
            "50.000000" : 9664,
            "60.000000" : 10048,
            "70.000000" : 11968,
            "80.000000" : 12352,
            "90.000000" : 12736,
            "95.000000" : 14144,
            "99.000000" : 19072,
            "99.500000" : 19584,
            "99.900000" : 22912,
            "99.950000" : 25728,
            "99.990000" : 32640
          }
        },
        "lat_ns" : {
          "min" : 6170,
          "max" : 56320,
          "mean" : 12857.633591,
          "stddev" : 3157.890069,
          "N" : 155081
        },
        "bw_min" : 47327,
        "bw_max" : 57808,
        "bw_agg" : 49.196051,
        "bw_mean" : 52120.272727,
        "bw_dev" : 3426.413580,
        "bw_samples" : 11,
        "iops_min" : 11831,
        "iops_max" : 14453,
        "iops_mean" : 13029.727273,
        "iops_stddev" : 856.624082,
        "iops_samples" : 11
      },
      "trim" : {
        "io_bytes" : 0,
        "io_kbytes" : 0,
        "bw_bytes" : 0,
        "bw" : 0,
        "iops" : 0.000000,
        "runtime" : 0,
        "total_ios" : 0,
        "short_ios" : 0,
        "drop_ios" : 0,
        "slat_ns" : {
          "min" : 0,
          "max" : 0,
          "mean" : 0.000000,
          "stddev" : 0.000000,
          "N" : 0
        },
        "clat_ns" : {
          "min" : 0,
          "max" : 0,
          "mean" : 0.000000,
          "stddev" : 0.000000,
          "N" : 0
        },
        "lat_ns" : {
          "min" : 0,
          "max" : 0,
          "mean" : 0.000000,
          "stddev" : 0.000000,
          "N" : 0
        },
        "bw_min" : 0,
        "bw_max" : 0,
        "bw_agg" : 0.000000,
        "bw_mean" : 0.000000,
        "bw_dev" : 0.000000,
        "bw_samples" : 0,
        "iops_min" : 0,
        "iops_max" : 0,
        "iops_mean" : 0.000000,
        "iops_stddev" : 0.000000,
        "iops_samples" : 0
      },
      "sync" : {
        "total_ios" : 0,
        "lat_ns" : {
          "min" : 0,
          "max" : 0,
          "mean" : 0.000000,
          "stddev" : 0.000000,
          "N" : 0
        }
      },
      "job_runtime" : 11885,
      "usr_cpu" : 5.073622,
      "sys_cpu" : 13.336138,
      "ctx" : 270465,
      "majf" : 0,
      "minf" : 39,
      "iodepth_level" : {
        "1" : 0.100000,
        "2" : 99.999677,
        "4" : 0.000000,
        "8" : 0.000000,
        "16" : 0.000000,
        "32" : 0.000000,
        ">=64" : 0.000000
      },
      "iodepth_submit" : {
        "0" : 0.000000,
        "4" : 100.000000,
        "8" : 0.000000,
        "16" : 0.000000,
        "32" : 0.000000,
        "64" : 0.000000,
        ">=64" : 0.000000
      },
      "iodepth_complete" : {
        "0" : 0.000000,
        "4" : 100.000000,
        "8" : 0.000000,
        "16" : 0.000000,
        "32" : 0.000000,
        "64" : 0.000000,
        ">=64" : 0.000000
      },
      "latency_ns" : {
        "2" : 0.000000,
        "4" : 0.000000,
        "10" : 0.000000,
        "20" : 0.000000,
        "50" : 0.000000,
        "100" : 0.000000,
        "250" : 0.000000,
        "500" : 0.010000,
        "750" : 0.010000,
        "1000" : 0.010000
      },
      "latency_us" : {
        "2" : 0.010000,
        "4" : 0.010000,
        "10" : 29.259663,
        "20" : 20.608099,
        "50" : 0.150944,
        "100" : 31.872162,
        "250" : 16.072673,
        "500" : 0.310597,
        "750" : 0.267700,
        "1000" : 0.283504
      },
      "latency_ms" : {
        "2" : 1.119504,
        "4" : 0.051282,
        "10" : 0.010000,
        "20" : 0.000000,
        "50" : 0.000000,
        "100" : 0.000000,
        "250" : 0.000000,
        "500" : 0.000000,
        "750" : 0.000000,
        "1000" : 0.000000,
        "2000" : 0.000000,
        ">=2000" : 0.000000
      },
      "latency_depth" : 2,
      "latency_target" : 0,
      "latency_percentile" : 100.000000,
      "latency_window" : 0,
      "steadystate" : {
        "ss" : "iops:10.000000%",
        "duration" : 10,
        "attained" : 1,
        "criterion" : "9.554235%",
        "max_deviation" : 2453.900000,
        "slope" : 0.000000,
        "data" : {
          "bw_mean" : 105203009,
          "iops_mean" : 25683,