{
  "fio version" : "fio-3.33",
  "timestamp" : 1687937822,
  "timestamp_ms" : 1687937822694,
  "time" : "Wed Jun 28 07:37:02 2023",
  "jobs" : [
    {
      "jobname" : "FIOJOB",
      "groupid" : 0,
      "error" : 0,
      "eta" : 0,
      "elapsed" : 13,
      "job options" : {
        "ioengine" : "io_uring",
        "rw" : "randrw",
        "bs" : "4k",
        "iodepth" : "4",
        "numjobs" : "1",
        "rwmixread" : "50",
        "runtime" : "60",
        "loops" : "1",
        "direct" : "1",
        "steadystate" : "iops:10%%",
        "steadystate_duration" : "10",
        "steadystate_ramp_time" : "1",
        "log_avg_msec" : "1000",
        "invalidate" : "1",
        "write_bw_log" : "/home/user/benchmarks/4096s/1x/nvme2n1/randrw50/4k/randrw-iodepth-4-numjobs-1",
        "write_lat_log" : "/home/user/benchmarks/4096s/1x/nvme2n1/randrw50/4k/randrw-iodepth-4-numjobs-1",
        "write_iops_log" : "/home/user/benchmarks/4096s/1x/nvme2n1/randrw50/4k/randrw-iodepth-4-numjobs-1",
        "filename" : "/dev/nvme2n1"
      },
      "read" : {
        "io_bytes" : 1188753408,
        "io_kbytes" : 1160892,
        "bw_bytes" : 100012906,
        "bw" : 97668,
        "iops" : 24417.213529,
        "runtime" : 11886,
        "total_ios" : 290223,
        "short_ios" : 0,
        "drop_ios" : 0,
        "slat_ns" : {
          "min" : 940,
          "max" : 28120,
          "mean" : 2791.489172,
          "stddev" : 889.140253,
          "N" : 290223
        },
        "clat_ns" : {
          "min" : 42150,
          "max" : 5422839,
          "mean" : 146049.522932,
          "stddev" : 172343.503412,
          "N" : 290223,
          "percentile" : {
            "1.000000" : 62208,
            "5.000000" : 64768,
            "10.000000" : 66048,
            "20.000000" : 77312,
            "30.000000" : 90624,
            "40.000000" : 102912,
            "50.000000" : 117248,
            "60.000000" : 136192,
            "70.000000" : 150528,
            "80.000000" : 175104,
            "90.000000" : 199680,
            "95.000000" : 230400,
            "99.000000" : 1204224,
            "99.500000" : 1613824,
            "99.900000" : 1925120,
            "99.950000" : 2023424,
            "99.990000" : 2441216
          }
        },
        "lat_ns" : {
          "min" : 45780,
          "max" : 5425409,
          "mean" : 148841.012104,
          "stddev" : 172316.786007,
          "N" : 290223
        },
        "bw_min" : 95688,
        "bw_max" : 103532,
        "bw_agg" : 100.000000,
        "bw_mean" : 98287.363636,
        "bw_dev" : 2230.655880,
        "bw_samples" : 11,
        "iops_min" : 23922,
        "iops_max" : 25884,
        "iops_mean" : 24571.636364,
        "iops_stddev" : 557.839273,
        "iops_samples" : 11
      },
      "write" : {
        "io_bytes" : 1188659200,
        "io_kbytes" : 1160800,
        "bw_bytes" : 100004980,
        "bw" : 97661,
        "iops" : 24415.278479,
        "runtime" : 11886,
        "total_ios" : 290200,
        "short_ios" : 0,
        "drop_ios" : 0,
        "slat_ns" : {
          "min" : 1030,
          "max" : 34050,
          "mean" : 3180.712884,
          "stddev" : 989.493048,
          "N" : 290200
        },
        "clat_ns" : {
          "min" : 280,
          "max" : 55940,
          "mean" : 9773.928680,
          "stddev" : 2771.899197,
          "N" : 290200,
          "percentile" : {
            "1.000000" : 5920,
            "5.000000" : 6240,
            "10.000000" : 6560,
            "20.000000" : 7072,
            "30.000000" : 8512,
            "40.000000" : 9664,
            "50.000000" : 9792,
            "60.000000" : 9920,
            "70.000000" : 10432,
            "80.000000" : 10688,
            "90.000000" : 12608,
            "95.000000" : 15680,
            "99.000000" : 18560,
            "99.500000" : 21120,
            "99.900000" : 27264,
            "99.950000" : 29056,
            "99.990000" : 35072
          }
        },
        "lat_ns" : {
          "min" : 6220,
          "max" : 58940,
          "mean" : 12954.641564,
          "stddev" : 2790.372091,
          "N" : 290200
        },
        "bw_min" : 96596,
        "bw_max" : 103400,
        "bw_agg" : 100.000000,
        "bw_mean" : 98436.636364,
        "bw_dev" : 2033.137097,
        "bw_samples" : 11,
        "iops_min" : 24149,
        "iops_max" : 25850,
        "iops_mean" : 24608.909091,
        "iops_stddev" : 508.220121,
        "iops_samples" : 11
      },
      "trim" : {
        "io_bytes" : 0,
        "io_kbytes" : 0,
        "bw_bytes" : 0,
        "bw" : 0,
        "iops" : 0.000000,
        "runtime" : 0,
        "total_ios" : 0,
        "short_ios" : 0,
        "drop_ios" : 0,
        "slat_ns" : {
          "min" : 0,
          "max" : 0,
          "mean" : 0.000000,
          "stddev" : 0.000000,
          "N" : 0
        },
        "clat_ns" : {
          "min" : 0,
          "max" : 0,
          "mean" : 0.000000,
          "stddev" : 0.000000,
          "N" : 0
        },
        "lat_ns" : {
          "min" : 0,
          "max" : 0,
          "mean" : 0.000000,
          "stddev" : 0.000000,
          "N" : 0
        },
        "bw_min" : 0,
        "bw_max" : 0,
        "bw_agg" : 0.000000,
        "bw_mean" : 0.000000,
        "bw_dev" : 0.000000,
        "bw_samples" : 0,
        "iops_min" : 0,
        "iops_max" : 0,
        "iops_mean" : 0.000000,
        "iops_stddev" : 0.000000,
        "iops_samples" : 0
      },
      "sync" : {
        "total_ios" : 0,
        "lat_ns" : {
          "min" : 0,
          "max" : 0,
          "mean" : 0.000000,
          "stddev" : 0.000000,
          "N" : 0
        }
      },
      "job_runtime" : 11885,
      "usr_cpu" : 10.122003,
      "sys_cpu" : 24.821203,
      "ctx" : 383670,
      "majf" : 0,
      "minf" : 40,
      "iodepth_level" : {
        "1" : 0.100000,
        "2" : 0.100000,
        "4" : 99.999483,
        "8" : 0.000000,
        "16" : 0.000000,
        "32" : 0.000000,
        ">=64" : 0.000000
      },
      "iodepth_submit" : {
        "0" : 0.000000,
        "4" : 100.000000,
        "8" : 0.000000,
        "16" : 0.000000,
        "32" : 0.000000,
        "64" : 0.000000,
        ">=64" : 0.000000
      },
      "iodepth_complete" : {
        "0" : 0.000000,
        "4" : 100.000000,
        "8" : 0.000000,
        "16" : 0.000000,
        "32" : 0.000000,
        "64" : 0.000000,
        ">=64" : 0.000000
      },
      "latency_ns" : {
        "2" : 0.000000,
        "4" : 0.000000,
        "10" : 0.000000,
        "20" : 0.000000,
        "50" : 0.000000,
        "100" : 0.000000,
        "250" : 0.000000,
        "500" : 0.010337,
        "750" : 0.000000,
        "1000" : 0.010000
      },
      "latency_us" : {
        "2" : 0.010000,
        "4" : 0.010000,
        "10" : 30.546860,
        "20" : 19.094695,
        "50" : 0.395918,
        "100" : 18.859005,
        "250" : 29.731420,
        "500" : 0.475860,
        "750" : 0.144205,
        "1000" : 0.130078
      },
      "latency_ms" : {
        "2" : 0.571307,
        "4" : 0.030495,
        "10" : 0.010000,
        "20" : 0.000000,
        "50" : 0.000000,
        "100" : 0.000000,
        "250" : 0.000000,
        "500" : 0.000000,
        "750" : 0.000000,
        "1000" : 0.000000,
        "2000" : 0.000000,
        ">=2000" : 0.000000
      },
      "latency_depth" : 4,
      "latency_target" : 0,
      "latency_percentile" : 100.000000,
      "latency_window" : 0,
      "steadystate" : {
        "ss" : "iops:10.000000%",
        "duration" : 10,
        "attained" : 1,
        "criterion" : "5.850327%",
        "max_deviation" : 2841.100000,
        "slope" : 0.000000,
        "data" : {
          "bw_mean" : 198915632,
          "iops_mean" : 48563,