{
  "fio version" : "fio-3.33",
  "timestamp" : 1687937916,
  "timestamp_ms" : 1687937916635,
  "time" : "Wed Jun 28 07:38:36 2023",
  "jobs" : [
    {
      "jobname" : "FIOJOB",
      "groupid" : 0,
      "error" : 0,
      "eta" : 0,
      "elapsed" : 24,
      "job options" : {
        "ioengine" : "io_uring",
        "rw" : "randrw",
        "bs" : "4k",
        "iodepth" : "4",
        "numjobs" : "2",
        "rwmixread" : "50",
        "runtime" : "60",
        "loops" : "1",
        "direct" : "1",
        "steadystate" : "iops:10%%",
        "steadystate_duration" : "10",
        "steadystate_ramp_time" : "1",
        "log_avg_msec" : "1000",
        "invalidate" : "1",
        "write_bw_log" : "/home/user/benchmarks/4096s/1x/nvme2n1/randrw50/4k/randrw-iodepth-4-numjobs-2",
        "write_lat_log" : "/home/user/benchmarks/4096s/1x/nvme2n1/randrw50/4k/randrw-iodepth-4-numjobs-2",
        "write_iops_log" : "/home/user/benchmarks/4096s/1x/nvme2n1/randrw50/4k/randrw-iodepth-4-numjobs-2",
        "filename" : "/dev/nvme2n1"
      },
      "read" : {
        "io_bytes" : 884830208,
        "io_kbytes" : 864092,
        "bw_bytes" : 74436797,
        "bw" : 72692,
        "iops" : 18173.046185,
        "runtime" : 11887,
        "total_ios" : 216023,
        "short_ios" : 0,
        "drop_ios" : 0,
        "slat_ns" : {
          "min" : 980,
          "max" : 40660,
          "mean" : 2707.155599,
          "stddev" : 638.553417,
          "N" : 216023
        },
        "clat_ns" : {
          "min" : 42720,
          "max" : 5592619,
          "mean" : 201278.332127,
          "stddev" : 287185.899295,
          "N" : 216023,
          "percentile" : {
            "1.000000" : 63744,
            "5.000000" : 66048,
            "10.000000" : 70144,
            "20.000000" : 80384,
            "30.000000" : 94720,
            "40.000000" : 107008,
            "50.000000" : 121344,
            "60.000000" : 140288,
            "70.000000" : 160768,
            "80.000000" : 193536,
            "90.000000" : 272384,
            "95.000000" : 798720,
            "99.000000" : 1662976,
            "99.500000" : 1810432,
            "99.900000" : 2146304,
            "99.950000" : 2375680,
            "99.990000" : 3391488
          }
        },
        "lat_ns" : {
          "min" : 45220,
          "max" : 5595079,
          "mean" : 203985.487726,
          "stddev" : 287172.431479,
          "N" : 216023
        },
        "bw_min" : 67767,
        "bw_max" : 79363,
        "bw_agg" : 62.275497,
        "bw_mean" : 73041.909091,
        "bw_dev" : 3545.630338,
        "bw_samples" : 11,
        "iops_min" : 16941,
        "iops_max" : 19840,
        "iops_mean" : 18260.363636,
        "iops_stddev" : 886.585842,
        "iops_samples" : 11
      },
      "write" : {
        "io_bytes" : 884371456,
        "io_kbytes" : 863644,
        "bw_bytes" : 74398204,
        "bw" : 72654,
        "iops" : 18163.624127,
        "runtime" : 11887,
        "total_ios" : 215911,
        "short_ios" : 0,
        "drop_ios" : 0,
        "slat_ns" : {
          "min" : 1080,
          "max" : 57669,
          "mean" : 3054.805712,
          "stddev" : 693.958702,
          "N" : 215911
        },
        "clat_ns" : {
          "min" : 260,
          "max" : 113191,
          "mean" : 11027.042772,
          "stddev" : 2751.936827,
          "N" : 215911,
          "percentile" : {
            "1.000000" : 6048,
            "5.000000" : 6624,
            "10.000000" : 8096,
            "20.000000" : 9664,
            "30.000000" : 9920,
            "40.000000" : 10048,
            "50.000000" : 10944,
            "60.000000" : 11328,
            "70.000000" : 11456,
            "80.000000" : 11968,
            "90.000000" : 15552,
            "95.000000" : 16512,
            "99.000000" : 18816,
            "99.500000" : 20864,
            "99.900000" : 27008,
            "99.950000" : 28800,
            "99.990000" : 35072
          }
        },
        "lat_ns" : {
          "min" : 6910,
          "max" : 115720,
          "mean" : 14081.848484,
          "stddev" : 2796.445664,
          "N" : 215911
        },
        "bw_min" : 68408,
        "bw_max" : 78406,
        "bw_agg" : 62.125845,
        "bw_mean" : 72991.818182,
        "bw_dev" : 3235.112141,
        "bw_samples" : 11,
        "iops_min" : 17102,
        "iops_max" : 19601,
        "iops_mean" : 18247.636364,
        "iops_stddev" : 808.810271,
        "iops_samples" : 11
      },
      "trim" : {
        "io_bytes" : 0,
        "io_kbytes" : 0,
        "bw_bytes" : 0,
        "bw" : 0,
        "iops" : 0.000000,
        "runtime" : 0,
        "total_ios" : 0,
        "short_ios" : 0,
        "drop_ios" : 0,
        "slat_ns" : {
          "min" : 0,
          "max" : 0,
          "mean" : 0.000000,
          "stddev" : 0.000000,
          "N" : 0
        },
        "clat_ns" : {
          "min" : 0,
          "max" : 0,
          "mean" : 0.000000,
          "stddev" : 0.000000,
          "N" : 0
        },
        "lat_ns" : {
          "min" : 0,
          "max" : 0,
          "mean" : 0.000000,
          "stddev" : 0.000000,
          "N" : 0
        },
        "bw_min" : 0,
        "bw_max" : 0,
        "bw_agg" : 0.000000,
        "bw_mean" : 0.000000,
        "bw_dev" : 0.000000,
        "bw_samples" : 0,
        "iops_min" : 0,
        "iops_max" : 0,
        "iops_mean" : 0.000000,
        "iops_stddev" : 0.000000,
        "iops_samples" : 0
      },
      "sync" : {
        "total_ios" : 0,
        "lat_ns" : {
          "min" : 0,
          "max" : 0,
          "mean" : 0.000000,
          "stddev" : 0.000000,
          "N" : 0
        }
      },
      "job_runtime" : 11886,
      "usr_cpu" : 7.496214,
      "sys_cpu" : 18.820461,
      "ctx" : 312950,
      "majf" : 0,
      "minf" : 42,
      "iodepth_level" : {
        "1" : 0.100000,
        "2" : 0.100000,
        "4" : 99.999305,
        "8" : 0.000000,
        "16" : 0.000000,
        "32" : 0.000000,
        ">=64" : 0.000000
      },
      "iodepth_submit" : {
        "0" : 0.000000,
        "4" : 100.000000,
        "8" : 0.000000,
        "16" : 0.000000,
        "32" : 0.000000,
        "64" : 0.000000,
        ">=64" : 0.000000
      },
      "iodepth_complete" : {
        "0" : 0.000000,
        "4" : 100.000000,
        "8" : 0.000000,
        "16" : 0.000000,
        "32" : 0.000000,
        "64" : 0.000000,
        ">=64" : 0.000000
      },
      "latency_ns" : {
        "2" : 0.000000,
        "4" : 0.000000,
        "10" : 0.000000,
        "20" : 0.000000,
        "50" : 0.000000,
        "100" : 0.000000,
        "250" : 0.000000,
        "500" : 0.010000,
        "750" : 0.000000,
        "1000" : 0.010000
      },
      "latency_us" : {
        "2" : 0.010000,
        "4" : 0.010000,
        "10" : 19.426811,
        "20" : 30.205541,
        "50" : 0.384318,
        "100" : 17.285743,
        "250" : 27.170355,
        "500" : 2.023457,
        "750" : 0.827210,
        "1000" : 0.820959
      },
      "latency_ms" : {
        "2" : 1.748184,
        "4" : 0.101636,
        "10" : 0.010000,
        "20" : 0.000000,
        "50" : 0.000000,
        "100" : 0.000000,
        "250" : 0.000000,
        "500" : 0.000000,
        "750" : 0.000000,
        "1000" : 0.000000,
        "2000" : 0.000000,
        ">=2000" : 0.000000
      },
      "latency_depth" : 4,
      "latency_target" : 0,
      "latency_percentile" : 100.000000,
      "latency_window" : 0,
      "steadystate" : {
        "ss" : "iops:10.000000%",
        "duration" : 10,
        "attained" : 1,
        "criterion" : "9.147526%",
        "max_deviation" : 3310.700000,
        "slope" : 0.000000,
        "data" : {
          "bw_mean" : 148245037,
          "iops_mean" : 36192,