{
  "fio version" : "fio-3.33",
  "timestamp" : 1687942414,
  "timestamp_ms" : 1687942414235,
  "time" : "Wed Jun 28 08:53:34 2023",
  "jobs" : [
    {
      "jobname" : "FIOJOB",
      "groupid" : 0,
      "error" : 0,
      "eta" : 0,
      "elapsed" : 13,
      "job options" : {
        "ioengine" : "io_uring",
        "rw" : "randrw",
        "bs" : "4k",
        "iodepth" : "64",
        "numjobs" : "2",
        "rwmixread" : "50",
        "runtime" : "60",
        "loops" : "1",
        "direct" : "1",
        "steadystate" : "iops:10%%",
        "steadystate_duration" : "10",
        "steadystate_ramp_time" : "1",
        "log_avg_msec" : "1000",
        "invalidate" : "1",
        "write_bw_log" : "/home/user/benchmarks/4096s/1x/nvme2n1/randrw50/4k/randrw-iodepth-64-numjobs-2",
        "write_lat_log" : "/home/user/benchmarks/4096s/1x/nvme2n1/randrw50/4k/randrw-iodepth-64-numjobs-2",
        "write_iops_log" : "/home/user/benchmarks/4096s/1x/nvme2n1/randrw50/4k/randrw-iodepth-64-numjobs-2",
        "filename" : "/dev/nvme2n1"
      },
      "read" : {
        "io_bytes" : 4006490112,
        "io_kbytes" : 3912588,
        "bw_bytes" : 337019693,
        "bw" : 329120,
        "iops" : 82280.198520,
        "runtime" : 11888,
        "total_ios" : 978147,
        "short_ios" : 0,
        "drop_ios" : 0,
        "slat_ns" : {
          "min" : 900,
          "max" : 38330,
          "mean" : 1903.927042,
          "stddev" : 990.523223,
          "N" : 978147
        },
        "clat_ns" : {
          "min" : 52700,
          "max" : 9413439,
          "mean" : 747967.772616,
          "stddev" : 672480.802822,
          "N" : 978147,
          "percentile" : {
            "1.000000" : 95744,
            "5.000000" : 136192,
            "10.000000" : 166912,
            "20.000000" : 226304,
            "30.000000" : 284672,
            "40.000000" : 354304,
            "50.000000" : 452608,
            "60.000000" : 643072,
            "70.000000" : 954368,
            "80.000000" : 1302528,
            "90.000000" : 1728512,
            "95.000000" : 2023424,
            "99.000000" : 2899968,
            "99.500000" : 3358720,
            "99.900000" : 4423680,
            "99.950000" : 4882432,
            "99.990000" : 6520832
          }
        },
        "lat_ns" : {
          "min" : 54340,
          "max" : 9416419,
          "mean" : 749871.699658,
          "stddev" : 672427.077135,
          "N" : 978147
        },
        "bw_min" : 317585,
        "bw_max" : 351967,
        "bw_agg" : 51.501131,
        "bw_mean" : 329998.909091,
        "bw_dev" : 9851.902065,
        "bw_samples" : 11,
        "iops_min" : 79396,
        "iops_max" : 87991,
        "iops_mean" : 82499.454545,
        "iops_stddev" : 2462.975086,
        "iops_samples" : 11
      },
      "write" : {
        "io_bytes" : 4002148352,
        "io_kbytes" : 3908348,
        "bw_bytes" : 336654471,
        "bw" : 328764,
        "iops" : 82191.032974,
        "runtime" : 11888,
        "total_ios" : 977087,
        "short_ios" : 0,
        "drop_ios" : 0,
        "slat_ns" : {
          "min" : 969,
          "max" : 33930,
          "mean" : 2179.198860,
          "stddev" : 1063.287079,
          "N" : 977087
        },
        "clat_ns" : {
          "min" : 140,
          "max" : 1919750,
          "mean" : 24381.263869,
          "stddev" : 60983.506528,
          "N" : 977087,
          "percentile" : {
            "1.000000" : 5472,
            "5.000000" : 6304,
            "10.000000" : 6752,
            "20.000000" : 7520,
            "30.000000" : 8384,
            "40.000000" : 9536,
            "50.000000" : 11456,
            "60.000000" : 14528,
            "70.000000" : 21120,
            "80.000000" : 30592,
            "90.000000" : 52480,
            "95.000000" : 76288,
            "99.000000" : 115200,
            "99.500000" : 138240,
            "99.900000" : 1138688,
            "99.950000" : 1400832,
            "99.990000" : 1695744
          }
        },
        "lat_ns" : {
          "min" : 6140,
          "max" : 1921600,
          "mean" : 26560.462730,
          "stddev" : 61097.018022,
          "N" : 977087
        },
        "bw_min" : 315239,
        "bw_max" : 351767,
        "bw_agg" : 51.438855,
        "bw_mean" : 329573.090909,
        "bw_dev" : 10120.333912,
        "bw_samples" : 11,
        "iops_min" : 78809,
        "iops_max" : 87941,
        "iops_mean" : 82393.090909,
        "iops_stddev" : 2530.290120,
        "iops_samples" : 11
      },
      "trim" : {
        "io_bytes" : 0,
        "io_kbytes" : 0,
        "bw_bytes" : 0,
        "bw" : 0,
        "iops" : 0.000000,
        "runtime" : 0,
        "total_ios" : 0,
        "short_ios" : 0,
        "drop_ios" : 0,
        "slat_ns" : {
          "min" : 0,
          "max" : 0,
          "mean" : 0.000000,
          "stddev" : 0.000000,
          "N" : 0
        },
        "clat_ns" : {
          "min" : 0,
          "max" : 0,
          "mean" : 0.000000,
          "stddev" : 0.000000,
          "N" : 0
        },
        "lat_ns" : {
          "min" : 0,
          "max" : 0,
          "mean" : 0.000000,
          "stddev" : 0.000000,
          "N" : 0
        },
        "bw_min" : 0,
        "bw_max" : 0,
        "bw_agg" : 0.000000,
        "bw_mean" : 0.000000,
        "bw_dev" : 0.000000,
        "bw_samples" : 0,
        "iops_min" : 0,
        "iops_max" : 0,
        "iops_mean" : 0.000000,
        "iops_stddev" : 0.000000,
        "iops_samples" : 0
      },
      "sync" : {
        "total_ios" : 0,
        "lat_ns" : {
          "min" : 0,
          "max" : 0,
          "mean" : 0.000000,
          "stddev" : 0.000000,
          "N" : 0
        }
      },
      "job_runtime" : 11887,
      "usr_cpu" : 19.660133,
      "sys_cpu" : 38.445360,
      "ctx" : 491993,
      "majf" : 0,
      "minf" : 40,
      "iodepth_level" : {
        "1" : 0.100000,
        "2" : 0.100000,
        "4" : 0.100000,
        "8" : 0.100000,
        "16" : 0.100000,
        "32" : 0.100000,
        ">=64" : 99.996778
      },
      "iodepth_submit" : {
        "0" : 0.000000,
        "4" : 100.000000,
        "8" : 0.000000,
        "16" : 0.000000,
        "32" : 0.000000,
        "64" : 0.000000,
        ">=64" : 0.000000
      },
      "iodepth_complete" : {
        "0" : 0.000000,
        "4" : 99.999949,
        "8" : 0.000000,
        "16" : 0.000000,
        "32" : 0.000000,
        "64" : 0.100000,
        ">=64" : 0.000000
      },
      "latency_ns" : {
        "2" : 0.000000,
        "4" : 0.000000,
        "10" : 0.000000,
        "20" : 0.000000,
        "50" : 0.000000,
        "100" : 0.000000,
        "250" : 0.010000,
        "500" : 0.010000,
        "750" : 0.000000,
        "1000" : 0.000000
      },
      "latency_us" : {
        "2" : 0.010000,
        "4" : 0.010000,
        "10" : 21.540440,
        "20" : 12.810641,
        "50" : 10.258056,
        "100" : 4.981450,
        "250" : 12.175576,
        "500" : 14.731792,
        "750" : 5.206333,
        "1000" : 3.948172
      },
      "latency_ms" : {
        "2" : 11.725860,
        "4" : 2.527217,
        "10" : 0.090015,
        "20" : 0.000000,
        "50" : 0.000000,
        "100" : 0.000000,
        "250" : 0.000000,
        "500" : 0.000000,
        "750" : 0.000000,
        "1000" : 0.000000,
        "2000" : 0.000000,
        ">=2000" : 0.000000
      },
      "latency_depth" : 64,
      "latency_target" : 0,
      "latency_percentile" : 100.000000,
      "latency_window" : 0,
      "steadystate" : {
        "ss" : "iops:10.000000%",
        "duration" : 10,
        "attained" : 1,
        "criterion" : "6.524665%",
        "max_deviation" : 10751.200000,
        "slope" : 0.000000,
        "data" : {
          "bw_mean" : 674931456,
          "iops_mean" : 164777,