{
  "fio version" : "fio-3.33",
  "timestamp" : 1687940012,
  "timestamp_ms" : 1687940012563,
  "time" : "Wed Jun 28 08:13:32 2023",
  "jobs" : [
    {
      "jobname" : "FIOJOB",
      "groupid" : 0,
      "error" : 0,
      "eta" : 0,
      "elapsed" : 23,
      "job options" : {
        "ioengine" : "io_uring",
        "rw" : "randrw",
        "bs" : "4k",
        "iodepth" : "16",
        "numjobs" : "2",
        "rwmixread" : "50",
        "runtime" : "60",
        "loops" : "1",
        "direct" : "1",
        "steadystate" : "iops:10%%",
        "steadystate_duration" : "10",
        "steadystate_ramp_time" : "1",
        "log_avg_msec" : "1000",
        "invalidate" : "1",
        "write_bw_log" : "/home/user/benchmarks/4096s/1x/nvme2n1/randrw50/4k/randrw-iodepth-16-numjobs-2",
        "write_lat_log" : "/home/user/benchmarks/4096s/1x/nvme2n1/randrw50/4k/randrw-iodepth-16-numjobs-2",
        "write_iops_log" : "/home/user/benchmarks/4096s/1x/nvme2n1/randrw50/4k/randrw-iodepth-16-numjobs-2",
        "filename" : "/dev/nvme2n1"
      },
      "read" : {
        "io_bytes" : 1910415360,
        "io_kbytes" : 1865640,
        "bw_bytes" : 160714676,
        "bw" : 156947,
        "iops" : 39236.981577,
        "runtime" : 11887,
        "total_ios" : 466410,
        "short_ios" : 0,
        "drop_ios" : 0,
        "slat_ns" : {
          "min" : 960,
          "max" : 43340,
          "mean" : 2872.100461,
          "stddev" : 1142.861675,
          "N" : 466410
        },
        "clat_ns" : {
          "min" : 45820,
          "max" : 9521689,
          "mean" : 384903.395673,
          "stddev" : 429011.841698,
          "N" : 466410,
          "percentile" : {
            "1.000000" : 75264,
            "5.000000" : 84480,
            "10.000000" : 94720,
            "20.000000" : 118272,
            "30.000000" : 144384,
            "40.000000" : 179200,
            "50.000000" : 218112,
            "60.000000" : 261120,
            "70.000000" : 325632,
            "80.000000" : 544768,
            "90.000000" : 1019904,
            "95.000000" : 1368064,
            "99.000000" : 1875968,
            "99.500000" : 2113536,
            "99.900000" : 2965504,
            "99.950000" : 3358720,
            "99.990000" : 4489216
          }
        },
        "lat_ns" : {
          "min" : 48130,
          "max" : 9524129,
          "mean" : 387775.496134,
          "stddev" : 428936.639897,
          "N" : 466410
        },
        "bw_min" : 143488,
        "bw_max" : 167835,
        "bw_agg" : 59.012165,
        "bw_mean" : 156042.636364,
        "bw_dev" : 7845.883765,
        "bw_samples" : 11,
        "iops_min" : 35871,
        "iops_max" : 41958,
        "iops_mean" : 39010.636364,
        "iops_stddev" : 1961.557507,
        "iops_samples" : 11
      },
      "write" : {
        "io_bytes" : 1907806208,
        "io_kbytes" : 1863092,
        "bw_bytes" : 160495180,
        "bw" : 156733,
        "iops" : 39183.393623,
        "runtime" : 11887,
        "total_ios" : 465773,
        "short_ios" : 0,
        "drop_ios" : 0,
        "slat_ns" : {
          "min" : 1060,
          "max" : 55250,
          "mean" : 3241.152576,
          "stddev" : 1212.116899,
          "N" : 465773
        },
        "clat_ns" : {
          "min" : 260,
          "max" : 299170,
          "mean" : 14617.437307,
          "stddev" : 8037.977244,
          "N" : 465773,
          "percentile" : {
            "1.000000" : 5984,
            "5.000000" : 6496,
            "10.000000" : 7520,
            "20.000000" : 9024,
            "30.000000" : 9792,
            "40.000000" : 9920,
            "50.000000" : 11072,
            "60.000000" : 13504,
            "70.000000" : 16192,
            "80.000000" : 20352,
            "90.000000" : 28288,
            "95.000000" : 31616,
            "99.000000" : 38144,
            "99.500000" : 41728,
            "99.900000" : 49920,
            "99.950000" : 52992,
            "99.990000" : 62208
          }
        },
        "lat_ns" : {
          "min" : 6780,
          "max" : 302060,
          "mean" : 17858.589884,
          "stddev" : 8261.281615,
          "N" : 465773
        },
        "bw_min" : 142432,
        "bw_max" : 167675,
        "bw_agg" : 58.939122,
        "bw_mean" : 155862.818182,
        "bw_dev" : 8050.740026,
        "bw_samples" : 11,
        "iops_min" : 35608,
        "iops_max" : 41918,
        "iops_mean" : 38965.454545,
        "iops_stddev" : 2012.700542,
        "iops_samples" : 11
      },
      "trim" : {
        "io_bytes" : 0,
        "io_kbytes" : 0,
        "bw_bytes" : 0,
        "bw" : 0,
        "iops" : 0.000000,
        "runtime" : 0,
        "total_ios" : 0,
        "short_ios" : 0,
        "drop_ios" : 0,
        "slat_ns" : {
          "min" : 0,
          "max" : 0,
          "mean" : 0.000000,
          "stddev" : 0.000000,
          "N" : 0
        },
        "clat_ns" : {
          "min" : 0,
          "max" : 0,
          "mean" : 0.000000,
          "stddev" : 0.000000,
          "N" : 0
        },
        "lat_ns" : {
          "min" : 0,
          "max" : 0,
          "mean" : 0.000000,
          "stddev" : 0.000000,
          "N" : 0
        },
        "bw_min" : 0,
        "bw_max" : 0,
        "bw_agg" : 0.000000,
        "bw_mean" : 0.000000,
        "bw_dev" : 0.000000,
        "bw_samples" : 0,
        "iops_min" : 0,
        "iops_max" : 0,
        "iops_mean" : 0.000000,
        "iops_stddev" : 0.000000,
        "iops_samples" : 0
      },
      "sync" : {
        "total_ios" : 0,
        "lat_ns" : {
          "min" : 0,
          "max" : 0,
          "mean" : 0.000000,
          "stddev" : 0.000000,
          "N" : 0
        }
      },
      "job_runtime" : 11886,
      "usr_cpu" : 15.101800,
      "sys_cpu" : 32.879017,
      "ctx" : 318141,
      "majf" : 0,
      "minf" : 39,
      "iodepth_level" : {
        "1" : 0.100000,
        "2" : 0.100000,
        "4" : 0.100000,
        "8" : 0.100000,
        "16" : 99.998391,
        "32" : 0.000000,
        ">=64" : 0.000000
      },
      "iodepth_submit" : {
        "0" : 0.000000,
        "4" : 100.000000,
        "8" : 0.000000,
        "16" : 0.000000,
        "32" : 0.000000,
        "64" : 0.000000,
        ">=64" : 0.000000
      },
      "iodepth_complete" : {
        "0" : 0.000000,
        "4" : 99.999893,
        "8" : 0.000000,
        "16" : 0.100000,
        "32" : 0.000000,
        "64" : 0.000000,
        ">=64" : 0.000000
      },
      "latency_ns" : {
        "2" : 0.000000,
        "4" : 0.000000,
        "10" : 0.000000,
        "20" : 0.000000,
        "50" : 0.000000,
        "100" : 0.000000,
        "250" : 0.000000,
        "500" : 0.010000,
        "750" : 0.000000,
        "1000" : 0.010000
      },
      "latency_us" : {
        "2" : 0.010000,
        "4" : 0.010000,
        "10" : 20.575145,
        "20" : 19.132617,
        "50" : 10.206472,
        "100" : 6.268833,
        "250" : 22.567994,
        "500" : 10.639971,
        "750" : 2.973129,
        "1000" : 2.435466
      },
      "latency_ms" : {
        "2" : 4.858274,
        "4" : 0.327725,
        "10" : 0.010000,
        "20" : 0.000000,
        "50" : 0.000000,
        "100" : 0.000000,
        "250" : 0.000000,
        "500" : 0.000000,
        "750" : 0.000000,
        "1000" : 0.000000,
        "2000" : 0.000000,
        ">=2000" : 0.000000
      },
      "latency_depth" : 16,
      "latency_target" : 0,
      "latency_percentile" : 100.000000,
      "latency_window" : 0,
      "steadystate" : {
        "ss" : "iops:10.000000%",
        "duration" : 10,
        "attained" : 1,
        "criterion" : "7.513412%",
        "max_deviation" : 5890.200000,
        "slope" : 0.000000,
        "data" : {
          "bw_mean" : 321110567,
          "iops_mean" : 78395,