{
  "fio version" : "fio-3.33",
  "timestamp" : 1687939941,
  "timestamp_ms" : 1687939941625,
  "time" : "Wed Jun 28 08:12:21 2023",
  "jobs" : [
    {
      "jobname" : "FIOJOB",
      "groupid" : 0,
      "error" : 0,
      "eta" : 0,
      "elapsed" : 13,
      "job options" : {
        "ioengine" : "io_uring",
        "rw" : "randrw",
        "bs" : "4k",
        "iodepth" : "16",
        "numjobs" : "1",
        "rwmixread" : "50",
        "runtime" : "60",
        "loops" : "1",
        "direct" : "1",
        "steadystate" : "iops:10%%",
        "steadystate_duration" : "10",
        "steadystate_ramp_time" : "1",
        "log_avg_msec" : "1000",
        "invalidate" : "1",
        "write_bw_log" : "/home/user/benchmarks/4096s/1x/nvme2n1/randrw50/4k/randrw-iodepth-16-numjobs-1",
        "write_lat_log" : "/home/user/benchmarks/4096s/1x/nvme2n1/randrw50/4k/randrw-iodepth-16-numjobs-1",
        "write_iops_log" : "/home/user/benchmarks/4096s/1x/nvme2n1/randrw50/4k/randrw-iodepth-16-numjobs-1",
        "filename" : "/dev/nvme2n1"
      },
      "read" : {
        "io_bytes" : 2529468416,
        "io_kbytes" : 2470184,
        "bw_bytes" : 212810736,
        "bw" : 207822,
        "iops" : 51955.746256,
        "runtime" : 11886,
        "total_ios" : 617546,
        "short_ios" : 0,
        "drop_ios" : 0,
        "slat_ns" : {
          "min" : 950,
          "max" : 39220,
          "mean" : 2911.423761,
          "stddev" : 1128.573297,
          "N" : 617546
        },
        "clat_ns" : {
          "min" : 43460,
          "max" : 7872840,
          "mean" : 283891.316809,
          "stddev" : 292206.812494,
          "N" : 617546,
          "percentile" : {
            "1.000000" : 66048,
            "5.000000" : 79360,
            "10.000000" : 91648,
            "20.000000" : 119296,
            "30.000000" : 148480,
            "40.000000" : 183296,
            "50.000000" : 220160,
            "60.000000" : 252928,
            "70.000000" : 292864,
            "80.000000" : 342016,
            "90.000000" : 444416,
            "95.000000" : 765952,
            "99.000000" : 1728512,
            "99.500000" : 1925120,
            "99.900000" : 2473984,
            "99.950000" : 2899968,
            "99.990000" : 3784704
          }
        },
        "lat_ns" : {
          "min" : 45940,
          "max" : 7875320,
          "mean" : 286802.740570,
          "stddev" : 292164.046607,
          "N" : 617546
        },
        "bw_min" : 193181,
        "bw_max" : 218798,
        "bw_agg" : 100.000000,
        "bw_mean" : 208385.090909,
        "bw_dev" : 7744.659314,
        "bw_samples" : 11,
        "iops_min" : 48295,
        "iops_max" : 54699,
        "iops_mean" : 52096.363636,
        "iops_stddev" : 1936.211831,
        "iops_samples" : 11
      },
      "write" : {
        "io_bytes" : 2526806016,
        "io_kbytes" : 2467584,
        "bw_bytes" : 212586742,
        "bw" : 207604,
        "iops" : 51901.060071,
        "runtime" : 11886,
        "total_ios" : 616896,
        "short_ios" : 0,
        "drop_ios" : 0,
        "slat_ns" : {
          "min" : 1040,
          "max" : 41150,
          "mean" : 3274.893194,
          "stddev" : 1189.737374,
          "N" : 616896
        },
        "clat_ns" : {
          "min" : 171,
          "max" : 515000,
          "mean" : 15666.516419,
          "stddev" : 8203.320028,
          "N" : 616896,
          "percentile" : {
            "1.000000" : 6048,
            "5.000000" : 7008,
            "10.000000" : 7840,
            "20.000000" : 9280,
            "30.000000" : 9920,
            "40.000000" : 11200,
            "50.000000" : 12864,
            "60.000000" : 15296,
            "70.000000" : 17792,
            "80.000000" : 21632,
            "90.000000" : 29056,
            "95.000000" : 33024,
            "99.000000" : 39168,
            "99.500000" : 42752,
            "99.900000" : 49920,
            "99.950000" : 52992,
            "99.990000" : 60672
          }
        },
        "lat_ns" : {
          "min" : 6560,
          "max" : 518390,
          "mean" : 18941.409614,
          "stddev" : 8459.518888,
          "N" : 616896
        },
        "bw_min" : 193537,
        "bw_max" : 218206,
        "bw_agg" : 100.000000,
        "bw_mean" : 208082.909091,
        "bw_dev" : 7538.543831,
        "bw_samples" : 11,
        "iops_min" : 48384,
        "iops_max" : 54551,
        "iops_mean" : 52020.545455,
        "iops_stddev" : 1884.638552,
        "iops_samples" : 11
      },
      "trim" : {
        "io_bytes" : 0,
        "io_kbytes" : 0,
        "bw_bytes" : 0,
        "bw" : 0,
        "iops" : 0.000000,
        "runtime" : 0,
        "total_ios" : 0,
        "short_ios" : 0,
        "drop_ios" : 0,
        "slat_ns" : {
          "min" : 0,
          "max" : 0,
          "mean" : 0.000000,
          "stddev" : 0.000000,
          "N" : 0
        },
        "clat_ns" : {
          "min" : 0,
          "max" : 0,
          "mean" : 0.000000,
          "stddev" : 0.000000,
          "N" : 0
        },
        "lat_ns" : {
          "min" : 0,
          "max" : 0,
          "mean" : 0.000000,
          "stddev" : 0.000000,
          "N" : 0
        },
        "bw_min" : 0,
        "bw_max" : 0,
        "bw_agg" : 0.000000,
        "bw_mean" : 0.000000,
        "bw_dev" : 0.000000,
        "bw_samples" : 0,
        "iops_min" : 0,
        "iops_max" : 0,
        "iops_mean" : 0.000000,
        "iops_stddev" : 0.000000,
        "iops_samples" : 0
      },
      "sync" : {
        "total_ios" : 0,
        "lat_ns" : {
          "min" : 0,
          "max" : 0,
          "mean" : 0.000000,
          "stddev" : 0.000000,
          "N" : 0
        }
      },
      "job_runtime" : 11885,
      "usr_cpu" : 19.267985,
      "sys_cpu" : 41.724863,
      "ctx" : 336305,
      "majf" : 0,
      "minf" : 41,
      "iodepth_level" : {
        "1" : 0.100000,
        "2" : 0.100000,
        "4" : 0.100000,
        "8" : 0.100000,
        "16" : 99.998785,
        "32" : 0.000000,
        ">=64" : 0.000000
      },
      "iodepth_submit" : {
        "0" : 0.000000,
        "4" : 100.000000,
        "8" : 0.000000,
        "16" : 0.000000,
        "32" : 0.000000,
        "64" : 0.000000,
        ">=64" : 0.000000
      },
      "iodepth_complete" : {
        "0" : 0.000000,
        "4" : 99.999919,
        "8" : 0.000000,
        "16" : 0.100000,
        "32" : 0.000000,
        "64" : 0.000000,
        ">=64" : 0.000000
      },
      "latency_ns" : {
        "2" : 0.000000,
        "4" : 0.000000,
        "10" : 0.000000,
        "20" : 0.000000,
        "50" : 0.000000,
        "100" : 0.000000,
        "250" : 0.010000,
        "500" : 0.010000,
        "750" : 0.010000,
        "1000" : 0.010000
      },
      "latency_us" : {
        "2" : 0.010000,
        "4" : 0.010000,
        "10" : 16.177026,
        "20" : 21.984913,
        "50" : 11.758673,
        "100" : 6.592452,
        "250" : 22.917642,
        "500" : 16.535811,
        "750" : 1.477267,
        "1000" : 0.745762
      },
      "latency_ms" : {
        "2" : 1.614252,
        "4" : 0.188425,
        "10" : 0.010000,
        "20" : 0.000000,
        "50" : 0.000000,
        "100" : 0.000000,
        "250" : 0.000000,
        "500" : 0.000000,
        "750" : 0.000000,
        "1000" : 0.000000,
        "2000" : 0.000000,
        ">=2000" : 0.000000
      },
      "latency_depth" : 16,
      "latency_target" : 0,
      "latency_percentile" : 100.000000,
      "latency_window" : 0,
      "steadystate" : {
        "ss" : "iops:10.000000%",
        "duration" : 10,
        "attained" : 1,
        "criterion" : "5.157443%",
        "max_deviation" : 5390.100000,
        "slope" : 0.000000,
        "data" : {
          "bw_mean" : 428079218,
          "iops_mean" : 104511,