{
  "fio version" : "fio-3.33",
  "timestamp" : 1687938866,
  "timestamp_ms" : 1687938866417,
  "time" : "Wed Jun 28 07:54:26 2023",
  "jobs" : [
    {
      "jobname" : "FIOJOB",
      "groupid" : 0,
      "error" : 0,
      "eta" : 0,
      "elapsed" : 20,
      "job options" : {
        "ioengine" : "io_uring",
        "rw" : "randrw",
        "bs" : "4k",
        "iodepth" : "8",
        "numjobs" : "1",
        "rwmixread" : "5",
        "runtime" : "60",
        "loops" : "1",
        "direct" : "1",
        "steadystate" : "iops:10%%",
        "steadystate_duration" : "10",
        "steadystate_ramp_time" : "1",
        "log_avg_msec" : "1000",
        "invalidate" : "1",
        "write_bw_log" : "/home/user/benchmarks/4096s/1x/nvme2n1/randrw5/4k/randrw-iodepth-8-numjobs-1",
        "write_lat_log" : "/home/user/benchmarks/4096s/1x/nvme2n1/randrw5/4k/randrw-iodepth-8-numjobs-1",
        "write_iops_log" : "/home/user/benchmarks/4096s/1x/nvme2n1/randrw5/4k/randrw-iodepth-8-numjobs-1",
        "filename" : "/dev/nvme2n1"
      },
      "read" : {
        "io_bytes" : 805011456,
        "io_kbytes" : 786144,
        "bw_bytes" : 42620259,
        "bw" : 41621,
        "iops" : 10405.336722,
        "runtime" : 18888,
        "total_ios" : 196536,
        "short_ios" : 0,
        "drop_ios" : 0,
        "slat_ns" : {
          "min" : 930,
          "max" : 14950,
          "mean" : 1519.458303,
          "stddev" : 543.532767,
          "N" : 196536
        },
        "clat_ns" : {
          "min" : 41591,
          "max" : 9860949,
          "mean" : 499888.392437,
          "stddev" : 624849.060124,
          "N" : 196536,
          "percentile" : {
            "1.000000" : 61696,
            "5.000000" : 66048,
            "10.000000" : 72192,
            "20.000000" : 88576,
            "30.000000" : 113152,
            "40.000000" : 144384,
            "50.000000" : 189440,
            "60.000000" : 288768,
            "70.000000" : 522240,
            "80.000000" : 888832,
            "90.000000" : 1449984,
            "95.000000" : 1777664,
            "99.000000" : 2703360,
            "99.500000" : 3063808,
            "99.900000" : 4079616,
            "99.950000" : 4685824,
            "99.990000" : 6717440
          }
        },
        "lat_ns" : {
          "min" : 43610,
          "max" : 9861939,
          "mean" : 501407.850740,
          "stddev" : 624795.041718,
          "N" : 196536
        },
        "bw_min" : 33001,
        "bw_max" : 44528,
        "bw_agg" : 99.924686,
        "bw_mean" : 41590.500000,
        "bw_dev" : 3709.711234,
        "bw_samples" : 18,
        "iops_min" : 8250,
        "iops_max" : 11132,
        "iops_mean" : 10397.277778,
        "iops_stddev" : 927.384672,
        "iops_samples" : 18
      },
      "write" : {
        "io_bytes" : 15271354368,
        "io_kbytes" : 14913432,
        "bw_bytes" : 808521514,
        "bw" : 789571,
        "iops" : 197392.947903,
        "runtime" : 18888,
        "total_ios" : 3728358,
        "short_ios" : 0,
        "drop_ios" : 0,
        "slat_ns" : {
          "min" : 980,
          "max" : 35010,
          "mean" : 1642.141633,
          "stddev" : 561.838822,
          "N" : 3728358
        },
        "clat_ns" : {
          "min" : 140,
          "max" : 4880160,
          "mean" : 11938.322593,
          "stddev" : 39896.507602,
          "N" : 3728358,
          "percentile" : {
            "1.000000" : 5088,
            "5.000000" : 5280,
            "10.000000" : 5856,
            "20.000000" : 6624,
            "30.000000" : 7200,
            "40.000000" : 7648,
            "50.000000" : 8160,
            "60.000000" : 9280,
            "70.000000" : 10432,
            "80.000000" : 12864,
            "90.000000" : 26752,
            "95.000000" : 30080,
            "99.000000" : 31616,
            "99.500000" : 33536,
            "99.900000" : 66048,
            "99.950000" : 1138688,
            "99.990000" : 1925120
          }
        },
        "lat_ns" : {
          "min" : 5830,
          "max" : 4881260,
          "mean" : 13580.464226,
          "stddev" : 39902.425231,
          "N" : 3728358
        },
        "bw_min" : 622534,
        "bw_max" : 840508,
        "bw_agg" : 99.912637,
        "bw_mean" : 788882.777778,
        "bw_dev" : 68669.798605,
        "bw_samples" : 18,
        "iops_min" : 155633,
        "iops_max" : 210127,
        "iops_mean" : 197220.277778,
        "iops_stddev" : 17168.023316,
        "iops_samples" : 18
      },
      "trim" : {
        "io_bytes" : 0,
        "io_kbytes" : 0,
        "bw_bytes" : 0,
        "bw" : 0,
        "iops" : 0.000000,
        "runtime" : 0,
        "total_ios" : 0,
        "short_ios" : 0,
        "drop_ios" : 0,
        "slat_ns" : {
          "min" : 0,
          "max" : 0,
          "mean" : 0.000000,
          "stddev" : 0.000000,
          "N" : 0
        },
        "clat_ns" : {
          "min" : 0,
          "max" : 0,
          "mean" : 0.000000,
          "stddev" : 0.000000,
          "N" : 0
        },
        "lat_ns" : {
          "min" : 0,
          "max" : 0,
          "mean" : 0.000000,
          "stddev" : 0.000000,
          "N" : 0
        },
        "bw_min" : 0,
        "bw_max" : 0,
        "bw_agg" : 0.000000,
        "bw_mean" : 0.000000,
        "bw_dev" : 0.000000,
        "bw_samples" : 0,
        "iops_min" : 0,
        "iops_max" : 0,
        "iops_mean" : 0.000000,
        "iops_stddev" : 0.000000,
        "iops_samples" : 0
      },
      "sync" : {
        "total_ios" : 0,
        "lat_ns" : {
          "min" : 0,
          "max" : 0,
          "mean" : 0.000000,
          "stddev" : 0.000000,
          "N" : 0
        }
      },
      "job_runtime" : 18887,
      "usr_cpu" : 18.075925,
      "sys_cpu" : 39.265103,
      "ctx" : 956005,
      "majf" : 0,
      "minf" : 41,
      "iodepth_level" : {
        "1" : 0.100000,
        "2" : 0.100000,
        "4" : 0.100000,
        "8" : 99.999822,
        "16" : 0.000000,
        "32" : 0.000000,
        ">=64" : 0.000000
      },
      "iodepth_submit" : {
        "0" : 0.000000,
        "4" : 100.000000,
        "8" : 0.000000,
        "16" : 0.000000,
        "32" : 0.000000,
        "64" : 0.000000,
        ">=64" : 0.000000
      },
      "iodepth_complete" : {
        "0" : 0.000000,
        "4" : 99.999975,
        "8" : 0.100000,
        "16" : 0.000000,
        "32" : 0.000000,
        "64" : 0.000000,
        ">=64" : 0.000000
      },
      "latency_ns" : {
        "2" : 0.000000,
        "4" : 0.000000,
        "10" : 0.000000,
        "20" : 0.000000,
        "50" : 0.000000,
        "100" : 0.000000,
        "250" : 0.010000,
        "500" : 0.010000,
        "750" : 0.000000,
        "1000" : 0.000000
      },
      "latency_us" : {
        "2" : 0.011873,
        "4" : 0.015083,
        "10" : 61.204048,
        "20" : 23.290209,
        "50" : 10.365223,
        "100" : 1.259550,
        "250" : 1.636426,
        "500" : 0.614564,
        "750" : 0.381539,
        "1000" : 0.277638
      },
      "latency_ms" : {
        "2" : 0.777346,
        "4" : 0.159138,
        "10" : 0.010000,
        "20" : 0.000000,
        "50" : 0.000000,
        "100" : 0.000000,
        "250" : 0.000000,
        "500" : 0.000000,
        "750" : 0.000000,
        "1000" : 0.000000,
        "2000" : 0.000000,
        ">=2000" : 0.000000
      },
      "latency_depth" : 8,
      "latency_target" : 0,
      "latency_percentile" : 100.000000,
      "latency_window" : 0,
      "steadystate" : {
        "ss" : "iops:10.000000%",
        "duration" : 10,
        "attained" : 1,
        "criterion" : "4.271599%",
        "max_deviation" : 9236.500000,
        "slope" : 0.000000,
        "data" : {
          "bw_mean" : 885681472,
          "iops_mean" : 216230,