{
  "fio version" : "fio-3.33",
  "timestamp" : 1687936995,
  "timestamp_ms" : 1687936995721,
  "time" : "Wed Jun 28 07:23:15 2023",
  "jobs" : [
    {
      "jobname" : "FIOJOB",
      "groupid" : 0,
      "error" : 0,
      "eta" : 0,
      "elapsed" : 25,
      "job options" : {
        "ioengine" : "io_uring",
        "rw" : "randrw",
        "bs" : "4k",
        "iodepth" : "2",
        "numjobs" : "2",
        "rwmixread" : "5",
        "runtime" : "60",
        "loops" : "1",
        "direct" : "1",
        "steadystate" : "iops:10%%",
        "steadystate_duration" : "10",
        "steadystate_ramp_time" : "1",
        "log_avg_msec" : "1000",
        "invalidate" : "1",
        "write_bw_log" : "/home/user/benchmarks/4096s/1x/nvme2n1/randrw5/4k/randrw-iodepth-2-numjobs-2",
        "write_lat_log" : "/home/user/benchmarks/4096s/1x/nvme2n1/randrw5/4k/randrw-iodepth-2-numjobs-2",
        "write_iops_log" : "/home/user/benchmarks/4096s/1x/nvme2n1/randrw5/4k/randrw-iodepth-2-numjobs-2",
        "filename" : "/dev/nvme2n1"
      },
      "read" : {
        "io_bytes" : 374161408,
        "io_kbytes" : 365392,
        "bw_bytes" : 15663809,
        "bw" : 15296,
        "iops" : 3824.172144,
        "runtime" : 23887,
        "total_ios" : 91348,
        "short_ios" : 0,
        "drop_ios" : 0,
        "slat_ns" : {
          "min" : 989,
          "max" : 33810,
          "mean" : 3299.450639,
          "stddev" : 1080.545046,
          "N" : 91348
        },
        "clat_ns" : {
          "min" : 40130,
          "max" : 6503029,
          "mean" : 254169.665608,
          "stddev" : 423532.929320,
          "N" : 91348,
          "percentile" : {
            "1.000000" : 59136,
            "5.000000" : 61184,
            "10.000000" : 63232,
            "20.000000" : 66048,
            "30.000000" : 70144,
            "40.000000" : 75264,
            "50.000000" : 81408,
            "60.000000" : 97792,
            "70.000000" : 117248,
            "80.000000" : 228352,
            "90.000000" : 806912,
            "95.000000" : 1318912,
            "99.000000" : 1859584,
            "99.500000" : 2146304,
            "99.900000" : 2965504,
            "99.950000" : 3457024,
            "99.990000" : 5144576
          }
        },
        "lat_ns" : {
          "min" : 44500,
          "max" : 6505479,
          "mean" : 257469.116248,
          "stddev" : 423420.440238,
          "N" : 91348
        },
        "bw_min" : 9969,
        "bw_max" : 18324,
        "bw_agg" : 68.040540,
        "bw_mean" : 15176.869565,
        "bw_dev" : 2440.181947,
        "bw_samples" : 23,
        "iops_min" : 2492,
        "iops_max" : 4581,
        "iops_mean" : 3793.956522,
        "iops_stddev" : 610.050481,
        "iops_samples" : 23
      },
      "write" : {
        "io_bytes" : 7103950848,
        "io_kbytes" : 6937452,
        "bw_bytes" : 297398201,
        "bw" : 290427,
        "iops" : 72606.982878,
        "runtime" : 23887,
        "total_ios" : 1734363,
        "short_ios" : 0,
        "drop_ios" : 0,
        "slat_ns" : {
          "min" : 1000,
          "max" : 51070,
          "mean" : 3531.703433,
          "stddev" : 1059.885954,
          "N" : 1734363
        },
        "clat_ns" : {
          "min" : 260,
          "max" : 2035640,
          "mean" : 9526.276238,
          "stddev" : 6903.687747,
          "N" : 1734363,
          "percentile" : {
            "1.000000" : 5600,
            "5.000000" : 5792,
            "10.000000" : 5920,
            "20.000000" : 6048,
            "30.000000" : 6112,
            "40.000000" : 7520,
            "50.000000" : 8896,
            "60.000000" : 9536,
            "70.000000" : 9792,
            "80.000000" : 11200,
            "90.000000" : 15936,
            "95.000000" : 16768,
            "99.000000" : 30080,
            "99.500000" : 30592,
            "99.900000" : 31616,
            "99.950000" : 32128,
            "99.990000" : 41216
          }
        },
        "lat_ns" : {
          "min" : 6090,
          "max" : 2038069,
          "mean" : 13057.979671,
          "stddev" : 6639.750342,
          "N" : 1734363
        },
        "bw_min" : 190598,
        "bw_max" : 346700,
        "bw_agg" : 67.939548,
        "bw_mean" : 288025.869565,
        "bw_dev" : 46668.836877,
        "bw_samples" : 23,
        "iops_min" : 47649,
        "iops_max" : 86674,
        "iops_mean" : 72006.217391,
        "iops_stddev" : 11667.138139,
        "iops_samples" : 23
      },
      "trim" : {
        "io_bytes" : 0,
        "io_kbytes" : 0,
        "bw_bytes" : 0,
        "bw" : 0,
        "iops" : 0.000000,
        "runtime" : 0,
        "total_ios" : 0,
        "short_ios" : 0,
        "drop_ios" : 0,
        "slat_ns" : {
          "min" : 0,
          "max" : 0,
          "mean" : 0.000000,
          "stddev" : 0.000000,
          "N" : 0
        },
        "clat_ns" : {
          "min" : 0,
          "max" : 0,
          "mean" : 0.000000,
          "stddev" : 0.000000,
          "N" : 0
        },
        "lat_ns" : {
          "min" : 0,
          "max" : 0,
          "mean" : 0.000000,
          "stddev" : 0.000000,
          "N" : 0
        },
        "bw_min" : 0,
        "bw_max" : 0,
        "bw_agg" : 0.000000,
        "bw_mean" : 0.000000,
        "bw_dev" : 0.000000,
        "bw_samples" : 0,
        "iops_min" : 0,
        "iops_max" : 0,
        "iops_mean" : 0.000000,
        "iops_stddev" : 0.000000,
        "iops_samples" : 0
      },
      "sync" : {
        "total_ios" : 0,
        "lat_ns" : {
          "min" : 0,
          "max" : 0,
          "mean" : 0.000000,
          "stddev" : 0.000000,
          "N" : 0
        }
      },
      "job_runtime" : 23886,
      "usr_cpu" : 14.037512,
      "sys_cpu" : 37.184962,
      "ctx" : 838808,
      "majf" : 0,
      "minf" : 44,
      "iodepth_level" : {
        "1" : 0.100000,
        "2" : 99.999945,
        "4" : 0.000000,
        "8" : 0.000000,
        "16" : 0.000000,
        "32" : 0.000000,
        ">=64" : 0.000000
      },
      "iodepth_submit" : {
        "0" : 0.000000,
        "4" : 100.000000,
        "8" : 0.000000,
        "16" : 0.000000,
        "32" : 0.000000,
        "64" : 0.000000,
        ">=64" : 0.000000
      },
      "iodepth_complete" : {
        "0" : 0.000000,
        "4" : 100.000000,
        "8" : 0.000000,
        "16" : 0.000000,
        "32" : 0.000000,
        "64" : 0.000000,
        ">=64" : 0.000000
      },
      "latency_ns" : {
        "2" : 0.000000,
        "4" : 0.000000,
        "10" : 0.000000,
        "20" : 0.000000,
        "50" : 0.000000,
        "100" : 0.000000,
        "250" : 0.000000,
        "500" : 0.012926,
        "750" : 0.010000,
        "1000" : 0.010000
      },
      "latency_us" : {
        "2" : 0.010000,
        "4" : 0.010000,
        "10" : 68.916384,
        "20" : 23.349150,
        "50" : 2.723323,
        "100" : 3.081923,
        "250" : 0.943359,
        "500" : 0.271401,
        "750" : 0.165634,
        "1000" : 0.133263
      },
      "latency_ms" : {
        "2" : 0.364844,
        "4" : 0.034014,
        "10" : 0.010000,
        "20" : 0.000000,
        "50" : 0.000000,
        "100" : 0.000000,
        "250" : 0.000000,
        "500" : 0.000000,
        "750" : 0.000000,
        "1000" : 0.000000,
        "2000" : 0.000000,
        ">=2000" : 0.000000
      },
      "latency_depth" : 2,
      "latency_target" : 0,
      "latency_percentile" : 100.000000,
      "latency_window" : 0,
      "steadystate" : {
        "ss" : "iops:10.000000%",
        "duration" : 10,
        "attained" : 1,
        "criterion" : "9.718022%",
        "max_deviation" : 8613.200000,
        "slope" : 0.000000,
        "data" : {
          "bw_mean" : 363035053,
          "iops_mean" : 88631,