{
  "fio version" : "fio-3.33",
  "timestamp" : 1687942389,
  "timestamp_ms" : 1687942389866,
  "time" : "Wed Jun 28 08:53:09 2023",
  "jobs" : [
    {
      "jobname" : "FIOJOB",
      "groupid" : 0,
      "error" : 0,
      "eta" : 0,
      "elapsed" : 60,
      "job options" : {
        "ioengine" : "io_uring",
        "rw" : "randrw",
        "bs" : "4k",
        "iodepth" : "64",
        "numjobs" : "2",
        "rwmixread" : "5",
        "runtime" : "60",
        "loops" : "1",
        "direct" : "1",
        "steadystate" : "iops:10%%",
        "steadystate_duration" : "10",
        "steadystate_ramp_time" : "1",
        "log_avg_msec" : "1000",
        "invalidate" : "1",
        "write_bw_log" : "/home/user/benchmarks/4096s/1x/nvme2n1/randrw5/4k/randrw-iodepth-64-numjobs-2",
        "write_lat_log" : "/home/user/benchmarks/4096s/1x/nvme2n1/randrw5/4k/randrw-iodepth-64-numjobs-2",
        "write_iops_log" : "/home/user/benchmarks/4096s/1x/nvme2n1/randrw5/4k/randrw-iodepth-64-numjobs-2",
        "filename" : "/dev/nvme2n1"
      },
      "read" : {
        "io_bytes" : 789901312,
        "io_kbytes" : 771388,
        "bw_bytes" : 13413620,
        "bw" : 13099,
        "iops" : 3274.809808,
        "runtime" : 58888,
        "total_ios" : 192847,
        "short_ios" : 0,
        "drop_ios" : 0,
        "slat_ns" : {
          "min" : 900,
          "max" : 37140,
          "mean" : 1961.917240,
          "stddev" : 785.452423,
          "N" : 192847
        },
        "clat_ns" : {
          "min" : 44200,
          "max" : 217407927,
          "mean" : 2523061.180625,
          "stddev" : 8404692.884820,
          "N" : 192847,
          "percentile" : {
            "1.000000" : 64768,
            "5.000000" : 78336,
            "10.000000" : 97792,
            "20.000000" : 144384,
            "30.000000" : 246784,
            "40.000000" : 528384,
            "50.000000" : 880640,
            "60.000000" : 1253376,
            "70.000000" : 1613824,
            "80.000000" : 2056192,
            "90.000000" : 2932736,
            "95.000000" : 7110656,
            "99.000000" : 44826624,
            "99.500000" : 63176704,
            "99.900000" : 100139008,
            "99.950000" : 114819072,
            "99.990000" : 154140672
          }
        },
        "lat_ns" : {
          "min" : 45890,
          "max" : 217410767,
          "mean" : 2525023.097865,
          "stddev" : 8404834.649053,
          "N" : 192847
        },
        "bw_min" : 696,
        "bw_max" : 36384,
        "bw_agg" : 48.922736,
        "bw_mean" : 12821.482759,
        "bw_dev" : 13797.707291,
        "bw_samples" : 58,
        "iops_min" : 174,
        "iops_max" : 9096,
        "iops_mean" : 3205.051724,
        "iops_stddev" : 3449.466628,
        "iops_samples" : 58
      },
      "write" : {
        "io_bytes" : 14986592256,
        "io_kbytes" : 14635344,
        "bw_bytes" : 254493143,
        "bw" : 248528,
        "iops" : 62132.115202,
        "runtime" : 58888,
        "total_ios" : 3658836,
        "short_ios" : 0,
        "drop_ios" : 0,
        "slat_ns" : {
          "min" : 960,
          "max" : 50200,
          "mean" : 2109.769220,
          "stddev" : 819.976964,
          "N" : 3658836
        },
        "clat_ns" : {
          "min" : 101150,
          "max" : 811250031,
          "mean" : 894113.183382,
          "stddev" : 3871074.116212,
          "N" : 3658836,
          "percentile" : {
            "1.000000" : 173056,
            "5.000000" : 250880,
            "10.000000" : 272384,
            "20.000000" : 296960,
            "30.000000" : 317440,
            "40.000000" : 329728,
            "50.000000" : 346112,
            "60.000000" : 362496,
            "70.000000" : 391168,
            "80.000000" : 505856,
            "90.000000" : 2441216,
            "95.000000" : 4554752,
            "99.000000" : 7241728,
            "99.500000" : 8355840,
            "99.900000" : 13041664,
            "99.950000" : 15663104,
            "99.990000" : 24248320
          }
        },
        "lat_ns" : {
          "min" : 102770,
          "max" : 811253021,
          "mean" : 896222.952602,
          "stddev" : 3871189.928898,
          "N" : 3658836
        },
        "bw_min" : 11748,
        "bw_max" : 681200,
        "bw_agg" : 48.893812,
        "bw_mean" : 243251.293103,
        "bw_dev" : 261604.358287,
        "bw_samples" : 58,
        "iops_min" : 2937,
        "iops_max" : 170300,
        "iops_mean" : 60812.500000,
        "iops_stddev" : 65401.064474,
        "iops_samples" : 58
      },
      "trim" : {
        "io_bytes" : 0,
        "io_kbytes" : 0,
        "bw_bytes" : 0,
        "bw" : 0,
        "iops" : 0.000000,
        "runtime" : 0,
        "total_ios" : 0,
        "short_ios" : 0,
        "drop_ios" : 0,
        "slat_ns" : {
          "min" : 0,
          "max" : 0,
          "mean" : 0.000000,
          "stddev" : 0.000000,
          "N" : 0
        },
        "clat_ns" : {
          "min" : 0,
          "max" : 0,
          "mean" : 0.000000,
          "stddev" : 0.000000,
          "N" : 0
        },
        "lat_ns" : {
          "min" : 0,
          "max" : 0,
          "mean" : 0.000000,
          "stddev" : 0.000000,
          "N" : 0
        },
        "bw_min" : 0,
        "bw_max" : 0,
        "bw_agg" : 0.000000,
        "bw_mean" : 0.000000,
        "bw_dev" : 0.000000,
        "bw_samples" : 0,
        "iops_min" : 0,
        "iops_max" : 0,
        "iops_mean" : 0.000000,
        "iops_stddev" : 0.000000,
        "iops_samples" : 0
      },
      "sync" : {
        "total_ios" : 0,
        "lat_ns" : {
          "min" : 0,
          "max" : 0,
          "mean" : 0.000000,
          "stddev" : 0.000000,
          "N" : 0
        }
      },
      "job_runtime" : 58887,
      "usr_cpu" : 8.264982,
      "sys_cpu" : 18.795320,
      "ctx" : 1274089,
      "majf" : 0,
      "minf" : 44,
      "iodepth_level" : {
        "1" : 0.100000,
        "2" : 0.100000,
        "4" : 0.100000,
        "8" : 0.100000,
        "16" : 0.100000,
        "32" : 0.100000,
        ">=64" : 99.998364
      },
      "iodepth_submit" : {
        "0" : 0.000000,
        "4" : 100.000000,
        "8" : 0.000000,
        "16" : 0.000000,
        "32" : 0.000000,
        "64" : 0.000000,
        ">=64" : 0.000000
      },
      "iodepth_complete" : {
        "0" : 0.000000,
        "4" : 99.999974,
        "8" : 0.000000,
        "16" : 0.000000,
        "32" : 0.000000,
        "64" : 0.100000,
        ">=64" : 0.000000
      },
      "latency_ns" : {
        "2" : 0.000000,
        "4" : 0.000000,
        "10" : 0.000000,
        "20" : 0.000000,
        "50" : 0.000000,
        "100" : 0.000000,
        "250" : 0.000000,
        "500" : 0.000000,
        "750" : 0.000000,
        "1000" : 0.000000
      },
      "latency_us" : {
        "2" : 0.000000,
        "4" : 0.000000,
        "10" : 0.000000,
        "20" : 0.000000,
        "50" : 0.010000,
        "100" : 0.541036,
        "250" : 5.638678,
        "500" : 71.477897,
        "750" : 4.397143,
        "1000" : 1.831200
      },
      "latency_ms" : {
        "2" : 4.255724,
        "4" : 5.180696,
        "10" : 6.205054,
        "20" : 0.312565,
        "50" : 0.115534,
        "100" : 0.035984,
        "250" : 0.010000,
        "500" : 0.010000,
        "750" : 0.000000,
        "1000" : 0.010000,
        "2000" : 0.000000,
        ">=2000" : 0.000000
      },
      "latency_depth" : 64,
      "latency_target" : 0,
      "latency_percentile" : 100.000000,
      "latency_window" : 0,
      "steadystate" : {
        "ss" : "iops:10.000000%",
        "duration" : 10,
        "attained" : 1,
        "criterion" : "7.435966%",
        "max_deviation" : 11861.600000,
        "slope" : 0.000000,
        "data" : {
          "bw_mean" : 653381564,
          "iops_mean" : 159516,