{
  "fio version" : "fio-3.33",
  "timestamp" : 1687942281,
  "timestamp_ms" : 1687942281927,
  "time" : "Wed Jun 28 08:51:21 2023",
  "jobs" : [
    {
      "jobname" : "FIOJOB",
      "groupid" : 0,
      "error" : 0,
      "eta" : 0,
      "elapsed" : 13,
      "job options" : {
        "ioengine" : "io_uring",
        "rw" : "randrw",
        "bs" : "4k",
        "iodepth" : "64",
        "numjobs" : "1",
        "rwmixread" : "5",
        "runtime" : "60",
        "loops" : "1",
        "direct" : "1",
        "steadystate" : "iops:10%%",
        "steadystate_duration" : "10",
        "steadystate_ramp_time" : "1",
        "log_avg_msec" : "1000",
        "invalidate" : "1",
        "write_bw_log" : "/home/user/benchmarks/4096s/1x/nvme2n1/randrw5/4k/randrw-iodepth-64-numjobs-1",
        "write_lat_log" : "/home/user/benchmarks/4096s/1x/nvme2n1/randrw5/4k/randrw-iodepth-64-numjobs-1",
        "write_iops_log" : "/home/user/benchmarks/4096s/1x/nvme2n1/randrw5/4k/randrw-iodepth-64-numjobs-1",
        "filename" : "/dev/nvme2n1"
      },
      "read" : {
        "io_bytes" : 800608256,
        "io_kbytes" : 781844,
        "bw_bytes" : 67345916,
        "bw" : 65767,
        "iops" : 16441.874159,
        "runtime" : 11888,
        "total_ios" : 195461,
        "short_ios" : 0,
        "drop_ios" : 0,
        "slat_ns" : {
          "min" : 930,
          "max" : 16300,
          "mean" : 1101.514686,
          "stddev" : 320.847611,
          "N" : 195461
        },
        "clat_ns" : {
          "min" : 45920,
          "max" : 10023769,
          "mean" : 1087308.873376,
          "stddev" : 942075.490338,
          "N" : 195461,
          "percentile" : {
            "1.000000" : 81408,
            "5.000000" : 94720,
            "10.000000" : 118272,
            "20.000000" : 179200,
            "30.000000" : 313344,
            "40.000000" : 593920,
            "50.000000" : 888832,
            "60.000000" : 1187840,
            "70.000000" : 1515520,
            "80.000000" : 1859584,
            "90.000000" : 2375680,
            "95.000000" : 2834432,
            "99.000000" : 3948544,
            "99.500000" : 4358144,
            "99.900000" : 5144576,
            "99.950000" : 5668864,
            "99.990000" : 7045120
          }
        },
        "lat_ns" : {
          "min" : 47040,
          "max" : 10024759,
          "mean" : 1088410.388062,
          "stddev" : 942072.010376,
          "N" : 195461
        },
        "bw_min" : 63880,
        "bw_max" : 67840,
        "bw_agg" : 100.000000,
        "bw_mean" : 65851.454545,
        "bw_dev" : 1180.140023,
        "bw_samples" : 11,
        "iops_min" : 15970,
        "iops_max" : 16960,
        "iops_mean" : 16462.454545,
        "iops_stddev" : 294.809214,
        "iops_samples" : 11
      },
      "write" : {
        "io_bytes" : 15190020096,
        "io_kbytes" : 14834004,
        "bw_bytes" : 1277760775,
        "bw" : 1247813,
        "iops" : 311953.314266,
        "runtime" : 11888,
        "total_ios" : 3708501,
        "short_ios" : 0,
        "drop_ios" : 0,
        "slat_ns" : {
          "min" : 990,
          "max" : 27910,
          "mean" : 1190.841686,
          "stddev" : 345.695596,
          "N" : 3708501
        },
        "clat_ns" : {
          "min" : 7790,
          "max" : 5096090,
          "mean" : 146178.475437,
          "stddev" : 160953.181919,
          "N" : 3708501,
          "percentile" : {
            "1.000000" : 50432,
            "5.000000" : 73216,
            "10.000000" : 88576,
            "20.000000" : 104960,
            "30.000000" : 115200,
            "40.000000" : 126464,
            "50.000000" : 136192,
            "60.000000" : 144384,
            "70.000000" : 154624,
            "80.000000" : 160768,
            "90.000000" : 173056,
            "95.000000" : 181248,
            "99.000000" : 337920,
            "99.500000" : 1875968,
            "99.900000" : 2211840,
            "99.950000" : 2277376,
            "99.990000" : 2441216
          }
        },
        "lat_ns" : {
          "min" : 9050,
          "max" : 5097130,
          "mean" : 147369.317123,
          "stddev" : 160951.900505,
          "N" : 3708501
        },
        "bw_min" : 1224668,
        "bw_max" : 1278844,
        "bw_agg" : 100.000000,
        "bw_mean" : 1248992.090909,
        "bw_dev" : 19463.163574,
        "bw_samples" : 11,
        "iops_min" : 306167,
        "iops_max" : 319716,
        "iops_mean" : 312247.818182,
        "iops_stddev" : 4866.084192,
        "iops_samples" : 11
      },
      "trim" : {
        "io_bytes" : 0,
        "io_kbytes" : 0,
        "bw_bytes" : 0,
        "bw" : 0,
        "iops" : 0.000000,
        "runtime" : 0,
        "total_ios" : 0,
        "short_ios" : 0,
        "drop_ios" : 0,
        "slat_ns" : {
          "min" : 0,
          "max" : 0,
          "mean" : 0.000000,
          "stddev" : 0.000000,
          "N" : 0
        },
        "clat_ns" : {
          "min" : 0,
          "max" : 0,
          "mean" : 0.000000,
          "stddev" : 0.000000,
          "N" : 0
        },
        "lat_ns" : {
          "min" : 0,
          "max" : 0,
          "mean" : 0.000000,
          "stddev" : 0.000000,
          "N" : 0
        },
        "bw_min" : 0,
        "bw_max" : 0,
        "bw_agg" : 0.000000,
        "bw_mean" : 0.000000,
        "bw_dev" : 0.000000,
        "bw_samples" : 0,
        "iops_min" : 0,
        "iops_max" : 0,
        "iops_mean" : 0.000000,
        "iops_stddev" : 0.000000,
        "iops_samples" : 0
      },
      "sync" : {
        "total_ios" : 0,
        "lat_ns" : {
          "min" : 0,
          "max" : 0,
          "mean" : 0.000000,
          "stddev" : 0.000000,
          "N" : 0
        }
      },
      "job_runtime" : 11887,
      "usr_cpu" : 20.055523,
      "sys_cpu" : 43.921932,
      "ctx" : 473212,
      "majf" : 0,
      "minf" : 40,
      "iodepth_level" : {
        "1" : 0.100000,
        "2" : 0.100000,
        "4" : 0.100000,
        "8" : 0.100000,
        "16" : 0.100000,
        "32" : 0.100000,
        ">=64" : 99.998386
      },
      "iodepth_submit" : {
        "0" : 0.000000,
        "4" : 100.000000,
        "8" : 0.000000,
        "16" : 0.000000,
        "32" : 0.000000,
        "64" : 0.000000,
        ">=64" : 0.000000
      },
      "iodepth_complete" : {
        "0" : 0.000000,
        "4" : 99.999974,
        "8" : 0.000000,
        "16" : 0.000000,
        "32" : 0.000000,
        "64" : 0.100000,
        ">=64" : 0.000000
      },
      "latency_ns" : {
        "2" : 0.000000,
        "4" : 0.000000,
        "10" : 0.000000,
        "20" : 0.000000,
        "50" : 0.000000,
        "100" : 0.000000,
        "250" : 0.000000,
        "500" : 0.000000,
        "750" : 0.000000,
        "1000" : 0.000000
      },
      "latency_us" : {
        "2" : 0.000000,
        "4" : 0.000000,
        "10" : 0.010000,
        "20" : 0.010000,
        "50" : 0.906797,
        "100" : 15.819032,
        "250" : 78.375737,
        "500" : 0.958334,
        "750" : 0.506229,
        "1000" : 0.453129
      },
      "latency_ms" : {
        "2" : 1.784059,
        "4" : 1.141763,
        "10" : 0.050052,
        "20" : 0.010000,
        "50" : 0.000000,
        "100" : 0.000000,
        "250" : 0.000000,
        "500" : 0.000000,
        "750" : 0.000000,
        "1000" : 0.000000,
        "2000" : 0.000000,
        ">=2000" : 0.000000
      },
      "latency_depth" : 64,
      "latency_target" : 0,
      "latency_percentile" : 100.000000,
      "latency_window" : 0,
      "steadystate" : {
        "ss" : "iops:10.000000%",
        "duration" : 10,
        "attained" : 1,
        "criterion" : "2.637202%",
        "max_deviation" : 8638.100000,
        "slope" : 0.000000,
        "data" : {
          "bw_mean" : 1341637743,
          "iops_mean" : 327547,