{
  "fio version" : "fio-3.33",
  "timestamp" : 1687936017,
  "timestamp_ms" : 1687936017181,
  "time" : "Wed Jun 28 07:06:57 2023",
  "jobs" : [
    {
      "jobname" : "FIOJOB",
      "groupid" : 0,
      "error" : 0,
      "eta" : 0,
      "elapsed" : 28,
      "job options" : {
        "ioengine" : "io_uring",
        "rw" : "randrw",
        "bs" : "4k",
        "iodepth" : "1",
        "numjobs" : "1",
        "rwmixread" : "5",
        "runtime" : "60",
        "loops" : "1",
        "direct" : "1",
        "steadystate" : "iops:10%%",
        "steadystate_duration" : "10",
        "steadystate_ramp_time" : "1",
        "log_avg_msec" : "1000",
        "invalidate" : "1",
        "write_bw_log" : "/home/user/benchmarks/4096s/1x/nvme2n1/randrw5/4k/randrw-iodepth-1-numjobs-1",
        "write_lat_log" : "/home/user/benchmarks/4096s/1x/nvme2n1/randrw5/4k/randrw-iodepth-1-numjobs-1",
        "write_iops_log" : "/home/user/benchmarks/4096s/1x/nvme2n1/randrw5/4k/randrw-iodepth-1-numjobs-1",
        "filename" : "/dev/nvme2n1"
      },
      "read" : {
        "io_bytes" : 222969856,
        "io_kbytes" : 217744,
        "bw_bytes" : 8292849,
        "bw" : 8098,
        "iops" : 2024.621564,
        "runtime" : 26887,
        "total_ios" : 54436,
        "short_ios" : 0,
        "drop_ios" : 0,
        "slat_ns" : {
          "min" : 1040,
          "max" : 21960,
          "mean" : 2514.860699,
          "stddev" : 315.083729,
          "N" : 54436
        },
        "clat_ns" : {
          "min" : 44370,
          "max" : 26606578,
          "mean" : 185900.515082,
          "stddev" : 589988.509966,
          "N" : 54436,
          "percentile" : {
            "1.000000" : 62208,
            "5.000000" : 62720,
            "10.000000" : 63744,
            "20.000000" : 64768,
            "30.000000" : 70144,
            "40.000000" : 71168,
            "50.000000" : 75264,
            "60.000000" : 81408,
            "70.000000" : 84480,
            "80.000000" : 108032,
            "90.000000" : 160768,
            "95.000000" : 765952,
            "99.000000" : 1859584,
            "99.500000" : 3096576,
            "99.900000" : 8355840,
            "99.950000" : 10289152,
            "99.990000" : 17694720
          }
        },
        "lat_ns" : {
          "min" : 46870,
          "max" : 26609168,
          "mean" : 188415.375781,
          "stddev" : 589999.531825,
          "N" : 54436
        },
        "bw_min" : 3648,
        "bw_max" : 10642,
        "bw_agg" : 98.882688,
        "bw_mean" : 8008.346154,
        "bw_dev" : 2136.127448,
        "bw_samples" : 26,
        "iops_min" : 912,
        "iops_max" : 2660,
        "iops_mean" : 2001.692308,
        "iops_stddev" : 533.956311,
        "iops_samples" : 26
      },
      "write" : {
        "io_bytes" : 4236849152,
        "io_kbytes" : 4137548,
        "bw_bytes" : 157579839,
        "bw" : 153886,
        "iops" : 38471.640570,
        "runtime" : 26887,
        "total_ios" : 1034387,
        "short_ios" : 0,
        "drop_ios" : 0,
        "slat_ns" : {
          "min" : 1120,
          "max" : 30580,
          "mean" : 2720.030420,
          "stddev" : 334.909975,
          "N" : 1034387
        },
        "clat_ns" : {
          "min" : 270,
          "max" : 1489090,
          "mean" : 12330.117861,
          "stddev" : 7848.824405,
          "N" : 1034387,
          "percentile" : {
            "1.000000" : 8384,
            "5.000000" : 8512,
            "10.000000" : 8640,
            "20.000000" : 8768,
            "30.000000" : 8768,
            "40.000000" : 9280,
            "50.000000" : 10432,
            "60.000000" : 11584,
            "70.000000" : 12096,
            "80.000000" : 12480,
            "90.000000" : 12992,
            "95.000000" : 28288,
            "99.000000" : 46336,
            "99.500000" : 47872,
            "99.900000" : 48384,
            "99.950000" : 48896,
            "99.990000" : 50944
          }
        },
        "lat_ns" : {
          "min" : 8430,
          "max" : 1491790,
          "mean" : 15050.148281,
          "stddev" : 7681.444980,
          "N" : 1034387
        },
        "bw_min" : 69240,
        "bw_max" : 203268,
        "bw_agg" : 98.989800,
        "bw_mean" : 152332.115385,
        "bw_dev" : 41279.611345,
        "bw_samples" : 26,
        "iops_min" : 17311,
        "iops_max" : 50817,
        "iops_mean" : 38082.653846,
        "iops_stddev" : 10319.926697,
        "iops_samples" : 26
      },
      "trim" : {
        "io_bytes" : 0,
        "io_kbytes" : 0,
        "bw_bytes" : 0,
        "bw" : 0,
        "iops" : 0.000000,
        "runtime" : 0,
        "total_ios" : 0,
        "short_ios" : 0,
        "drop_ios" : 0,
        "slat_ns" : {
          "min" : 0,
          "max" : 0,
          "mean" : 0.000000,
          "stddev" : 0.000000,
          "N" : 0
        },
        "clat_ns" : {
          "min" : 0,
          "max" : 0,
          "mean" : 0.000000,
          "stddev" : 0.000000,
          "N" : 0
        },
        "lat_ns" : {
          "min" : 0,
          "max" : 0,
          "mean" : 0.000000,
          "stddev" : 0.000000,
          "N" : 0
        },
        "bw_min" : 0,
        "bw_max" : 0,
        "bw_agg" : 0.000000,
        "bw_mean" : 0.000000,
        "bw_dev" : 0.000000,
        "bw_samples" : 0,
        "iops_min" : 0,
        "iops_max" : 0,
        "iops_mean" : 0.000000,
        "iops_stddev" : 0.000000,
        "iops_samples" : 0
      },
      "sync" : {
        "total_ios" : 0,
        "lat_ns" : {
          "min" : 0,
          "max" : 0,
          "mean" : 0.000000,
          "stddev" : 0.000000,
          "N" : 0
        }
      },
      "job_runtime" : 26886,
      "usr_cpu" : 8.681098,
      "sys_cpu" : 22.018895,
      "ctx" : 1088692,
      "majf" : 0,
      "minf" : 40,
      "iodepth_level" : {
        "1" : 100.000000,
        "2" : 0.000000,
        "4" : 0.000000,
        "8" : 0.000000,
        "16" : 0.000000,
        "32" : 0.000000,
        ">=64" : 0.000000
      },
      "iodepth_submit" : {
        "0" : 0.000000,
        "4" : 100.000000,
        "8" : 0.000000,
        "16" : 0.000000,
        "32" : 0.000000,
        "64" : 0.000000,
        ">=64" : 0.000000
      },
      "iodepth_complete" : {
        "0" : 0.000000,
        "4" : 100.000000,
        "8" : 0.000000,
        "16" : 0.000000,
        "32" : 0.000000,
        "64" : 0.000000,
        ">=64" : 0.000000
      },
      "latency_ns" : {
        "2" : 0.000000,
        "4" : 0.000000,
        "10" : 0.000000,
        "20" : 0.000000,
        "50" : 0.000000,
        "100" : 0.000000,
        "250" : 0.000000,
        "500" : 0.010000,
        "750" : 0.010000,
        "1000" : 0.010000
      },
      "latency_us" : {
        "2" : 0.010000,
        "4" : 0.010000,
        "10" : 45.687132,
        "20" : 42.478621,
        "50" : 6.822964,
        "100" : 3.832211,
        "250" : 0.742269,
        "500" : 0.099924,
        "750" : 0.077974,
        "1000" : 0.054922
      },
      "latency_ms" : {
        "2" : 0.156591,
        "4" : 0.023971,
        "10" : 0.015797,
        "20" : 0.010000,
        "50" : 0.010000,
        "100" : 0.000000,
        "250" : 0.000000,
        "500" : 0.000000,
        "750" : 0.000000,
        "1000" : 0.000000,
        "2000" : 0.000000,
        ">=2000" : 0.000000
      },
      "latency_depth" : 1,
      "latency_target" : 0,
      "latency_percentile" : 100.000000,
      "latency_window" : 0,
      "steadystate" : {
        "ss" : "iops:10.000000%",
        "duration" : 10,
        "attained" : 1,
        "criterion" : "7.459404%",
        "max_deviation" : 3886.700000,
        "slope" : 0.000000,
        "data" : {
          "bw_mean" : 213422841,
          "iops_mean" : 52104,