{
  "fio version" : "fio-3.33",
  "timestamp" : 1687937798,
  "timestamp_ms" : 1687937798317,
  "time" : "Wed Jun 28 07:36:38 2023",
  "jobs" : [
    {
      "jobname" : "FIOJOB",
      "groupid" : 0,
      "error" : 0,
      "eta" : 0,
      "elapsed" : 13,
      "job options" : {
        "ioengine" : "io_uring",
        "rw" : "randrw",
        "bs" : "4k",
        "iodepth" : "4",
        "numjobs" : "1",
        "rwmixread" : "5",
        "runtime" : "60",
        "loops" : "1",
        "direct" : "1",
        "steadystate" : "iops:10%%",
        "steadystate_duration" : "10",
        "steadystate_ramp_time" : "1",
        "log_avg_msec" : "1000",
        "invalidate" : "1",
        "write_bw_log" : "/home/user/benchmarks/4096s/1x/nvme2n1/randrw5/4k/randrw-iodepth-4-numjobs-1",
        "write_lat_log" : "/home/user/benchmarks/4096s/1x/nvme2n1/randrw5/4k/randrw-iodepth-4-numjobs-1",
        "write_iops_log" : "/home/user/benchmarks/4096s/1x/nvme2n1/randrw5/4k/randrw-iodepth-4-numjobs-1",
        "filename" : "/dev/nvme2n1"
      },
      "read" : {
        "io_bytes" : 334036992,
        "io_kbytes" : 326208,
        "bw_bytes" : 28098670,
        "bw" : 27440,
        "iops" : 6860.026918,
        "runtime" : 11888,
        "total_ios" : 81552,
        "short_ios" : 0,
        "drop_ios" : 0,
        "slat_ns" : {
          "min" : 940,
          "max" : 16130,
          "mean" : 2073.727671,
          "stddev" : 829.733356,
          "N" : 81552
        },
        "clat_ns" : {
          "min" : 40311,
          "max" : 9148060,
          "mean" : 329157.036136,
          "stddev" : 489560.819686,
          "N" : 81552,
          "percentile" : {
            "1.000000" : 60160,
            "5.000000" : 62208,
            "10.000000" : 63744,
            "20.000000" : 69120,
            "30.000000" : 76288,
            "40.000000" : 89600,
            "50.000000" : 107008,
            "60.000000" : 136192,
            "70.000000" : 207872,
            "80.000000" : 468992,
            "90.000000" : 1056768,
            "95.000000" : 1482752,
            "99.000000" : 2072576,
            "99.500000" : 2506752,
            "99.900000" : 3325952,
            "99.950000" : 3850240,
            "99.990000" : 5472256
          }
        },
        "lat_ns" : {
          "min" : 43391,
          "max" : 9149790,
          "mean" : 331230.763807,
          "stddev" : 489501.802663,
          "N" : 81552
        },
        "bw_min" : 19984,
        "bw_max" : 29653,
        "bw_agg" : 99.886635,
        "bw_mean" : 27409.090909,
        "bw_dev" : 2594.560134,
        "bw_samples" : 11,
        "iops_min" : 4995,
        "iops_max" : 7413,
        "iops_mean" : 6852.000000,
        "iops_stddev" : 648.880420,
        "iops_samples" : 11
      },
      "write" : {
        "io_bytes" : 6337949696,
        "io_kbytes" : 6189404,
        "bw_bytes" : 533138433,
        "bw" : 520643,
        "iops" : 130160.750336,
        "runtime" : 11888,
        "total_ios" : 1547351,
        "short_ios" : 0,
        "drop_ios" : 0,
        "slat_ns" : {
          "min" : 990,
          "max" : 31040,
          "mean" : 2240.516334,
          "stddev" : 880.240015,
          "N" : 1547351
        },
        "clat_ns" : {
          "min" : 150,
          "max" : 1561040,
          "mean" : 10315.460384,
          "stddev" : 9578.133204,
          "N" : 1547351,
          "percentile" : {
            "1.000000" : 5344,
            "5.000000" : 5920,
            "10.000000" : 6432,
            "20.000000" : 7008,
            "30.000000" : 7840,
            "40.000000" : 7968,
            "50.000000" : 8096,
            "60.000000" : 8640,
            "70.000000" : 10688,
            "80.000000" : 11968,
            "90.000000" : 15936,
            "95.000000" : 28288,
            "99.000000" : 29056,
            "99.500000" : 29312,
            "99.900000" : 32384,
            "99.950000" : 36096,
            "99.990000" : 44288
          }
        },
        "lat_ns" : {
          "min" : 5720,
          "max" : 1562760,
          "mean" : 12555.976718,
          "stddev" : 9616.383343,
          "N" : 1547351
        },
        "bw_min" : 378980,
        "bw_max" : 555079,
        "bw_agg" : 99.818878,
        "bw_mean" : 519700.181818,
        "bw_dev" : 47968.194837,
        "bw_samples" : 11,
        "iops_min" : 94743,
        "iops_max" : 138770,
        "iops_mean" : 129924.909091,
        "iops_stddev" : 11992.711699,
        "iops_samples" : 11
      },
      "trim" : {
        "io_bytes" : 0,
        "io_kbytes" : 0,
        "bw_bytes" : 0,
        "bw" : 0,
        "iops" : 0.000000,
        "runtime" : 0,
        "total_ios" : 0,
        "short_ios" : 0,
        "drop_ios" : 0,
        "slat_ns" : {
          "min" : 0,
          "max" : 0,
          "mean" : 0.000000,
          "stddev" : 0.000000,
          "N" : 0
        },
        "clat_ns" : {
          "min" : 0,
          "max" : 0,
          "mean" : 0.000000,
          "stddev" : 0.000000,
          "N" : 0
        },
        "lat_ns" : {
          "min" : 0,
          "max" : 0,
          "mean" : 0.000000,
          "stddev" : 0.000000,
          "N" : 0
        },
        "bw_min" : 0,
        "bw_max" : 0,
        "bw_agg" : 0.000000,
        "bw_mean" : 0.000000,
        "bw_dev" : 0.000000,
        "bw_samples" : 0,
        "iops_min" : 0,
        "iops_max" : 0,
        "iops_mean" : 0.000000,
        "iops_stddev" : 0.000000,
        "iops_samples" : 0
      },
      "sync" : {
        "total_ios" : 0,
        "lat_ns" : {
          "min" : 0,
          "max" : 0,
          "mean" : 0.000000,
          "stddev" : 0.000000,
          "N" : 0
        }
      },
      "job_runtime" : 11887,
      "usr_cpu" : 17.464457,
      "sys_cpu" : 40.413898,
      "ctx" : 572119,
      "majf" : 0,
      "minf" : 41,
      "iodepth_level" : {
        "1" : 0.100000,
        "2" : 0.100000,
        "4" : 99.999816,
        "8" : 0.000000,
        "16" : 0.000000,
        "32" : 0.000000,
        ">=64" : 0.000000
      },
      "iodepth_submit" : {
        "0" : 0.000000,
        "4" : 100.000000,
        "8" : 0.000000,
        "16" : 0.000000,
        "32" : 0.000000,
        "64" : 0.000000,
        ">=64" : 0.000000
      },
      "iodepth_complete" : {
        "0" : 0.000000,
        "4" : 100.000000,
        "8" : 0.000000,
        "16" : 0.000000,
        "32" : 0.000000,
        "64" : 0.000000,
        ">=64" : 0.000000
      },
      "latency_ns" : {
        "2" : 0.000000,
        "4" : 0.000000,
        "10" : 0.000000,
        "20" : 0.000000,
        "50" : 0.000000,
        "100" : 0.000000,
        "250" : 0.010000,
        "500" : 0.010000,
        "750" : 0.010000,
        "1000" : 0.010000
      },
      "latency_us" : {
        "2" : 0.010000,
        "4" : 0.048929,
        "10" : 65.767391,
        "20" : 23.294757,
        "50" : 5.871068,
        "100" : 2.325062,
        "250" : 1.310821,
        "500" : 0.405303,
        "750" : 0.241082,
        "1000" : 0.188225
      },
      "latency_ms" : {
        "2" : 0.483209,
        "4" : 0.055006,
        "10" : 0.010000,
        "20" : 0.000000,
        "50" : 0.000000,
        "100" : 0.000000,
        "250" : 0.000000,
        "500" : 0.000000,
        "750" : 0.000000,
        "1000" : 0.000000,
        "2000" : 0.000000,
        ">=2000" : 0.000000
      },
      "latency_depth" : 4,
      "latency_target" : 0,
      "latency_percentile" : 100.000000,
      "latency_window" : 0,
      "steadystate" : {
        "ss" : "iops:10.000000%",
        "duration" : 10,
        "attained" : 1,
        "criterion" : "4.206989%",
        "max_deviation" : 5883.100000,
        "slope" : 0.000000,
        "data" : {
          "bw_mean" : 572790478,
          "iops_mean" : 139841,