{
  "fio version" : "fio-3.33",
  "timestamp" : 1687941089,
  "timestamp_ms" : 1687941089036,
  "time" : "Wed Jun 28 08:31:29 2023",
  "jobs" : [
    {
      "jobname" : "FIOJOB",
      "groupid" : 0,
      "error" : 0,
      "eta" : 0,
      "elapsed" : 13,
      "job options" : {
        "ioengine" : "io_uring",
        "rw" : "randrw",
        "bs" : "4k",
        "iodepth" : "32",
        "numjobs" : "1",
        "rwmixread" : "5",
        "runtime" : "60",
        "loops" : "1",
        "direct" : "1",
        "steadystate" : "iops:10%%",
        "steadystate_duration" : "10",
        "steadystate_ramp_time" : "1",
        "log_avg_msec" : "1000",
        "invalidate" : "1",
        "write_bw_log" : "/home/user/benchmarks/4096s/1x/nvme2n1/randrw5/4k/randrw-iodepth-32-numjobs-1",
        "write_lat_log" : "/home/user/benchmarks/4096s/1x/nvme2n1/randrw5/4k/randrw-iodepth-32-numjobs-1",
        "write_iops_log" : "/home/user/benchmarks/4096s/1x/nvme2n1/randrw5/4k/randrw-iodepth-32-numjobs-1",
        "filename" : "/dev/nvme2n1"
      },
      "read" : {
        "io_bytes" : 779972608,
        "io_kbytes" : 761692,
        "bw_bytes" : 65610078,
        "bw" : 64072,
        "iops" : 16018.085464,
        "runtime" : 11888,
        "total_ios" : 190423,
        "short_ios" : 0,
        "drop_ios" : 0,
        "slat_ns" : {
          "min" : 930,
          "max" : 16440,
          "mean" : 1591.481113,
          "stddev" : 433.575843,
          "N" : 190423
        },
        "clat_ns" : {
          "min" : 44020,
          "max" : 8867810,
          "mean" : 1015709.625313,
          "stddev" : 905719.868154,
          "N" : 190423,
          "percentile" : {
            "1.000000" : 69120,
            "5.000000" : 90624,
            "10.000000" : 114176,
            "20.000000" : 164864,
            "30.000000" : 264192,
            "40.000000" : 501760,
            "50.000000" : 798720,
            "60.000000" : 1105920,
            "70.000000" : 1433600,
            "80.000000" : 1777664,
            "90.000000" : 2244608,
            "95.000000" : 2703360,
            "99.000000" : 3751936,
            "99.500000" : 4177920,
            "99.900000" : 5079040,
            "99.950000" : 5603328,
            "99.990000" : 7503872
          }
        },
        "lat_ns" : {
          "min" : 45590,
          "max" : 8869800,
          "mean" : 1017301.106426,
          "stddev" : 905710.319452,
          "N" : 190423
        },
        "bw_min" : 62872,
        "bw_max" : 65876,
        "bw_agg" : 100.000000,
        "bw_mean" : 64196.090909,
        "bw_dev" : 938.507161,
        "bw_samples" : 11,
        "iops_min" : 15717,
        "iops_max" : 16469,
        "iops_mean" : 16048.727273,
        "iops_stddev" : 234.947267,
        "iops_samples" : 11
      },
      "write" : {
        "io_bytes" : 14793564160,
        "io_kbytes" : 14446840,
        "bw_bytes" : 1244411520,
        "bw" : 1215245,
        "iops" : 303811.406460,
        "runtime" : 11888,
        "total_ios" : 3611710,
        "short_ios" : 0,
        "drop_ios" : 0,
        "slat_ns" : {
          "min" : 990,
          "max" : 33350,
          "mean" : 1721.627218,
          "stddev" : 445.893194,
          "N" : 3611710
        },
        "clat_ns" : {
          "min" : 160,
          "max" : 4805020,
          "mean" : 49411.916713,
          "stddev" : 110691.390729,
          "N" : 3611710,
          "percentile" : {
            "1.000000" : 6688,
            "5.000000" : 8256,
            "10.000000" : 11840,
            "20.000000" : 21376,
            "30.000000" : 28544,
            "40.000000" : 36096,
            "50.000000" : 43264,
            "60.000000" : 49920,
            "70.000000" : 56576,
            "80.000000" : 63744,
            "90.000000" : 71168,
            "95.000000" : 77312,
            "99.000000" : 95744,
            "99.500000" : 173056,
            "99.900000" : 2072576,
            "99.950000" : 2179072,
            "99.990000" : 2310144
          }
        },
        "lat_ns" : {
          "min" : 6100,
          "max" : 4806690,
          "mean" : 51133.543932,
          "stddev" : 110682.540843,
          "N" : 3611710
        },
        "bw_min" : 1198644,
        "bw_max" : 1243840,
        "bw_agg" : 100.000000,
        "bw_mean" : 1217402.818182,
        "bw_dev" : 14107.739492,
        "bw_samples" : 11,
        "iops_min" : 299658,
        "iops_max" : 310960,
        "iops_mean" : 304350.636364,
        "iops_stddev" : 3527.179107,
        "iops_samples" : 11
      },
      "trim" : {
        "io_bytes" : 0,
        "io_kbytes" : 0,
        "bw_bytes" : 0,
        "bw" : 0,
        "iops" : 0.000000,
        "runtime" : 0,
        "total_ios" : 0,
        "short_ios" : 0,
        "drop_ios" : 0,
        "slat_ns" : {
          "min" : 0,
          "max" : 0,
          "mean" : 0.000000,
          "stddev" : 0.000000,
          "N" : 0
        },
        "clat_ns" : {
          "min" : 0,
          "max" : 0,
          "mean" : 0.000000,
          "stddev" : 0.000000,
          "N" : 0
        },
        "lat_ns" : {
          "min" : 0,
          "max" : 0,
          "mean" : 0.000000,
          "stddev" : 0.000000,
          "N" : 0
        },
        "bw_min" : 0,
        "bw_max" : 0,
        "bw_agg" : 0.000000,
        "bw_mean" : 0.000000,
        "bw_dev" : 0.000000,
        "bw_samples" : 0,
        "iops_min" : 0,
        "iops_max" : 0,
        "iops_mean" : 0.000000,
        "iops_stddev" : 0.000000,
        "iops_samples" : 0
      },
      "sync" : {
        "total_ios" : 0,
        "lat_ns" : {
          "min" : 0,
          "max" : 0,
          "mean" : 0.000000,
          "stddev" : 0.000000,
          "N" : 0
        }
      },
      "job_runtime" : 11887,
      "usr_cpu" : 30.445024,
      "sys_cpu" : 52.771936,
      "ctx" : 326356,
      "majf" : 0,
      "minf" : 41,
      "iodepth_level" : {
        "1" : 0.100000,
        "2" : 0.100000,
        "4" : 0.100000,
        "8" : 0.100000,
        "16" : 0.100000,
        "32" : 99.999185,
        ">=64" : 0.000000
      },
      "iodepth_submit" : {
        "0" : 0.000000,
        "4" : 100.000000,
        "8" : 0.000000,
        "16" : 0.000000,
        "32" : 0.000000,
        "64" : 0.000000,
        ">=64" : 0.000000
      },
      "iodepth_complete" : {
        "0" : 0.000000,
        "4" : 99.999974,
        "8" : 0.000000,
        "16" : 0.000000,
        "32" : 0.100000,
        "64" : 0.000000,
        ">=64" : 0.000000
      },
      "latency_ns" : {
        "2" : 0.000000,
        "4" : 0.000000,
        "10" : 0.000000,
        "20" : 0.000000,
        "50" : 0.000000,
        "100" : 0.000000,
        "250" : 0.010000,
        "500" : 0.000000,
        "750" : 0.000000,
        "1000" : 0.000000
      },
      "latency_us" : {
        "2" : 0.010000,
        "4" : 0.010000,
        "10" : 7.146857,
        "20" : 10.719351,
        "50" : 39.114255,
        "100" : 37.485091,
        "250" : 1.581717,
        "500" : 0.607633,
        "750" : 0.447091,
        "1000" : 0.411190
      },
      "latency_ms" : {
        "2" : 1.625140,
        "4" : 0.826352,
        "10" : 0.034454,
        "20" : 0.000000,
        "50" : 0.000000,
        "100" : 0.000000,
        "250" : 0.000000,
        "500" : 0.000000,
        "750" : 0.000000,
        "1000" : 0.000000,
        "2000" : 0.000000,
        ">=2000" : 0.000000
      },
      "latency_depth" : 32,
      "latency_target" : 0,
      "latency_percentile" : 100.000000,
      "latency_window" : 0,
      "steadystate" : {
        "ss" : "iops:10.000000%",
        "duration" : 10,
        "attained" : 1,
        "criterion" : "2.620181%",
        "max_deviation" : 8395.800000,
        "slope" : 0.000000,
        "data" : {
          "bw_mean" : 1312476059,
          "iops_mean" : 320428,