{
  "fio version" : "fio-3.33",
  "timestamp" : 1687939978,
  "timestamp_ms" : 1687939978193,
  "time" : "Wed Jun 28 08:12:58 2023",
  "jobs" : [
    {
      "jobname" : "FIOJOB",
      "groupid" : 0,
      "error" : 0,
      "eta" : 0,
      "elapsed" : 13,
      "job options" : {
        "ioengine" : "io_uring",
        "rw" : "randrw",
        "bs" : "4k",
        "iodepth" : "16",
        "numjobs" : "2",
        "rwmixread" : "5",
        "runtime" : "60",
        "loops" : "1",
        "direct" : "1",
        "steadystate" : "iops:10%%",
        "steadystate_duration" : "10",
        "steadystate_ramp_time" : "1",
        "log_avg_msec" : "1000",
        "invalidate" : "1",
        "write_bw_log" : "/home/user/benchmarks/4096s/1x/nvme2n1/randrw5/4k/randrw-iodepth-16-numjobs-2",
        "write_lat_log" : "/home/user/benchmarks/4096s/1x/nvme2n1/randrw5/4k/randrw-iodepth-16-numjobs-2",
        "write_iops_log" : "/home/user/benchmarks/4096s/1x/nvme2n1/randrw5/4k/randrw-iodepth-16-numjobs-2",
        "filename" : "/dev/nvme2n1"
      },
      "read" : {
        "io_bytes" : 380620800,
        "io_kbytes" : 371700,
        "bw_bytes" : 32019920,
        "bw" : 31269,
        "iops" : 7817.363506,
        "runtime" : 11887,
        "total_ios" : 92925,
        "short_ios" : 0,
        "drop_ios" : 0,
        "slat_ns" : {
          "min" : 910,
          "max" : 46570,
          "mean" : 2210.339639,
          "stddev" : 796.188995,
          "N" : 92925
        },
        "clat_ns" : {
          "min" : 47370,
          "max" : 8824480,
          "mean" : 1031469.720398,
          "stddev" : 895816.162169,
          "N" : 92925,
          "percentile" : {
            "1.000000" : 69120,
            "5.000000" : 87552,
            "10.000000" : 110080,
            "20.000000" : 175104,
            "30.000000" : 317440,
            "40.000000" : 552960,
            "50.000000" : 823296,
            "60.000000" : 1105920,
            "70.000000" : 1433600,
            "80.000000" : 1777664,
            "90.000000" : 2277376,
            "95.000000" : 2703360,
            "99.000000" : 3686400,
            "99.500000" : 4079616,
            "99.900000" : 5013504,
            "99.950000" : 5472256,
            "99.990000" : 6782976
          }
        },
        "lat_ns" : {
          "min" : 50280,
          "max" : 8827500,
          "mean" : 1033680.060038,
          "stddev" : 895791.786522,
          "N" : 92925
        },
        "bw_min" : 27367,
        "bw_max" : 35192,
        "bw_agg" : 49.187705,
        "bw_mean" : 31331.818182,
        "bw_dev" : 1921.314957,
        "bw_samples" : 11,
        "iops_min" : 6841,
        "iops_max" : 8798,
        "iops_mean" : 7832.636364,
        "iops_stddev" : 480.583244,
        "iops_samples" : 11
      },
      "write" : {
        "io_bytes" : 7225712640,
        "io_kbytes" : 7056360,
        "bw_bytes" : 607866799,
        "bw" : 593619,
        "iops" : 148404.980231,
        "runtime" : 11887,
        "total_ios" : 1764090,
        "short_ios" : 0,
        "drop_ios" : 0,
        "slat_ns" : {
          "min" : 980,
          "max" : 47870,
          "mean" : 2378.635909,
          "stddev" : 828.449828,
          "N" : 1764090
        },
        "clat_ns" : {
          "min" : 250,
          "max" : 7314960,
          "mean" : 50184.933108,
          "stddev" : 117402.510167,
          "N" : 1764090,
          "percentile" : {
            "1.000000" : 6944,
            "5.000000" : 8768,
            "10.000000" : 11840,
            "20.000000" : 19840,
            "30.000000" : 28544,
            "40.000000" : 36096,
            "50.000000" : 43776,
            "60.000000" : 50432,
            "70.000000" : 57088,
            "80.000000" : 64256,
            "90.000000" : 73216,
            "95.000000" : 79360,
            "99.000000" : 103936,
            "99.500000" : 183296,
            "99.900000" : 2146304,
            "99.950000" : 2244608,
            "99.990000" : 2408448
          }
        },
        "lat_ns" : {
          "min" : 6449,
          "max" : 7316870,
          "mean" : 52563.569016,
          "stddev" : 117411.934220,
          "N" : 1764090
        },
        "bw_min" : 520744,
        "bw_max" : 659136,
        "bw_agg" : 49.115715,
        "bw_mean" : 594447.909091,
        "bw_dev" : 33476.907502,
        "bw_samples" : 11,
        "iops_min" : 130184,
        "iops_max" : 164786,
        "iops_mean" : 148611.727273,
        "iops_stddev" : 8370.079021,
        "iops_samples" : 11
      },
      "trim" : {
        "io_bytes" : 0,
        "io_kbytes" : 0,
        "bw_bytes" : 0,
        "bw" : 0,
        "iops" : 0.000000,
        "runtime" : 0,
        "total_ios" : 0,
        "short_ios" : 0,
        "drop_ios" : 0,
        "slat_ns" : {
          "min" : 0,
          "max" : 0,
          "mean" : 0.000000,
          "stddev" : 0.000000,
          "N" : 0
        },
        "clat_ns" : {
          "min" : 0,
          "max" : 0,
          "mean" : 0.000000,
          "stddev" : 0.000000,
          "N" : 0
        },
        "lat_ns" : {
          "min" : 0,
          "max" : 0,
          "mean" : 0.000000,
          "stddev" : 0.000000,
          "N" : 0
        },
        "bw_min" : 0,
        "bw_max" : 0,
        "bw_agg" : 0.000000,
        "bw_mean" : 0.000000,
        "bw_dev" : 0.000000,
        "bw_samples" : 0,
        "iops_min" : 0,
        "iops_max" : 0,
        "iops_mean" : 0.000000,
        "iops_stddev" : 0.000000,
        "iops_samples" : 0
      },
      "sync" : {
        "total_ios" : 0,
        "lat_ns" : {
          "min" : 0,
          "max" : 0,
          "mean" : 0.000000,
          "stddev" : 0.000000,
          "N" : 0
        }
      },
      "job_runtime" : 11886,
      "usr_cpu" : 21.319199,
      "sys_cpu" : 43.353525,
      "ctx" : 470015,
      "majf" : 0,
      "minf" : 42,
      "iodepth_level" : {
        "1" : 0.100000,
        "2" : 0.100000,
        "4" : 0.100000,
        "8" : 0.100000,
        "16" : 99.999192,
        "32" : 0.000000,
        ">=64" : 0.000000
      },
      "iodepth_submit" : {
        "0" : 0.000000,
        "4" : 100.000000,
        "8" : 0.000000,
        "16" : 0.000000,
        "32" : 0.000000,
        "64" : 0.000000,
        ">=64" : 0.000000
      },
      "iodepth_complete" : {
        "0" : 0.000000,
        "4" : 99.999946,
        "8" : 0.000000,
        "16" : 0.100000,
        "32" : 0.000000,
        "64" : 0.000000,
        ">=64" : 0.000000
      },
      "latency_ns" : {
        "2" : 0.000000,
        "4" : 0.000000,
        "10" : 0.000000,
        "20" : 0.000000,
        "50" : 0.000000,
        "100" : 0.000000,
        "250" : 0.000000,
        "500" : 0.010000,
        "750" : 0.000000,
        "1000" : 0.010000
      },
      "latency_us" : {
        "2" : 0.010000,
        "4" : 0.010000,
        "10" : 7.129560,
        "20" : 12.067054,
        "50" : 37.253872,
        "100" : 37.809226,
        "250" : 1.638759,
        "500" : 0.638013,
        "750" : 0.505650,
        "1000" : 0.453954
      },
      "latency_ms" : {
        "2" : 1.597187,
        "4" : 0.875706,
        "10" : 0.030048,
        "20" : 0.000000,
        "50" : 0.000000,
        "100" : 0.000000,
        "250" : 0.000000,
        "500" : 0.000000,
        "750" : 0.000000,
        "1000" : 0.000000,
        "2000" : 0.000000,
        ">=2000" : 0.000000
      },
      "latency_depth" : 16,
      "latency_target" : 0,
      "latency_percentile" : 100.000000,
      "latency_window" : 0,
      "steadystate" : {
        "ss" : "iops:10.000000%",
        "duration" : 10,
        "attained" : 1,
        "criterion" : "5.057620%",
        "max_deviation" : 7913.000000,
        "slope" : 0.000000,
        "data" : {
          "bw_mean" : 640849165,
          "iops_mean" : 156457,