{
  "fio version" : "fio-3.33",
  "timestamp" : 1687941151,
  "timestamp_ms" : 1687941151975,
  "time" : "Wed Jun 28 08:32:31 2023",
  "jobs" : [
    {
      "jobname" : "FIOJOB",
      "groupid" : 0,
      "error" : 0,
      "eta" : 0,
      "elapsed" : 15,
      "job options" : {
        "ioengine" : "io_uring",
        "rw" : "randrw",
        "bs" : "4k",
        "iodepth" : "32",
        "numjobs" : "2",
        "rwmixread" : "5",
        "runtime" : "60",
        "loops" : "1",
        "direct" : "1",
        "steadystate" : "iops:10%%",
        "steadystate_duration" : "10",
        "steadystate_ramp_time" : "1",
        "log_avg_msec" : "1000",
        "invalidate" : "1",
        "write_bw_log" : "/home/user/benchmarks/4096s/1x/nvme2n1/randrw5/4k/randrw-iodepth-32-numjobs-2",
        "write_lat_log" : "/home/user/benchmarks/4096s/1x/nvme2n1/randrw5/4k/randrw-iodepth-32-numjobs-2",
        "write_iops_log" : "/home/user/benchmarks/4096s/1x/nvme2n1/randrw5/4k/randrw-iodepth-32-numjobs-2",
        "filename" : "/dev/nvme2n1"
      },
      "read" : {
        "io_bytes" : 454066176,
        "io_kbytes" : 443424,
        "bw_bytes" : 32697211,
        "bw" : 31930,
        "iops" : 7982.717650,
        "runtime" : 13887,
        "total_ios" : 110856,
        "short_ios" : 0,
        "drop_ios" : 0,
        "slat_ns" : {
          "min" : 900,
          "max" : 15850,
          "mean" : 1785.775141,
          "stddev" : 609.012084,
          "N" : 110856
        },
        "clat_ns" : {
          "min" : 45200,
          "max" : 8612070,
          "mean" : 1106046.183517,
          "stddev" : 961450.308235,
          "N" : 110856,
          "percentile" : {
            "1.000000" : 77312,
            "5.000000" : 97792,
            "10.000000" : 117248,
            "20.000000" : 175104,
            "30.000000" : 309248,
            "40.000000" : 593920,
            "50.000000" : 905216,
            "60.000000" : 1236992,
            "70.000000" : 1548288,
            "80.000000" : 1892352,
            "90.000000" : 2408448,
            "95.000000" : 2867200,
            "99.000000" : 4014080,
            "99.500000" : 4423680,
            "99.900000" : 5472256,
            "99.950000" : 5931008,
            "99.990000" : 7438336
          }
        },
        "lat_ns" : {
          "min" : 47400,
          "max" : 8613680,
          "mean" : 1107831.958658,
          "stddev" : 961432.337549,
          "N" : 110856
        },
        "bw_min" : 24020,
        "bw_max" : 34882,
        "bw_agg" : 49.868934,
        "bw_mean" : 31790.615385,
        "bw_dev" : 3372.336987,
        "bw_samples" : 13,
        "iops_min" : 6005,
        "iops_max" : 8720,
        "iops_mean" : 7947.461538,
        "iops_stddev" : 842.968625,
        "iops_samples" : 13
      },
      "write" : {
        "io_bytes" : 8609046528,
        "io_kbytes" : 8407272,
        "bw_bytes" : 619935661,
        "bw" : 605405,
        "iops" : 151351.479801,
        "runtime" : 13887,
        "total_ios" : 2101818,
        "short_ios" : 0,
        "drop_ios" : 0,
        "slat_ns" : {
          "min" : 960,
          "max" : 53210,
          "mean" : 1933.425169,
          "stddev" : 671.346853,
          "N" : 2101818
        },
        "clat_ns" : {
          "min" : 150,
          "max" : 4731950,
          "mean" : 150418.164005,
          "stddev" : 159407.674116,
          "N" : 2101818,
          "percentile" : {
            "1.000000" : 40704,
            "5.000000" : 67072,
            "10.000000" : 81408,
            "20.000000" : 99840,
            "30.000000" : 114176,
            "40.000000" : 125440,
            "50.000000" : 136192,
            "60.000000" : 146432,
            "70.000000" : 156672,
            "80.000000" : 168960,
            "90.000000" : 199680,
            "95.000000" : 228352,
            "99.000000" : 325632,
            "99.500000" : 1728512,
            "99.900000" : 2211840,
            "99.950000" : 2277376,
            "99.990000" : 2670592
          }
        },
        "lat_ns" : {
          "min" : 6710,
          "max" : 4733800,
          "mean" : 152351.589174,
          "stddev" : 159428.666284,
          "N" : 2101818
        },
        "bw_min" : 457733,
        "bw_max" : 658186,
        "bw_agg" : 49.890123,
        "bw_mean" : 603503.615385,
        "bw_dev" : 61971.883560,
        "bw_samples" : 13,
        "iops_min" : 114431,
        "iops_max" : 164546,
        "iops_mean" : 150875.538462,
        "iops_stddev" : 15493.504970,
        "iops_samples" : 13
      },
      "trim" : {
        "io_bytes" : 0,
        "io_kbytes" : 0,
        "bw_bytes" : 0,
        "bw" : 0,
        "iops" : 0.000000,
        "runtime" : 0,
        "total_ios" : 0,
        "short_ios" : 0,
        "drop_ios" : 0,
        "slat_ns" : {
          "min" : 0,
          "max" : 0,
          "mean" : 0.000000,
          "stddev" : 0.000000,
          "N" : 0
        },
        "clat_ns" : {
          "min" : 0,
          "max" : 0,
          "mean" : 0.000000,
          "stddev" : 0.000000,
          "N" : 0
        },
        "lat_ns" : {
          "min" : 0,
          "max" : 0,
          "mean" : 0.000000,
          "stddev" : 0.000000,
          "N" : 0
        },
        "bw_min" : 0,
        "bw_max" : 0,
        "bw_agg" : 0.000000,
        "bw_mean" : 0.000000,
        "bw_dev" : 0.000000,
        "bw_samples" : 0,
        "iops_min" : 0,
        "iops_max" : 0,
        "iops_mean" : 0.000000,
        "iops_stddev" : 0.000000,
        "iops_samples" : 0
      },
      "sync" : {
        "total_ios" : 0,
        "lat_ns" : {
          "min" : 0,
          "max" : 0,
          "mean" : 0.000000,
          "stddev" : 0.000000,
          "N" : 0
        }
      },
      "job_runtime" : 13886,
      "usr_cpu" : 16.448221,
      "sys_cpu" : 38.211148,
      "ctx" : 532657,
      "majf" : 0,
      "minf" : 43,
      "iodepth_level" : {
        "1" : 0.100000,
        "2" : 0.100000,
        "4" : 0.100000,
        "8" : 0.100000,
        "16" : 0.100000,
        "32" : 99.998599,
        ">=64" : 0.000000
      },
      "iodepth_submit" : {
        "0" : 0.000000,
        "4" : 100.000000,
        "8" : 0.000000,
        "16" : 0.000000,
        "32" : 0.000000,
        "64" : 0.000000,
        ">=64" : 0.000000
      },
      "iodepth_complete" : {
        "0" : 0.000000,
        "4" : 99.999955,
        "8" : 0.000000,
        "16" : 0.000000,
        "32" : 0.100000,
        "64" : 0.000000,
        ">=64" : 0.000000
      },
      "latency_ns" : {
        "2" : 0.000000,
        "4" : 0.000000,
        "10" : 0.000000,
        "20" : 0.000000,
        "50" : 0.000000,
        "100" : 0.000000,
        "250" : 0.010000,
        "500" : 0.000000,
        "750" : 0.000000,
        "1000" : 0.000000
      },
      "latency_us" : {
        "2" : 0.000000,
        "4" : 0.000000,
        "10" : 0.023863,
        "20" : 0.109325,
        "50" : 1.767319,
        "100" : 17.557760,
        "250" : 74.108206,
        "500" : 2.501046,
        "750" : 0.469703,
        "1000" : 0.427040
      },
      "latency_ms" : {
        "2" : 1.871582,
        "4" : 1.108478,
        "10" : 0.055634,
        "20" : 0.000000,
        "50" : 0.000000,
        "100" : 0.000000,
        "250" : 0.000000,
        "500" : 0.000000,
        "750" : 0.000000,
        "1000" : 0.000000,
        "2000" : 0.000000,
        ">=2000" : 0.000000
      },
      "latency_depth" : 32,
      "latency_target" : 0,
      "latency_percentile" : 100.000000,
      "latency_window" : 0,
      "steadystate" : {
        "ss" : "iops:10.000000%",
        "duration" : 10,
        "attained" : 1,
        "criterion" : "3.712504%",
        "max_deviation" : 6199.600000,
        "slope" : 0.000000,
        "data" : {
          "bw_mean" : 684002309,
          "iops_mean" : 166992,