{
  "fio version" : "fio-3.33",
  "timestamp" : 1687936922,
  "timestamp_ms" : 1687936922788,
  "time" : "Wed Jun 28 07:22:02 2023",
  "jobs" : [
    {
      "jobname" : "FIOJOB",
      "groupid" : 0,
      "error" : 0,
      "eta" : 0,
      "elapsed" : 13,
      "job options" : {
        "ioengine" : "io_uring",
        "rw" : "randrw",
        "bs" : "4k",
        "iodepth" : "2",
        "numjobs" : "1",
        "rwmixread" : "5",
        "runtime" : "60",
        "loops" : "1",
        "direct" : "1",
        "steadystate" : "iops:10%%",
        "steadystate_duration" : "10",
        "steadystate_ramp_time" : "1",
        "log_avg_msec" : "1000",
        "invalidate" : "1",
        "write_bw_log" : "/home/user/benchmarks/4096s/1x/nvme2n1/randrw5/4k/randrw-iodepth-2-numjobs-1",
        "write_lat_log" : "/home/user/benchmarks/4096s/1x/nvme2n1/randrw5/4k/randrw-iodepth-2-numjobs-1",
        "write_iops_log" : "/home/user/benchmarks/4096s/1x/nvme2n1/randrw5/4k/randrw-iodepth-2-numjobs-1",
        "filename" : "/dev/nvme2n1"
      },
      "read" : {
        "io_bytes" : 209178624,
        "io_kbytes" : 204276,
        "bw_bytes" : 17595779,
        "bw" : 17183,
        "iops" : 4295.844549,
        "runtime" : 11888,
        "total_ios" : 51069,
        "short_ios" : 0,
        "drop_ios" : 0,
        "slat_ns" : {
          "min" : 960,
          "max" : 28280,
          "mean" : 3471.752609,
          "stddev" : 1108.187209,
          "N" : 51069
        },
        "clat_ns" : {
          "min" : 40579,
          "max" : 5961919,
          "mean" : 218838.093579,
          "stddev" : 387451.768118,
          "N" : 51069,
          "percentile" : {
            "1.000000" : 58624,
            "5.000000" : 60672,
            "10.000000" : 62208,
            "20.000000" : 65280,
            "30.000000" : 68096,
            "40.000000" : 72192,
            "50.000000" : 76288,
            "60.000000" : 84480,
            "70.000000" : 100864,
            "80.000000" : 134144,
            "90.000000" : 667648,
            "95.000000" : 1220608,
            "99.000000" : 1761280,
            "99.500000" : 1941504,
            "99.900000" : 2834432,
            "99.950000" : 3325952,
            "99.990000" : 5013504
          }
        },
        "lat_ns" : {
          "min" : 45210,
          "max" : 5964369,
          "mean" : 222309.846188,
          "stddev" : 387374.574872,
          "N" : 51069
        },
        "bw_min" : 15779,
        "bw_max" : 18598,
        "bw_agg" : 99.817394,
        "bw_mean" : 17152.454545,
        "bw_dev" : 731.640809,
        "bw_samples" : 11,
        "iops_min" : 3944,
        "iops_max" : 4649,
        "iops_mean" : 4288.000000,
        "iops_stddev" : 182.843649,
        "iops_samples" : 11
      },
      "write" : {
        "io_bytes" : 3975602176,
        "io_kbytes" : 3882424,
        "bw_bytes" : 334421448,
        "bw" : 326583,
        "iops" : 81645.861373,
        "runtime" : 11888,
        "total_ios" : 970606,
        "short_ios" : 0,
        "drop_ios" : 0,
        "slat_ns" : {
          "min" : 1020,
          "max" : 40880,
          "mean" : 3655.267194,
          "stddev" : 1075.979699,
          "N" : 970606
        },
        "clat_ns" : {
          "min" : 280,
          "max" : 274550,
          "mean" : 8250.430229,
          "stddev" : 3007.173615,
          "N" : 970606,
          "percentile" : {
            "1.000000" : 5600,
            "5.000000" : 5664,
            "10.000000" : 5792,
            "20.000000" : 5920,
            "30.000000" : 5984,
            "40.000000" : 6048,
            "50.000000" : 6752,
            "60.000000" : 9152,
            "70.000000" : 9664,
            "80.000000" : 9920,
            "90.000000" : 11328,
            "95.000000" : 15936,
            "99.000000" : 16768,
            "99.500000" : 17536,
            "99.900000" : 22656,
            "99.950000" : 27520,
            "99.990000" : 31872
          }
        },
        "lat_ns" : {
          "min" : 5890,
          "max" : 278560,
          "mean" : 11905.697423,
          "stddev" : 2480.178537,
          "N" : 970606
        },
        "bw_min" : 300932,
        "bw_max" : 343643,
        "bw_agg" : 99.728264,
        "bw_mean" : 325696.454545,
        "bw_dev" : 12760.678386,
        "bw_samples" : 11,
        "iops_min" : 75232,
        "iops_max" : 85910,
        "iops_mean" : 81423.818182,
        "iops_stddev" : 3190.099021,
        "iops_samples" : 11
      },
      "trim" : {
        "io_bytes" : 0,
        "io_kbytes" : 0,
        "bw_bytes" : 0,
        "bw" : 0,
        "iops" : 0.000000,
        "runtime" : 0,
        "total_ios" : 0,
        "short_ios" : 0,
        "drop_ios" : 0,
        "slat_ns" : {
          "min" : 0,
          "max" : 0,
          "mean" : 0.000000,
          "stddev" : 0.000000,
          "N" : 0
        },
        "clat_ns" : {
          "min" : 0,
          "max" : 0,
          "mean" : 0.000000,
          "stddev" : 0.000000,
          "N" : 0
        },
        "lat_ns" : {
          "min" : 0,
          "max" : 0,
          "mean" : 0.000000,
          "stddev" : 0.000000,
          "N" : 0
        },
        "bw_min" : 0,
        "bw_max" : 0,
        "bw_agg" : 0.000000,
        "bw_mean" : 0.000000,
        "bw_dev" : 0.000000,
        "bw_samples" : 0,
        "iops_min" : 0,
        "iops_max" : 0,
        "iops_mean" : 0.000000,
        "iops_stddev" : 0.000000,
        "iops_samples" : 0
      },
      "sync" : {
        "total_ios" : 0,
        "lat_ns" : {
          "min" : 0,
          "max" : 0,
          "mean" : 0.000000,
          "stddev" : 0.000000,
          "N" : 0
        }
      },
      "job_runtime" : 11887,
      "usr_cpu" : 14.452764,
      "sys_cpu" : 41.541179,
      "ctx" : 424249,
      "majf" : 0,
      "minf" : 39,
      "iodepth_level" : {
        "1" : 0.100000,
        "2" : 99.999902,
        "4" : 0.000000,
        "8" : 0.000000,
        "16" : 0.000000,
        "32" : 0.000000,
        ">=64" : 0.000000
      },
      "iodepth_submit" : {
        "0" : 0.000000,
        "4" : 100.000000,
        "8" : 0.000000,
        "16" : 0.000000,
        "32" : 0.000000,
        "64" : 0.000000,
        ">=64" : 0.000000
      },
      "iodepth_complete" : {
        "0" : 0.000000,
        "4" : 100.000000,
        "8" : 0.000000,
        "16" : 0.000000,
        "32" : 0.000000,
        "64" : 0.000000,
        ">=64" : 0.000000
      },
      "latency_ns" : {
        "2" : 0.000000,
        "4" : 0.000000,
        "10" : 0.000000,
        "20" : 0.000000,
        "50" : 0.000000,
        "100" : 0.000000,
        "250" : 0.000000,
        "500" : 0.028874,
        "750" : 0.010000,
        "1000" : 0.010000
      },
      "latency_us" : {
        "2" : 0.010000,
        "4" : 0.010000,
        "10" : 78.987447,
        "20" : 15.769692,
        "50" : 0.220520,
        "100" : 3.461766,
        "250" : 0.787335,
        "500" : 0.157486,
        "750" : 0.131353,
        "1000" : 0.110603
      },
      "latency_ms" : {
        "2" : 0.320063,
        "4" : 0.020359,
        "10" : 0.010000,
        "20" : 0.000000,
        "50" : 0.000000,
        "100" : 0.000000,
        "250" : 0.000000,
        "500" : 0.000000,
        "750" : 0.000000,
        "1000" : 0.000000,
        "2000" : 0.000000,
        ">=2000" : 0.000000
      },
      "latency_depth" : 2,
      "latency_target" : 0,
      "latency_percentile" : 100.000000,
      "latency_window" : 0,
      "steadystate" : {
        "ss" : "iops:10.000000%",
        "duration" : 10,
        "attained" : 1,
        "criterion" : "7.723339%",
        "max_deviation" : 6720.000000,
        "slope" : 0.000000,
        "data" : {
          "bw_mean" : 356389832,
          "iops_mean" : 87009,