{
  "fio version" : "fio-3.33",
  "timestamp" : 1687936078,
  "timestamp_ms" : 1687936078126,
  "time" : "Wed Jun 28 07:07:58 2023",
  "jobs" : [
    {
      "jobname" : "FIOJOB",
      "groupid" : 0,
      "error" : 0,
      "eta" : 0,
      "elapsed" : 13,
      "job options" : {
        "ioengine" : "io_uring",
        "rw" : "randrw",
        "bs" : "4k",
        "iodepth" : "1",
        "numjobs" : "2",
        "rwmixread" : "5",
        "runtime" : "60",
        "loops" : "1",
        "direct" : "1",
        "steadystate" : "iops:10%%",
        "steadystate_duration" : "10",
        "steadystate_ramp_time" : "1",
        "log_avg_msec" : "1000",
        "invalidate" : "1",
        "write_bw_log" : "/home/user/benchmarks/4096s/1x/nvme2n1/randrw5/4k/randrw-iodepth-1-numjobs-2",
        "write_lat_log" : "/home/user/benchmarks/4096s/1x/nvme2n1/randrw5/4k/randrw-iodepth-1-numjobs-2",
        "write_iops_log" : "/home/user/benchmarks/4096s/1x/nvme2n1/randrw5/4k/randrw-iodepth-1-numjobs-2",
        "filename" : "/dev/nvme2n1"
      },
      "read" : {
        "io_bytes" : 105365504,
        "io_kbytes" : 102896,
        "bw_bytes" : 8864673,
        "bw" : 8656,
        "iops" : 2164.226821,
        "runtime" : 11886,
        "total_ios" : 25724,
        "short_ios" : 0,
        "drop_ios" : 0,
        "slat_ns" : {
          "min" : 1080,
          "max" : 10850,
          "mean" : 2590.731340,
          "stddev" : 194.771171,
          "N" : 25724
        },
        "clat_ns" : {
          "min" : 45049,
          "max" : 5553490,
          "mean" : 199608.078992,
          "stddev" : 366604.965862,
          "N" : 25724,
          "percentile" : {
            "1.000000" : 62208,
            "5.000000" : 63232,
            "10.000000" : 63744,
            "20.000000" : 64768,
            "30.000000" : 65280,
            "40.000000" : 66048,
            "50.000000" : 75264,
            "60.000000" : 77312,
            "70.000000" : 79360,
            "80.000000" : 110080,
            "90.000000" : 552960,
            "95.000000" : 1138688,
            "99.000000" : 1728512,
            "99.500000" : 1925120,
            "99.900000" : 2572288,
            "99.950000" : 2867200,
            "99.990000" : 4358144
          }
        },
        "lat_ns" : {
          "min" : 47610,
          "max" : 5556240,
          "mean" : 202198.810333,
          "stddev" : 366608.174478,
          "N" : 25724
        },
        "bw_min" : 7943,
        "bw_max" : 9428,
        "bw_agg" : 50.985002,
        "bw_mean" : 8643.636364,
        "bw_dev" : 450.411428,
        "bw_samples" : 11,
        "iops_min" : 1985,
        "iops_max" : 2357,
        "iops_mean" : 2160.818182,
        "iops_stddev" : 112.680804,
        "iops_samples" : 11
      },
      "write" : {
        "io_bytes" : 2005880832,
        "io_kbytes" : 1958868,
        "bw_bytes" : 168759955,
        "bw" : 164804,
        "iops" : 41201.161030,
        "runtime" : 11886,
        "total_ios" : 489717,
        "short_ios" : 0,
        "drop_ios" : 0,
        "slat_ns" : {
          "min" : 1150,
          "max" : 42840,
          "mean" : 2768.290308,
          "stddev" : 250.061678,
          "N" : 489717
        },
        "clat_ns" : {
          "min" : 350,
          "max" : 44920,
          "mean" : 9787.265445,
          "stddev" : 1218.786115,
          "N" : 489717,
          "percentile" : {
            "1.000000" : 8256,
            "5.000000" : 8384,
            "10.000000" : 8512,
            "20.000000" : 8640,
            "30.000000" : 8896,
            "40.000000" : 9280,
            "50.000000" : 9536,
            "60.000000" : 10304,
            "70.000000" : 10688,
            "80.000000" : 10816,
            "90.000000" : 11072,
            "95.000000" : 11200,
            "99.000000" : 11840,
            "99.500000" : 13376,
            "99.900000" : 21120,
            "99.950000" : 21632,
            "99.990000" : 27776
          }
        },
        "lat_ns" : {
          "min" : 7540,
          "max" : 60810,
          "mean" : 12555.555754,
          "stddev" : 1285.742092,
          "N" : 489717
        },
        "bw_min" : 152952,
        "bw_max" : 182478,
        "bw_agg" : 51.014809,
        "bw_mean" : 164638.818182,
        "bw_dev" : 9956.430192,
        "bw_samples" : 11,
        "iops_min" : 38239,
        "iops_max" : 45619,
        "iops_mean" : 41159.272727,
        "iops_stddev" : 2489.221649,
        "iops_samples" : 11
      },
      "trim" : {
        "io_bytes" : 0,
        "io_kbytes" : 0,
        "bw_bytes" : 0,
        "bw" : 0,
        "iops" : 0.000000,
        "runtime" : 0,
        "total_ios" : 0,
        "short_ios" : 0,
        "drop_ios" : 0,
        "slat_ns" : {
          "min" : 0,
          "max" : 0,
          "mean" : 0.000000,
          "stddev" : 0.000000,
          "N" : 0
        },
        "clat_ns" : {
          "min" : 0,
          "max" : 0,
          "mean" : 0.000000,
          "stddev" : 0.000000,
          "N" : 0
        },
        "lat_ns" : {
          "min" : 0,
          "max" : 0,
          "mean" : 0.000000,
          "stddev" : 0.000000,
          "N" : 0
        },
        "bw_min" : 0,
        "bw_max" : 0,
        "bw_agg" : 0.000000,
        "bw_mean" : 0.000000,
        "bw_dev" : 0.000000,
        "bw_samples" : 0,
        "iops_min" : 0,
        "iops_max" : 0,
        "iops_mean" : 0.000000,
        "iops_stddev" : 0.000000,
        "iops_samples" : 0
      },
      "sync" : {
        "total_ios" : 0,
        "lat_ns" : {
          "min" : 0,
          "max" : 0,
          "mean" : 0.000000,
          "stddev" : 0.000000,
          "N" : 0
        }
      },
      "job_runtime" : 11885,
      "usr_cpu" : 9.633992,
      "sys_cpu" : 24.551956,
      "ctx" : 515351,
      "majf" : 0,
      "minf" : 39,
      "iodepth_level" : {
        "1" : 100.000000,
        "2" : 0.000000,
        "4" : 0.000000,
        "8" : 0.000000,
        "16" : 0.000000,
        "32" : 0.000000,
        ">=64" : 0.000000
      },
      "iodepth_submit" : {
        "0" : 0.000000,
        "4" : 100.000000,
        "8" : 0.000000,
        "16" : 0.000000,
        "32" : 0.000000,
        "64" : 0.000000,
        ">=64" : 0.000000
      },
      "iodepth_complete" : {
        "0" : 0.000000,
        "4" : 100.000000,
        "8" : 0.000000,
        "16" : 0.000000,
        "32" : 0.000000,
        "64" : 0.000000,
        ">=64" : 0.000000
      },
      "latency_ns" : {
        "2" : 0.000000,
        "4" : 0.000000,
        "10" : 0.000000,
        "20" : 0.000000,
        "50" : 0.000000,
        "100" : 0.000000,
        "250" : 0.000000,
        "500" : 0.010000,
        "750" : 0.000000,
        "1000" : 0.010000
      },
      "latency_us" : {
        "2" : 0.010000,
        "4" : 0.010000,
        "10" : 54.248110,
        "20" : 40.605617,
        "50" : 0.155401,
        "100" : 3.856309,
        "250" : 0.465427,
        "500" : 0.139880,
        "750" : 0.117957,
        "1000" : 0.099138
      },
      "latency_ms" : {
        "2" : 0.285581,
        "4" : 0.019207,
        "10" : 0.010000,
        "20" : 0.000000,
        "50" : 0.000000,
        "100" : 0.000000,
        "250" : 0.000000,
        "500" : 0.000000,
        "750" : 0.000000,
        "1000" : 0.000000,
        "2000" : 0.000000,
        ">=2000" : 0.000000
      },
      "latency_depth" : 1,
      "latency_target" : 0,
      "latency_percentile" : 100.000000,
      "latency_window" : 0,
      "steadystate" : {
        "ss" : "iops:10.000000%",
        "duration" : 10,
        "attained" : 1,
        "criterion" : "9.102301%",
        "max_deviation" : 3995.300000,
        "slope" : 0.000000,
        "data" : {
          "bw_mean" : 179788496,
          "iops_mean" : 43893,