{
  "fio version" : "fio-3.33",
  "timestamp" : 1687937871,
  "timestamp_ms" : 1687937871256,
  "time" : "Wed Jun 28 07:37:51 2023",
  "jobs" : [
    {
      "jobname" : "FIOJOB",
      "groupid" : 0,
      "error" : 0,
      "eta" : 0,
      "elapsed" : 25,
      "job options" : {
        "ioengine" : "io_uring",
        "rw" : "randrw",
        "bs" : "4k",
        "iodepth" : "4",
        "numjobs" : "2",
        "rwmixread" : "5",
        "runtime" : "60",
        "loops" : "1",
        "direct" : "1",
        "steadystate" : "iops:10%%",
        "steadystate_duration" : "10",
        "steadystate_ramp_time" : "1",
        "log_avg_msec" : "1000",
        "invalidate" : "1",
        "write_bw_log" : "/home/user/benchmarks/4096s/1x/nvme2n1/randrw5/4k/randrw-iodepth-4-numjobs-2",
        "write_lat_log" : "/home/user/benchmarks/4096s/1x/nvme2n1/randrw5/4k/randrw-iodepth-4-numjobs-2",
        "write_iops_log" : "/home/user/benchmarks/4096s/1x/nvme2n1/randrw5/4k/randrw-iodepth-4-numjobs-2",
        "filename" : "/dev/nvme2n1"
      },
      "read" : {
        "io_bytes" : 566169600,
        "io_kbytes" : 552900,
        "bw_bytes" : 23701996,
        "bw" : 23146,
        "iops" : 5786.620337,
        "runtime" : 23887,
        "total_ios" : 138225,
        "short_ios" : 0,
        "drop_ios" : 0,
        "slat_ns" : {
          "min" : 910,
          "max" : 20160,
          "mean" : 2414.806591,
          "stddev" : 1017.088693,
          "N" : 138225
        },
        "clat_ns" : {
          "min" : 41770,
          "max" : 6992500,
          "mean" : 387923.752838,
          "stddev" : 533761.848686,
          "N" : 138225,
          "percentile" : {
            "1.000000" : 60672,
            "5.000000" : 63232,
            "10.000000" : 66048,
            "20.000000" : 74240,
            "30.000000" : 85504,
            "40.000000" : 103936,
            "50.000000" : 130560,
            "60.000000" : 181248,
            "70.000000" : 321536,
            "80.000000" : 634880,
            "90.000000" : 1204224,
            "95.000000" : 1581056,
            "99.000000" : 2310144,
            "99.500000" : 2703360,
            "99.900000" : 3588096,
            "99.950000" : 4177920,
            "99.990000" : 6062080
          }
        },
        "lat_ns" : {
          "min" : 44010,
          "max" : 6995000,
          "mean" : 390338.559428,
          "stddev" : 533744.552971,
          "N" : 138225
        },
        "bw_min" : 16220,
        "bw_max" : 28616,
        "bw_agg" : 70.415681,
        "bw_mean" : 22966.391304,
        "bw_dev" : 4793.445532,
        "bw_samples" : 23,
        "iops_min" : 4055,
        "iops_max" : 7154,
        "iops_mean" : 5741.434783,
        "iops_stddev" : 1198.336378,
        "iops_samples" : 23
      },
      "write" : {
        "io_bytes" : 10727546880,
        "io_kbytes" : 10476120,
        "bw_bytes" : 449095611,
        "bw" : 438569,
        "iops" : 109642.483359,
        "runtime" : 23887,
        "total_ios" : 2619030,
        "short_ios" : 0,
        "drop_ios" : 0,
        "slat_ns" : {
          "min" : 990,
          "max" : 48870,
          "mean" : 2687.271248,
          "stddev" : 1081.228377,
          "N" : 2619030
        },
        "clat_ns" : {
          "min" : 150,
          "max" : 2671930,
          "mean" : 12357.138669,
          "stddev" : 22331.545050,
          "N" : 2619030,
          "percentile" : {
            "1.000000" : 5472,
            "5.000000" : 5984,
            "10.000000" : 6560,
            "20.000000" : 7712,
            "30.000000" : 8096,
            "40.000000" : 8384,
            "50.000000" : 9408,
            "60.000000" : 11072,
            "70.000000" : 12224,
            "80.000000" : 15296,
            "90.000000" : 20096,
            "95.000000" : 31104,
            "99.000000" : 34048,
            "99.500000" : 34560,
            "99.900000" : 41728,
            "99.950000" : 51968,
            "99.990000" : 1384448
          }
        },
        "lat_ns" : {
          "min" : 5660,
          "max" : 2672990,
          "mean" : 15044.409917,
          "stddev" : 22426.648228,
          "N" : 2619030
        },
        "bw_min" : 308248,
        "bw_max" : 545985,
        "bw_agg" : 70.289969,
        "bw_mean" : 434859.173913,
        "bw_dev" : 89365.568054,
        "bw_samples" : 23,
        "iops_min" : 77062,
        "iops_max" : 136496,
        "iops_mean" : 108714.608696,
        "iops_stddev" : 22341.344410,
        "iops_samples" : 23
      },
      "trim" : {
        "io_bytes" : 0,
        "io_kbytes" : 0,
        "bw_bytes" : 0,
        "bw" : 0,
        "iops" : 0.000000,
        "runtime" : 0,
        "total_ios" : 0,
        "short_ios" : 0,
        "drop_ios" : 0,
        "slat_ns" : {
          "min" : 0,
          "max" : 0,
          "mean" : 0.000000,
          "stddev" : 0.000000,
          "N" : 0
        },
        "clat_ns" : {
          "min" : 0,
          "max" : 0,
          "mean" : 0.000000,
          "stddev" : 0.000000,
          "N" : 0
        },
        "lat_ns" : {
          "min" : 0,
          "max" : 0,
          "mean" : 0.000000,
          "stddev" : 0.000000,
          "N" : 0
        },
        "bw_min" : 0,
        "bw_max" : 0,
        "bw_agg" : 0.000000,
        "bw_mean" : 0.000000,
        "bw_dev" : 0.000000,
        "bw_samples" : 0,
        "iops_min" : 0,
        "iops_max" : 0,
        "iops_mean" : 0.000000,
        "iops_stddev" : 0.000000,
        "iops_samples" : 0
      },
      "sync" : {
        "total_ios" : 0,
        "lat_ns" : {
          "min" : 0,
          "max" : 0,
          "mean" : 0.000000,
          "stddev" : 0.000000,
          "N" : 0
        }
      },
      "job_runtime" : 23886,
      "usr_cpu" : 17.135561,
      "sys_cpu" : 39.755505,
      "ctx" : 953703,
      "majf" : 0,
      "minf" : 45,
      "iodepth_level" : {
        "1" : 0.100000,
        "2" : 0.100000,
        "4" : 99.999891,
        "8" : 0.000000,
        "16" : 0.000000,
        "32" : 0.000000,
        ">=64" : 0.000000
      },
      "iodepth_submit" : {
        "0" : 0.000000,
        "4" : 100.000000,
        "8" : 0.000000,
        "16" : 0.000000,
        "32" : 0.000000,
        "64" : 0.000000,
        ">=64" : 0.000000
      },
      "iodepth_complete" : {
        "0" : 0.000000,
        "4" : 100.000000,
        "8" : 0.000000,
        "16" : 0.000000,
        "32" : 0.000000,
        "64" : 0.000000,
        ">=64" : 0.000000
      },
      "latency_ns" : {
        "2" : 0.000000,
        "4" : 0.000000,
        "10" : 0.000000,
        "20" : 0.000000,
        "50" : 0.000000,
        "100" : 0.000000,
        "250" : 0.010000,
        "500" : 0.010000,
        "750" : 0.010000,
        "1000" : 0.010000
      },
      "latency_us" : {
        "2" : 0.010000,
        "4" : 0.025025,
        "10" : 53.222353,
        "20" : 32.117051,
        "50" : 9.573181,
        "100" : 1.908347,
        "250" : 1.419528,
        "500" : 0.528968,
        "750" : 0.306174,
        "1000" : 0.230011
      },
      "latency_ms" : {
        "2" : 0.578546,
        "4" : 0.083670,
        "10" : 0.010000,
        "20" : 0.000000,
        "50" : 0.000000,
        "100" : 0.000000,
        "250" : 0.000000,
        "500" : 0.000000,
        "750" : 0.000000,
        "1000" : 0.000000,
        "2000" : 0.000000,
        ">=2000" : 0.000000
      },
      "latency_depth" : 4,
      "latency_target" : 0,
      "latency_percentile" : 100.000000,
      "latency_window" : 0,
      "steadystate" : {
        "ss" : "iops:10.000000%",
        "duration" : 10,
        "attained" : 1,
        "criterion" : "5.299802%",
        "max_deviation" : 7406.500000,
        "slope" : 0.000000,
        "data" : {
          "bw_mean" : 572419103,
          "iops_mean" : 139750,