{
  "fio version" : "fio-3.33",
  "timestamp" : 1687939917,
  "timestamp_ms" : 1687939917249,
  "time" : "Wed Jun 28 08:11:57 2023",
  "jobs" : [
    {
      "jobname" : "FIOJOB",
      "groupid" : 0,
      "error" : 0,
      "eta" : 0,
      "elapsed" : 13,
      "job options" : {
        "ioengine" : "io_uring",
        "rw" : "randrw",
        "bs" : "4k",
        "iodepth" : "16",
        "numjobs" : "1",
        "rwmixread" : "5",
        "runtime" : "60",
        "loops" : "1",
        "direct" : "1",
        "steadystate" : "iops:10%%",
        "steadystate_duration" : "10",
        "steadystate_ramp_time" : "1",
        "log_avg_msec" : "1000",
        "invalidate" : "1",
        "write_bw_log" : "/home/user/benchmarks/4096s/1x/nvme2n1/randrw5/4k/randrw-iodepth-16-numjobs-1",
        "write_lat_log" : "/home/user/benchmarks/4096s/1x/nvme2n1/randrw5/4k/randrw-iodepth-16-numjobs-1",
        "write_iops_log" : "/home/user/benchmarks/4096s/1x/nvme2n1/randrw5/4k/randrw-iodepth-16-numjobs-1",
        "filename" : "/dev/nvme2n1"
      },
      "read" : {
        "io_bytes" : 677748736,
        "io_kbytes" : 661864,
        "bw_bytes" : 57001575,
        "bw" : 55665,
        "iops" : 13916.400336,
        "runtime" : 11890,
        "total_ios" : 165466,
        "short_ios" : 0,
        "drop_ios" : 0,
        "slat_ns" : {
          "min" : 940,
          "max" : 18510,
          "mean" : 1560.709904,
          "stddev" : 536.449822,
          "N" : 165466
        },
        "clat_ns" : {
          "min" : 43279,
          "max" : 8415060,
          "mean" : 751384.343738,
          "stddev" : 778363.847326,
          "N" : 165466,
          "percentile" : {
            "1.000000" : 66048,
            "5.000000" : 79360,
            "10.000000" : 89600,
            "20.000000" : 121344,
            "30.000000" : 160768,
            "40.000000" : 230400,
            "50.000000" : 411648,
            "60.000000" : 700416,
            "70.000000" : 1036288,
            "80.000000" : 1417216,
            "90.000000" : 1843200,
            "95.000000" : 2244608,
            "99.000000" : 3194880,
            "99.500000" : 3620864,
            "99.900000" : 4620288,
            "99.950000" : 5341184,
            "99.990000" : 7307264
          }
        },
        "lat_ns" : {
          "min" : 44309,
          "max" : 8417050,
          "mean" : 752945.053642,
          "stddev" : 778327.362163,
          "N" : 165466
        },
        "bw_min" : 49653,
        "bw_max" : 59096,
        "bw_agg" : 100.000000,
        "bw_mean" : 55808.181818,
        "bw_dev" : 2329.711476,
        "bw_samples" : 11,
        "iops_min" : 12413,
        "iops_max" : 14774,
        "iops_mean" : 13951.818182,
        "iops_stddev" : 582.550911,
        "iops_samples" : 11
      },
      "write" : {
        "io_bytes" : 12852314112,
        "io_kbytes" : 12551088,
        "bw_bytes" : 1080934744,
        "bw" : 1055600,
        "iops" : 263900.084104,
        "runtime" : 11890,
        "total_ios" : 3137772,
        "short_ios" : 0,
        "drop_ios" : 0,
        "slat_ns" : {
          "min" : 980,
          "max" : 30490,
          "mean" : 1695.213424,
          "stddev" : 545.310635,
          "N" : 3137772
        },
        "clat_ns" : {
          "min" : 120,
          "max" : 4900560,
          "mean" : 18686.908987,
          "stddev" : 73189.529041,
          "N" : 3137772,
          "percentile" : {
            "1.000000" : 5152,
            "5.000000" : 5984,
            "10.000000" : 6688,
            "20.000000" : 7648,
            "30.000000" : 8512,
            "40.000000" : 10816,
            "50.000000" : 13504,
            "60.000000" : 16512,
            "70.000000" : 20096,
            "80.000000" : 23936,
            "90.000000" : 28288,
            "95.000000" : 31104,
            "99.000000" : 38144,
            "99.500000" : 46336,
            "99.900000" : 1712128,
            "99.950000" : 1974272,
            "99.990000" : 2211840
          }
        },
        "lat_ns" : {
          "min" : 6060,
          "max" : 4901720,
          "mean" : 20382.122411,
          "stddev" : 73181.921308,
          "N" : 3137772
        },
        "bw_min" : 948756,
        "bw_max" : 1118205,
        "bw_agg" : 100.000000,
        "bw_mean" : 1058532.454545,
        "bw_dev" : 41990.538147,
        "bw_samples" : 11,
        "iops_min" : 237183,
        "iops_max" : 279557,
        "iops_mean" : 264632.909091,
        "iops_stddev" : 10499.996052,
        "iops_samples" : 11
      },
      "trim" : {
        "io_bytes" : 0,
        "io_kbytes" : 0,
        "bw_bytes" : 0,
        "bw" : 0,
        "iops" : 0.000000,
        "runtime" : 0,
        "total_ios" : 0,
        "short_ios" : 0,
        "drop_ios" : 0,
        "slat_ns" : {
          "min" : 0,
          "max" : 0,
          "mean" : 0.000000,
          "stddev" : 0.000000,
          "N" : 0
        },
        "clat_ns" : {
          "min" : 0,
          "max" : 0,
          "mean" : 0.000000,
          "stddev" : 0.000000,
          "N" : 0
        },
        "lat_ns" : {
          "min" : 0,
          "max" : 0,
          "mean" : 0.000000,
          "stddev" : 0.000000,
          "N" : 0
        },
        "bw_min" : 0,
        "bw_max" : 0,
        "bw_agg" : 0.000000,
        "bw_mean" : 0.000000,
        "bw_dev" : 0.000000,
        "bw_samples" : 0,
        "iops_min" : 0,
        "iops_max" : 0,
        "iops_mean" : 0.000000,
        "iops_stddev" : 0.000000,
        "iops_samples" : 0
      },
      "sync" : {
        "total_ios" : 0,
        "lat_ns" : {
          "min" : 0,
          "max" : 0,
          "mean" : 0.000000,
          "stddev" : 0.000000,
          "N" : 0
        }
      },
      "job_runtime" : 11889,
      "usr_cpu" : 24.703507,
      "sys_cpu" : 47.766843,
      "ctx" : 387021,
      "majf" : 0,
      "minf" : 40,
      "iodepth_level" : {
        "1" : 0.100000,
        "2" : 0.100000,
        "4" : 0.100000,
        "8" : 0.100000,
        "16" : 99.999546,
        "32" : 0.000000,
        ">=64" : 0.000000
      },
      "iodepth_submit" : {
        "0" : 0.000000,
        "4" : 100.000000,
        "8" : 0.000000,
        "16" : 0.000000,
        "32" : 0.000000,
        "64" : 0.000000,
        ">=64" : 0.000000
      },
      "iodepth_complete" : {
        "0" : 0.000000,
        "4" : 99.999970,
        "8" : 0.000000,
        "16" : 0.100000,
        "32" : 0.000000,
        "64" : 0.000000,
        ">=64" : 0.000000
      },
      "latency_ns" : {
        "2" : 0.000000,
        "4" : 0.000000,
        "10" : 0.000000,
        "20" : 0.000000,
        "50" : 0.000000,
        "100" : 0.000000,
        "250" : 0.010000,
        "500" : 0.010000,
        "750" : 0.010000,
        "1000" : 0.000000
      },
      "latency_us" : {
        "2" : 0.010000,
        "4" : 0.010000,
        "10" : 33.608175,
        "20" : 32.194410,
        "50" : 28.779367,
        "100" : 0.840176,
        "250" : 1.457721,
        "500" : 0.605769,
        "750" : 0.423675,
        "1000" : 0.379809
      },
      "latency_ms" : {
        "2" : 1.272358,
        "4" : 0.408054,
        "10" : 0.014077,
        "20" : 0.000000,
        "50" : 0.000000,
        "100" : 0.000000,
        "250" : 0.000000,
        "500" : 0.000000,
        "750" : 0.000000,
        "1000" : 0.000000,
        "2000" : 0.000000,
        ">=2000" : 0.000000
      },
      "latency_depth" : 16,
      "latency_target" : 0,
      "latency_percentile" : 100.000000,
      "latency_window" : 0,
      "steadystate" : {
        "ss" : "iops:10.000000%",
        "duration" : 10,
        "attained" : 1,
        "criterion" : "2.444531%",
        "max_deviation" : 6821.500000,
        "slope" : 0.000000,
        "data" : {
          "bw_mean" : 1142996418,
          "iops_mean" : 279051,