{
  "fio version" : "fio-3.33",
  "timestamp" : 1687938927,
  "timestamp_ms" : 1687938927358,
  "time" : "Wed Jun 28 07:55:27 2023",
  "jobs" : [
    {
      "jobname" : "FIOJOB",
      "groupid" : 0,
      "error" : 0,
      "eta" : 0,
      "elapsed" : 13,
      "job options" : {
        "ioengine" : "io_uring",
        "rw" : "randrw",
        "bs" : "4k",
        "iodepth" : "8",
        "numjobs" : "2",
        "rwmixread" : "5",
        "runtime" : "60",
        "loops" : "1",
        "direct" : "1",
        "steadystate" : "iops:10%%",
        "steadystate_duration" : "10",
        "steadystate_ramp_time" : "1",
        "log_avg_msec" : "1000",
        "invalidate" : "1",
        "write_bw_log" : "/home/user/benchmarks/4096s/1x/nvme2n1/randrw5/4k/randrw-iodepth-8-numjobs-2",
        "write_lat_log" : "/home/user/benchmarks/4096s/1x/nvme2n1/randrw5/4k/randrw-iodepth-8-numjobs-2",
        "write_iops_log" : "/home/user/benchmarks/4096s/1x/nvme2n1/randrw5/4k/randrw-iodepth-8-numjobs-2",
        "filename" : "/dev/nvme2n1"
      },
      "read" : {
        "io_bytes" : 334680064,
        "io_kbytes" : 326836,
        "bw_bytes" : 28152764,
        "bw" : 27492,
        "iops" : 6873.233513,
        "runtime" : 11888,
        "total_ios" : 81709,
        "short_ios" : 0,
        "drop_ios" : 0,
        "slat_ns" : {
          "min" : 931,
          "max" : 22151,
          "mean" : 2316.580413,
          "stddev" : 837.711454,
          "N" : 81709
        },
        "clat_ns" : {
          "min" : 44650,
          "max" : 11127120,
          "mean" : 747652.740616,
          "stddev" : 745248.964426,
          "N" : 81709,
          "percentile" : {
            "1.000000" : 65280,
            "5.000000" : 75264,
            "10.000000" : 87552,
            "20.000000" : 124416,
            "30.000000" : 181248,
            "40.000000" : 301056,
            "50.000000" : 489472,
            "60.000000" : 716800,
            "70.000000" : 995328,
            "80.000000" : 1351680,
            "90.000000" : 1777664,
            "95.000000" : 2179072,
            "99.000000" : 3063808,
            "99.500000" : 3457024,
            "99.900000" : 4882432,
            "99.950000" : 6127616,
            "99.990000" : 7962624
          }
        },
        "lat_ns" : {
          "min" : 47450,
          "max" : 11129490,
          "mean" : 749969.321030,
          "stddev" : 745178.313904,
          "N" : 81709
        },
        "bw_min" : 24580,
        "bw_max" : 30120,
        "bw_agg" : 50.691213,
        "bw_mean" : 27644.272727,
        "bw_dev" : 1874.083568,
        "bw_samples" : 11,
        "iops_min" : 6145,
        "iops_max" : 7530,
        "iops_mean" : 6910.909091,
        "iops_stddev" : 468.603554,
        "iops_samples" : 11
      },
      "write" : {
        "io_bytes" : 6351585280,
        "io_kbytes" : 6202720,
        "bw_bytes" : 534285437,
        "bw" : 521763,
        "iops" : 130440.780619,
        "runtime" : 11888,
        "total_ios" : 1550680,
        "short_ios" : 0,
        "drop_ios" : 0,
        "slat_ns" : {
          "min" : 990,
          "max" : 39660,
          "mean" : 2483.623383,
          "stddev" : 854.748911,
          "N" : 1550680
        },
        "clat_ns" : {
          "min" : 200,
          "max" : 3173880,
          "mean" : 18515.529037,
          "stddev" : 72725.840316,
          "N" : 1550680,
          "percentile" : {
            "1.000000" : 6432,
            "5.000000" : 7072,
            "10.000000" : 7968,
            "20.000000" : 8768,
            "30.000000" : 9664,
            "40.000000" : 11584,
            "50.000000" : 12864,
            "60.000000" : 15168,
            "70.000000" : 17792,
            "80.000000" : 21632,
            "90.000000" : 28288,
            "95.000000" : 32384,
            "99.000000" : 37120,
            "99.500000" : 43264,
            "99.900000" : 1646592,
            "99.950000" : 2007040,
            "99.990000" : 2310144
          }
        },
        "lat_ns" : {
          "min" : 6400,
          "max" : 3176520,
          "mean" : 20999.152420,
          "stddev" : 72736.673570,
          "N" : 1550680
        },
        "bw_min" : 469477,
        "bw_max" : 565473,
        "bw_agg" : 50.645698,
        "bw_mean" : 524403.000000,
        "bw_dev" : 35245.616059,
        "bw_samples" : 11,
        "iops_min" : 117365,
        "iops_max" : 141368,
        "iops_mean" : 131100.545455,
        "iops_stddev" : 8812.556058,
        "iops_samples" : 11
      },
      "trim" : {
        "io_bytes" : 0,
        "io_kbytes" : 0,
        "bw_bytes" : 0,
        "bw" : 0,
        "iops" : 0.000000,
        "runtime" : 0,
        "total_ios" : 0,
        "short_ios" : 0,
        "drop_ios" : 0,
        "slat_ns" : {
          "min" : 0,
          "max" : 0,
          "mean" : 0.000000,
          "stddev" : 0.000000,
          "N" : 0
        },
        "clat_ns" : {
          "min" : 0,
          "max" : 0,
          "mean" : 0.000000,
          "stddev" : 0.000000,
          "N" : 0
        },
        "lat_ns" : {
          "min" : 0,
          "max" : 0,
          "mean" : 0.000000,
          "stddev" : 0.000000,
          "N" : 0
        },
        "bw_min" : 0,
        "bw_max" : 0,
        "bw_agg" : 0.000000,
        "bw_mean" : 0.000000,
        "bw_dev" : 0.000000,
        "bw_samples" : 0,
        "iops_min" : 0,
        "iops_max" : 0,
        "iops_mean" : 0.000000,
        "iops_stddev" : 0.000000,
        "iops_samples" : 0
      },
      "sync" : {
        "total_ios" : 0,
        "lat_ns" : {
          "min" : 0,
          "max" : 0,
          "mean" : 0.000000,
          "stddev" : 0.000000,
          "N" : 0
        }
      },
      "job_runtime" : 11887,
      "usr_cpu" : 19.517120,
      "sys_cpu" : 40.514848,
      "ctx" : 440111,
      "majf" : 0,
      "minf" : 42,
      "iodepth_level" : {
        "1" : 0.100000,
        "2" : 0.100000,
        "4" : 0.100000,
        "8" : 99.999571,
        "16" : 0.000000,
        "32" : 0.000000,
        ">=64" : 0.000000
      },
      "iodepth_submit" : {
        "0" : 0.000000,
        "4" : 100.000000,
        "8" : 0.000000,
        "16" : 0.000000,
        "32" : 0.000000,
        "64" : 0.000000,
        ">=64" : 0.000000
      },
      "iodepth_complete" : {
        "0" : 0.000000,
        "4" : 99.999939,
        "8" : 0.100000,
        "16" : 0.000000,
        "32" : 0.000000,
        "64" : 0.000000,
        ">=64" : 0.000000
      },
      "latency_ns" : {
        "2" : 0.000000,
        "4" : 0.000000,
        "10" : 0.000000,
        "20" : 0.000000,
        "50" : 0.000000,
        "100" : 0.000000,
        "250" : 0.010000,
        "500" : 0.010000,
        "750" : 0.010000,
        "1000" : 0.010000
      },
      "latency_us" : {
        "2" : 0.000000,
        "4" : 0.010000,
        "10" : 30.935273,
        "20" : 41.188957,
        "50" : 22.516018,
        "100" : 0.788660,
        "250" : 1.191505,
        "500" : 0.727768,
        "750" : 0.566164,
        "1000" : 0.444073
      },
      "latency_ms" : {
        "2" : 1.248354,
        "4" : 0.373624,
        "10" : 0.012803,
        "20" : 0.010000,
        "50" : 0.000000,
        "100" : 0.000000,
        "250" : 0.000000,
        "500" : 0.000000,
        "750" : 0.000000,
        "1000" : 0.000000,
        "2000" : 0.000000,
        ">=2000" : 0.000000
      },
      "latency_depth" : 8,
      "latency_target" : 0,
      "latency_percentile" : 100.000000,
      "latency_window" : 0,
      "steadystate" : {
        "ss" : "iops:10.000000%",
        "duration" : 10,
        "attained" : 1,
        "criterion" : "8.025231%",
        "max_deviation" : 11026.900000,
        "slope" : 0.000000,
        "data" : {
          "bw_mean" : 562803265,
          "iops_mean" : 137402,