{
  "fio version" : "fio-3.33",
  "timestamp" : 1687914205,
  "timestamp_ms" : 1687914205185,
  "time" : "Wed Jun 28 01:03:25 2023",
  "jobs" : [
    {
      "jobname" : "FIOJOB",
      "groupid" : 0,
      "error" : 0,
      "eta" : 0,
      "elapsed" : 19,
      "job options" : {
        "ioengine" : "io_uring",
        "rw" : "randrw",
        "bs" : "4k",
        "iodepth" : "1",
        "numjobs" : "2",
        "rwmixread" : "50",
        "runtime" : "60",
        "loops" : "1",
        "direct" : "1",
        "steadystate" : "iops:10%%",
        "steadystate_duration" : "10",
        "steadystate_ramp_time" : "1",
        "log_avg_msec" : "1000",
        "invalidate" : "1",
        "write_bw_log" : "/home/user/benchmarks/512s/1x/nvme3n1/randrw50/4k/randrw-iodepth-1-numjobs-2",
        "write_lat_log" : "/home/user/benchmarks/512s/1x/nvme3n1/randrw50/4k/randrw-iodepth-1-numjobs-2",
        "write_iops_log" : "/home/user/benchmarks/512s/1x/nvme3n1/randrw50/4k/randrw-iodepth-1-numjobs-2",
        "filename" : "/dev/nvme3n1"
      },
      "read" : {
        "io_bytes" : 682119168,
        "io_kbytes" : 666132,
        "bw_bytes" : 38132779,
        "bw" : 37239,
        "iops" : 9309.760733,
        "runtime" : 17888,
        "total_ios" : 166533,
        "short_ios" : 0,
        "drop_ios" : 0,
        "slat_ns" : {
          "min" : 1040,
          "max" : 35109,
          "mean" : 2535.818234,
          "stddev" : 354.124734,
          "N" : 166533
        },
        "clat_ns" : {
          "min" : 44050,
          "max" : 3497670,
          "mean" : 90847.030102,
          "stddev" : 141280.449624,
          "N" : 166533,
          "percentile" : {
            "1.000000" : 59136,
            "5.000000" : 62720,
            "10.000000" : 63232,
            "20.000000" : 63744,
            "30.000000" : 64256,
            "40.000000" : 64768,
            "50.000000" : 66048,
            "60.000000" : 75264,
            "70.000000" : 77312,
            "80.000000" : 94720,
            "90.000000" : 99840,
            "95.000000" : 110080,
            "99.000000" : 847872,
            "99.500000" : 1433600,
            "99.900000" : 1777664,
            "99.950000" : 1826816,
            "99.990000" : 2056192
          }
        },
        "lat_ns" : {
          "min" : 46520,
          "max" : 3500579,
          "mean" : 93382.848336,
          "stddev" : 141284.206899,
          "N" : 166533
        },
        "bw_min" : 34194,
        "bw_max" : 41960,
        "bw_agg" : 53.837789,
        "bw_mean" : 37027.000000,
        "bw_dev" : 2342.783067,
        "bw_samples" : 17,
        "iops_min" : 8548,
        "iops_max" : 10490,
        "iops_mean" : 9256.529412,
        "iops_stddev" : 585.771619,
        "iops_samples" : 17
      },
      "write" : {
        "io_bytes" : 681639936,
        "io_kbytes" : 665664,
        "bw_bytes" : 38105989,
        "bw" : 37212,
        "iops" : 9303.220036,
        "runtime" : 17888,
        "total_ios" : 166416,
        "short_ios" : 0,
        "drop_ios" : 0,
        "slat_ns" : {
          "min" : 1111,
          "max" : 36460,
          "mean" : 2857.465298,
          "stddev" : 396.115274,
          "N" : 166416
        },
        "clat_ns" : {
          "min" : 310,
          "max" : 46609,
          "mean" : 9237.681852,
          "stddev" : 875.762168,
          "N" : 166416,
          "percentile" : {
            "1.000000" : 7456,
            "5.000000" : 7904,
            "10.000000" : 8512,
            "20.000000" : 8640,
            "30.000000" : 8768,
            "40.000000" : 9024,
            "50.000000" : 9408,
            "60.000000" : 9536,
            "70.000000" : 9664,
            "80.000000" : 9792,
            "90.000000" : 9920,
            "95.000000" : 10048,
            "99.000000" : 10688,
            "99.500000" : 11456,
            "99.900000" : 20352,
            "99.950000" : 21120,
            "99.990000" : 27008
          }
        },
        "lat_ns" : {
          "min" : 6940,
          "max" : 51590,
          "mean" : 12095.147149,
          "stddev" : 1083.383744,
          "N" : 166416
        },
        "bw_min" : 33712,
        "bw_max" : 42308,
        "bw_agg" : 53.803639,
        "bw_mean" : 37051.647059,
        "bw_dev" : 2415.568876,
        "bw_samples" : 17,
        "iops_min" : 8428,
        "iops_max" : 10577,
        "iops_mean" : 9262.647059,
        "iops_stddev" : 603.954876,
        "iops_samples" : 17
      },
      "trim" : {
        "io_bytes" : 0,
        "io_kbytes" : 0,
        "bw_bytes" : 0,
        "bw" : 0,
        "iops" : 0.000000,
        "runtime" : 0,
        "total_ios" : 0,
        "short_ios" : 0,
        "drop_ios" : 0,
        "slat_ns" : {
          "min" : 0,
          "max" : 0,
          "mean" : 0.000000,
          "stddev" : 0.000000,
          "N" : 0
        },
        "clat_ns" : {
          "min" : 0,
          "max" : 0,
          "mean" : 0.000000,
          "stddev" : 0.000000,
          "N" : 0
        },
        "lat_ns" : {
          "min" : 0,
          "max" : 0,
          "mean" : 0.000000,
          "stddev" : 0.000000,
          "N" : 0
        },
        "bw_min" : 0,
        "bw_max" : 0,
        "bw_agg" : 0.000000,
        "bw_mean" : 0.000000,
        "bw_dev" : 0.000000,
        "bw_samples" : 0,
        "iops_min" : 0,
        "iops_max" : 0,
        "iops_mean" : 0.000000,
        "iops_stddev" : 0.000000,
        "iops_samples" : 0
      },
      "sync" : {
        "total_ios" : 0,
        "lat_ns" : {
          "min" : 0,
          "max" : 0,
          "mean" : 0.000000,
          "stddev" : 0.000000,
          "N" : 0
        }
      },
      "job_runtime" : 17887,
      "usr_cpu" : 4.584335,
      "sys_cpu" : 9.671829,
      "ctx" : 332907,
      "majf" : 0,
      "minf" : 42,
      "iodepth_level" : {
        "1" : 100.000000,
        "2" : 0.000000,
        "4" : 0.000000,
        "8" : 0.000000,
        "16" : 0.000000,
        "32" : 0.000000,
        ">=64" : 0.000000
      },
      "iodepth_submit" : {
        "0" : 0.000000,
        "4" : 100.000000,
        "8" : 0.000000,
        "16" : 0.000000,
        "32" : 0.000000,
        "64" : 0.000000,
        ">=64" : 0.000000
      },
      "iodepth_complete" : {
        "0" : 0.000000,
        "4" : 100.000000,
        "8" : 0.000000,
        "16" : 0.000000,
        "32" : 0.000000,
        "64" : 0.000000,
        ">=64" : 0.000000
      },
      "latency_ns" : {
        "2" : 0.000000,
        "4" : 0.000000,
        "10" : 0.000000,
        "20" : 0.000000,
        "50" : 0.000000,
        "100" : 0.000000,
        "250" : 0.000000,
        "500" : 0.010000,
        "750" : 0.000000,
        "1000" : 0.010000
      },
      "latency_us" : {
        "2" : 0.000000,
        "4" : 0.010000,
        "10" : 47.032428,
        "20" : 2.889632,
        "50" : 0.283827,
        "100" : 44.689427,
        "250" : 4.369738,
        "500" : 0.104220,
        "750" : 0.088903,
        "1000" : 0.098213
      },
      "latency_ms" : {
        "2" : 0.430096,
        "4" : 0.010000,
        "10" : 0.000000,
        "20" : 0.000000,
        "50" : 0.000000,
        "100" : 0.000000,
        "250" : 0.000000,
        "500" : 0.000000,
        "750" : 0.000000,
        "1000" : 0.000000,
        "2000" : 0.000000,
        ">=2000" : 0.000000
      },
      "latency_depth" : 1,
      "latency_target" : 0,
      "latency_percentile" : 100.000000,
      "latency_window" : 0,
      "steadystate" : {
        "ss" : "iops:10.000000%",
        "duration" : 10,
        "attained" : 1,
        "criterion" : "9.093572%",
        "max_deviation" : 1738.800000,
        "slope" : 0.000000,
        "data" : {
          "bw_mean" : 78322367,
          "iops_mean" : 19121,