{
  "fio version" : "fio-3.33",
  "timestamp" : 1687914138,
  "timestamp_ms" : 1687914138262,
  "time" : "Wed Jun 28 01:02:18 2023",
  "jobs" : [
    {
      "jobname" : "FIOJOB",
      "groupid" : 0,
      "error" : 0,
      "eta" : 0,
      "elapsed" : 13,
      "job options" : {
        "ioengine" : "io_uring",
        "rw" : "randrw",
        "bs" : "4k",
        "iodepth" : "1",
        "numjobs" : "1",
        "rwmixread" : "50",
        "runtime" : "60",
        "loops" : "1",
        "direct" : "1",
        "steadystate" : "iops:10%%",
        "steadystate_duration" : "10",
        "steadystate_ramp_time" : "1",
        "log_avg_msec" : "1000",
        "invalidate" : "1",
        "write_bw_log" : "/home/user/benchmarks/512s/1x/nvme3n1/randrw50/4k/randrw-iodepth-1-numjobs-1",
        "write_lat_log" : "/home/user/benchmarks/512s/1x/nvme3n1/randrw50/4k/randrw-iodepth-1-numjobs-1",
        "write_iops_log" : "/home/user/benchmarks/512s/1x/nvme3n1/randrw50/4k/randrw-iodepth-1-numjobs-1",
        "filename" : "/dev/nvme3n1"
      },
      "read" : {
        "io_bytes" : 535793664,
        "io_kbytes" : 523236,
        "bw_bytes" : 45070126,
        "bw" : 44013,
        "iops" : 11003.448856,
        "runtime" : 11888,
        "total_ios" : 130809,
        "short_ios" : 0,
        "drop_ios" : 0,
        "slat_ns" : {
          "min" : 1069,
          "max" : 28090,
          "mean" : 2539.059736,
          "stddev" : 238.678383,
          "N" : 130809
        },
        "clat_ns" : {
          "min" : 44090,
          "max" : 2891420,
          "mean" : 74051.162168,
          "stddev" : 74901.232225,
          "N" : 130809,
          "percentile" : {
            "1.000000" : 60160,
            "5.000000" : 63232,
            "10.000000" : 63232,
            "20.000000" : 63744,
            "30.000000" : 64256,
            "40.000000" : 64256,
            "50.000000" : 65280,
            "60.000000" : 66048,
            "70.000000" : 76288,
            "80.000000" : 76288,
            "90.000000" : 77312,
            "95.000000" : 80384,
            "99.000000" : 110080,
            "99.500000" : 142336,
            "99.900000" : 1581056,
            "99.950000" : 1777664,
            "99.990000" : 1957888
          }
        },
        "lat_ns" : {
          "min" : 46520,
          "max" : 2893900,
          "mean" : 76590.221904,
          "stddev" : 74904.278047,
          "N" : 130809
        },
        "bw_min" : 42552,
        "bw_max" : 44852,
        "bw_agg" : 99.884593,
        "bw_mean" : 43963.636364,
        "bw_dev" : 800.080280,
        "bw_samples" : 11,
        "iops_min" : 10638,
        "iops_max" : 11213,
        "iops_mean" : 10990.636364,
        "iops_stddev" : 200.067625,
        "iops_samples" : 11
      },
      "write" : {
        "io_bytes" : 535982080,
        "io_kbytes" : 523420,
        "bw_bytes" : 45085975,
        "bw" : 44029,
        "iops" : 11007.318304,
        "runtime" : 11888,
        "total_ios" : 130855,
        "short_ios" : 0,
        "drop_ios" : 0,
        "slat_ns" : {
          "min" : 1171,
          "max" : 26890,
          "mean" : 2849.208192,
          "stddev" : 284.757615,
          "N" : 130855
        },
        "clat_ns" : {
          "min" : 351,
          "max" : 63090,
          "mean" : 9421.967965,
          "stddev" : 1111.934395,
          "N" : 130855,
          "percentile" : {
            "1.000000" : 8384,
            "5.000000" : 8512,
            "10.000000" : 8640,
            "20.000000" : 8768,
            "30.000000" : 8768,
            "40.000000" : 8896,
            "50.000000" : 8896,
            "60.000000" : 9024,
            "70.000000" : 9408,
            "80.000000" : 10560,
            "90.000000" : 10688,
            "95.000000" : 10944,
            "99.000000" : 12480,
            "99.500000" : 13376,
            "99.900000" : 21120,
            "99.950000" : 21632,
            "99.990000" : 24960
          }
        },
        "lat_ns" : {
          "min" : 7680,
          "max" : 65920,
          "mean" : 12271.176157,
          "stddev" : 1188.414941,
          "N" : 130855
        },
        "bw_min" : 40960,
        "bw_max" : 45549,
        "bw_agg" : 99.726835,
        "bw_mean" : 43909.909091,
        "bw_dev" : 1202.079736,
        "bw_samples" : 11,
        "iops_min" : 10240,
        "iops_max" : 11387,
        "iops_mean" : 10977.181818,
        "iops_stddev" : 300.558420,
        "iops_samples" : 11
      },
      "trim" : {
        "io_bytes" : 0,
        "io_kbytes" : 0,
        "bw_bytes" : 0,
        "bw" : 0,
        "iops" : 0.000000,
        "runtime" : 0,
        "total_ios" : 0,
        "short_ios" : 0,
        "drop_ios" : 0,
        "slat_ns" : {
          "min" : 0,
          "max" : 0,
          "mean" : 0.000000,
          "stddev" : 0.000000,
          "N" : 0
        },
        "clat_ns" : {
          "min" : 0,
          "max" : 0,
          "mean" : 0.000000,
          "stddev" : 0.000000,
          "N" : 0
        },
        "lat_ns" : {
          "min" : 0,
          "max" : 0,
          "mean" : 0.000000,
          "stddev" : 0.000000,
          "N" : 0
        },
        "bw_min" : 0,
        "bw_max" : 0,
        "bw_agg" : 0.000000,
        "bw_mean" : 0.000000,
        "bw_dev" : 0.000000,
        "bw_samples" : 0,
        "iops_min" : 0,
        "iops_max" : 0,
        "iops_mean" : 0.000000,
        "iops_stddev" : 0.000000,
        "iops_samples" : 0
      },
      "sync" : {
        "total_ios" : 0,
        "lat_ns" : {
          "min" : 0,
          "max" : 0,
          "mean" : 0.000000,
          "stddev" : 0.000000,
          "N" : 0
        }
      },
      "job_runtime" : 11887,
      "usr_cpu" : 4.618491,
      "sys_cpu" : 12.484226,
      "ctx" : 261640,
      "majf" : 0,
      "minf" : 40,
      "iodepth_level" : {
        "1" : 100.000000,
        "2" : 0.000000,
        "4" : 0.000000,
        "8" : 0.000000,
        "16" : 0.000000,
        "32" : 0.000000,
        ">=64" : 0.000000
      },
      "iodepth_submit" : {
        "0" : 0.000000,
        "4" : 100.000000,
        "8" : 0.000000,
        "16" : 0.000000,
        "32" : 0.000000,
        "64" : 0.000000,
        ">=64" : 0.000000
      },
      "iodepth_complete" : {
        "0" : 0.000000,
        "4" : 100.000000,
        "8" : 0.000000,
        "16" : 0.000000,
        "32" : 0.000000,
        "64" : 0.000000,
        ">=64" : 0.000000
      },
      "latency_ns" : {
        "2" : 0.000000,
        "4" : 0.000000,
        "10" : 0.000000,
        "20" : 0.000000,
        "50" : 0.000000,
        "100" : 0.000000,
        "250" : 0.000000,
        "500" : 0.010000,
        "750" : 0.000000,
        "1000" : 0.010000
      },
      "latency_us" : {
        "2" : 0.000000,
        "4" : 0.010000,
        "10" : 36.065336,
        "20" : 13.878868,
        "50" : 0.068026,
        "100" : 48.918460,
        "250" : 0.893512,
        "500" : 0.022930,
        "750" : 0.011847,
        "1000" : 0.025605
      },
      "latency_ms" : {
        "2" : 0.109683,
        "4" : 0.010000,
        "10" : 0.000000,
        "20" : 0.000000,
        "50" : 0.000000,
        "100" : 0.000000,
        "250" : 0.000000,
        "500" : 0.000000,
        "750" : 0.000000,
        "1000" : 0.000000,
        "2000" : 0.000000,
        ">=2000" : 0.000000
      },
      "latency_depth" : 1,
      "latency_target" : 0,
      "latency_percentile" : 100.000000,
      "latency_window" : 0,
      "steadystate" : {
        "ss" : "iops:10.000000%",
        "duration" : 10,
        "attained" : 1,
        "criterion" : "4.808093%",
        "max_deviation" : 1060.800000,
        "slope" : 0.000000,
        "data" : {
          "bw_mean" : 90370779,
          "iops_mean" : 22062,