{
  "fio version" : "fio-3.33",
  "timestamp" : 1687919920,
  "timestamp_ms" : 1687919920409,
  "time" : "Wed Jun 28 02:38:40 2023",
  "jobs" : [
    {
      "jobname" : "FIOJOB",
      "groupid" : 0,
      "error" : 0,
      "eta" : 0,
      "elapsed" : 13,
      "job options" : {
        "ioengine" : "io_uring",
        "rw" : "randrw",
        "bs" : "4k",
        "iodepth" : "64",
        "numjobs" : "1",
        "rwmixread" : "50",
        "runtime" : "60",
        "loops" : "1",
        "direct" : "1",
        "steadystate" : "iops:10%%",
        "steadystate_duration" : "10",
        "steadystate_ramp_time" : "1",
        "log_avg_msec" : "1000",
        "invalidate" : "1",
        "write_bw_log" : "/home/user/benchmarks/512s/1x/nvme3n1/randrw50/4k/randrw-iodepth-64-numjobs-1",
        "write_lat_log" : "/home/user/benchmarks/512s/1x/nvme3n1/randrw50/4k/randrw-iodepth-64-numjobs-1",
        "write_iops_log" : "/home/user/benchmarks/512s/1x/nvme3n1/randrw50/4k/randrw-iodepth-64-numjobs-1",
        "filename" : "/dev/nvme3n1"
      },
      "read" : {
        "io_bytes" : 6127140864,
        "io_kbytes" : 5983536,
        "bw_bytes" : 515232161,
        "bw" : 503156,
        "iops" : 125789.101917,
        "runtime" : 11892,
        "total_ios" : 1495884,
        "short_ios" : 0,
        "drop_ios" : 0,
        "slat_ns" : {
          "min" : 929,
          "max" : 26980,
          "mean" : 1429.642244,
          "stddev" : 717.554298,
          "N" : 1495884
        },
        "clat_ns" : {
          "min" : 44190,
          "max" : 7564370,
          "mean" : 489864.345144,
          "stddev" : 472962.672752,
          "N" : 1495884,
          "percentile" : {
            "1.000000" : 79360,
            "5.000000" : 100864,
            "10.000000" : 126464,
            "20.000000" : 181248,
            "30.000000" : 234496,
            "40.000000" : 280576,
            "50.000000" : 329728,
            "60.000000" : 387072,
            "70.000000" : 473088,
            "80.000000" : 667648,
            "90.000000" : 1138688,
            "95.000000" : 1564672,
            "99.000000" : 2211840,
            "99.500000" : 2572288,
            "99.900000" : 3424256,
            "99.950000" : 3883008,
            "99.990000" : 5079040
          }
        },
        "lat_ns" : {
          "min" : 45230,
          "max" : 7567260,
          "mean" : 491293.987387,
          "stddev" : 472923.643262,
          "N" : 1495884
        },
        "bw_min" : 489461,
        "bw_max" : 520964,
        "bw_agg" : 100.000000,
        "bw_mean" : 504877.636364,
        "bw_dev" : 9436.909741,
        "bw_samples" : 11,
        "iops_min" : 122366,
        "iops_max" : 130241,
        "iops_mean" : 126220.545455,
        "iops_stddev" : 2360.286735,
        "iops_samples" : 11
      },
      "write" : {
        "io_bytes" : 6119333888,
        "io_kbytes" : 5975912,
        "bw_bytes" : 514575671,
        "bw" : 502515,
        "iops" : 125628.826102,
        "runtime" : 11892,
        "total_ios" : 1493978,
        "short_ios" : 0,
        "drop_ios" : 0,
        "slat_ns" : {
          "min" : 1000,
          "max" : 28160,
          "mean" : 1675.455523,
          "stddev" : 785.506211,
          "N" : 1493978
        },
        "clat_ns" : {
          "min" : 140,
          "max" : 1105530,
          "mean" : 14768.459210,
          "stddev" : 10787.838671,
          "N" : 1493978,
          "percentile" : {
            "1.000000" : 5152,
            "5.000000" : 5664,
            "10.000000" : 6112,
            "20.000000" : 6752,
            "30.000000" : 7584,
            "40.000000" : 9152,
            "50.000000" : 10816,
            "60.000000" : 13504,
            "70.000000" : 17792,
            "80.000000" : 22656,
            "90.000000" : 28288,
            "95.000000" : 34560,
            "99.000000" : 48896,
            "99.500000" : 54528,
            "99.900000" : 65280,
            "99.950000" : 69120,
            "99.990000" : 90624
          }
        },
        "lat_ns" : {
          "min" : 6070,
          "max" : 1106750,
          "mean" : 16443.914733,
          "stddev" : 10892.009532,
          "N" : 1493978
        },
        "bw_min" : 489425,
        "bw_max" : 522430,
        "bw_agg" : 100.000000,
        "bw_mean" : 504239.090909,
        "bw_dev" : 10007.923465,
        "bw_samples" : 11,
        "iops_min" : 122356,
        "iops_max" : 130608,
        "iops_mean" : 126059.727273,
        "iops_stddev" : 2502.815059,
        "iops_samples" : 11
      },
      "trim" : {
        "io_bytes" : 0,
        "io_kbytes" : 0,
        "bw_bytes" : 0,
        "bw" : 0,
        "iops" : 0.000000,
        "runtime" : 0,
        "total_ios" : 0,
        "short_ios" : 0,
        "drop_ios" : 0,
        "slat_ns" : {
          "min" : 0,
          "max" : 0,
          "mean" : 0.000000,
          "stddev" : 0.000000,
          "N" : 0
        },
        "clat_ns" : {
          "min" : 0,
          "max" : 0,
          "mean" : 0.000000,
          "stddev" : 0.000000,
          "N" : 0
        },
        "lat_ns" : {
          "min" : 0,
          "max" : 0,
          "mean" : 0.000000,
          "stddev" : 0.000000,
          "N" : 0
        },
        "bw_min" : 0,
        "bw_max" : 0,
        "bw_agg" : 0.000000,
        "bw_mean" : 0.000000,
        "bw_dev" : 0.000000,
        "bw_samples" : 0,
        "iops_min" : 0,
        "iops_max" : 0,
        "iops_mean" : 0.000000,
        "iops_stddev" : 0.000000,
        "iops_samples" : 0
      },
      "sync" : {
        "total_ios" : 0,
        "lat_ns" : {
          "min" : 0,
          "max" : 0,
          "mean" : 0.000000,
          "stddev" : 0.000000,
          "N" : 0
        }
      },
      "job_runtime" : 11891,
      "usr_cpu" : 23.084686,
      "sys_cpu" : 41.426289,
      "ctx" : 555541,
      "majf" : 0,
      "minf" : 40,
      "iodepth_level" : {
        "1" : 0.100000,
        "2" : 0.100000,
        "4" : 0.100000,
        "8" : 0.100000,
        "16" : 0.100000,
        "32" : 0.100000,
        ">=64" : 99.997893
      },
      "iodepth_submit" : {
        "0" : 0.000000,
        "4" : 100.000000,
        "8" : 0.000000,
        "16" : 0.000000,
        "32" : 0.000000,
        "64" : 0.000000,
        ">=64" : 0.000000
      },
      "iodepth_complete" : {
        "0" : 0.000000,
        "4" : 99.999967,
        "8" : 0.000000,
        "16" : 0.000000,
        "32" : 0.000000,
        "64" : 0.100000,
        ">=64" : 0.000000
      },
      "latency_ns" : {
        "2" : 0.000000,
        "4" : 0.000000,
        "10" : 0.000000,
        "20" : 0.000000,
        "50" : 0.000000,
        "100" : 0.000000,
        "250" : 0.010000,
        "500" : 0.010000,
        "750" : 0.000000,
        "1000" : 0.000000
      },
      "latency_us" : {
        "2" : 0.010000,
        "4" : 0.010000,
        "10" : 23.069192,
        "20" : 14.128746,
        "50" : 12.315418,
        "100" : 2.858995,
        "250" : 14.154466,
        "500" : 19.455982,
        "750" : 5.221144,
        "1000" : 2.701797
      },
      "latency_ms" : {
        "2" : 5.264323,
        "4" : 0.800204,
        "10" : 0.021539,
        "20" : 0.000000,
        "50" : 0.000000,
        "100" : 0.000000,
        "250" : 0.000000,
        "500" : 0.000000,
        "750" : 0.000000,
        "1000" : 0.000000,
        "2000" : 0.000000,
        ">=2000" : 0.000000
      },
      "latency_depth" : 64,
      "latency_target" : 0,
      "latency_percentile" : 100.000000,
      "latency_window" : 0,
      "steadystate" : {
        "ss" : "iops:10.000000%",
        "duration" : 10,
        "attained" : 1,
        "criterion" : "3.296457%",
        "max_deviation" : 8288.700000,
        "slope" : 0.000000,
        "data" : {
          "bw_mean" : 1029910210,
          "iops_mean" : 251442,