{
  "fio version" : "fio-3.33",
  "timestamp" : 1687916629,
  "timestamp_ms" : 1687916629387,
  "time" : "Wed Jun 28 01:43:49 2023",
  "jobs" : [
    {
      "jobname" : "FIOJOB",
      "groupid" : 0,
      "error" : 0,
      "eta" : 0,
      "elapsed" : 13,
      "job options" : {
        "ioengine" : "io_uring",
        "rw" : "randrw",
        "bs" : "4k",
        "iodepth" : "8",
        "numjobs" : "1",
        "rwmixread" : "50",
        "runtime" : "60",
        "loops" : "1",
        "direct" : "1",
        "steadystate" : "iops:10%%",
        "steadystate_duration" : "10",
        "steadystate_ramp_time" : "1",
        "log_avg_msec" : "1000",
        "invalidate" : "1",
        "write_bw_log" : "/home/user/benchmarks/512s/1x/nvme3n1/randrw50/4k/randrw-iodepth-8-numjobs-1",
        "write_lat_log" : "/home/user/benchmarks/512s/1x/nvme3n1/randrw50/4k/randrw-iodepth-8-numjobs-1",
        "write_iops_log" : "/home/user/benchmarks/512s/1x/nvme3n1/randrw50/4k/randrw-iodepth-8-numjobs-1",
        "filename" : "/dev/nvme3n1"
      },
      "read" : {
        "io_bytes" : 1697591296,
        "io_kbytes" : 1657804,
        "bw_bytes" : 142786718,
        "bw" : 139440,
        "iops" : 34860.038691,
        "runtime" : 11889,
        "total_ios" : 414451,
        "short_ios" : 0,
        "drop_ios" : 0,
        "slat_ns" : {
          "min" : 950,
          "max" : 32370,
          "mean" : 2873.397147,
          "stddev" : 853.476072,
          "N" : 414451
        },
        "clat_ns" : {
          "min" : 42630,
          "max" : 5464170,
          "mean" : 208884.379883,
          "stddev" : 218981.196356,
          "N" : 414451,
          "percentile" : {
            "1.000000" : 63744,
            "5.000000" : 67072,
            "10.000000" : 73216,
            "20.000000" : 91648,
            "30.000000" : 112128,
            "40.000000" : 140288,
            "50.000000" : 171008,
            "60.000000" : 203776,
            "70.000000" : 230400,
            "80.000000" : 259072,
            "90.000000" : 305152,
            "95.000000" : 366592,
            "99.000000" : 1515520,
            "99.500000" : 1744896,
            "99.900000" : 2056192,
            "99.950000" : 2211840,
            "99.990000" : 2998272
          }
        },
        "lat_ns" : {
          "min" : 43830,
          "max" : 5466730,
          "mean" : 211757.777030,
          "stddev" : 218944.549631,
          "N" : 414451
        },
        "bw_min" : 136140,
        "bw_max" : 142912,
        "bw_agg" : 100.000000,
        "bw_mean" : 139757.090909,
        "bw_dev" : 2130.817986,
        "bw_samples" : 11,
        "iops_min" : 34035,
        "iops_max" : 35728,
        "iops_mean" : 34939.000000,
        "iops_stddev" : 532.751912,
        "iops_samples" : 11
      },
      "write" : {
        "io_bytes" : 1695350784,
        "io_kbytes" : 1655616,
        "bw_bytes" : 142598265,
        "bw" : 139256,
        "iops" : 34814.029775,
        "runtime" : 11889,
        "total_ios" : 413904,
        "short_ios" : 0,
        "drop_ios" : 0,
        "slat_ns" : {
          "min" : 1029,
          "max" : 30240,
          "mean" : 3226.570425,
          "stddev" : 898.414257,
          "N" : 413904
        },
        "clat_ns" : {
          "min" : 249,
          "max" : 126080,
          "mean" : 12343.319847,
          "stddev" : 3842.602836,
          "N" : 413904,
          "percentile" : {
            "1.000000" : 6176,
            "5.000000" : 7264,
            "10.000000" : 8256,
            "20.000000" : 9664,
            "30.000000" : 10048,
            "40.000000" : 11328,
            "50.000000" : 11584,
            "60.000000" : 11840,
            "70.000000" : 12992,
            "80.000000" : 15680,
            "90.000000" : 17536,
            "95.000000" : 19328,
            "99.000000" : 24960,
            "99.500000" : 27008,
            "99.900000" : 32128,
            "99.950000" : 34048,
            "99.990000" : 40192
          }
        },
        "lat_ns" : {
          "min" : 6490,
          "max" : 129990,
          "mean" : 15569.890272,
          "stddev" : 4128.005379,
          "N" : 413904
        },
        "bw_min" : 134242,
        "bw_max" : 144012,
        "bw_agg" : 100.000000,
        "bw_mean" : 139489.181818,
        "bw_dev" : 2825.099956,
        "bw_samples" : 11,
        "iops_min" : 33560,
        "iops_max" : 36003,
        "iops_mean" : 34872.181818,
        "iops_stddev" : 706.571556,
        "iops_samples" : 11
      },
      "trim" : {
        "io_bytes" : 0,
        "io_kbytes" : 0,
        "bw_bytes" : 0,
        "bw" : 0,
        "iops" : 0.000000,
        "runtime" : 0,
        "total_ios" : 0,
        "short_ios" : 0,
        "drop_ios" : 0,
        "slat_ns" : {
          "min" : 0,
          "max" : 0,
          "mean" : 0.000000,
          "stddev" : 0.000000,
          "N" : 0
        },
        "clat_ns" : {
          "min" : 0,
          "max" : 0,
          "mean" : 0.000000,
          "stddev" : 0.000000,
          "N" : 0
        },
        "lat_ns" : {
          "min" : 0,
          "max" : 0,
          "mean" : 0.000000,
          "stddev" : 0.000000,
          "N" : 0
        },
        "bw_min" : 0,
        "bw_max" : 0,
        "bw_agg" : 0.000000,
        "bw_mean" : 0.000000,
        "bw_dev" : 0.000000,
        "bw_samples" : 0,
        "iops_min" : 0,
        "iops_max" : 0,
        "iops_mean" : 0.000000,
        "iops_stddev" : 0.000000,
        "iops_samples" : 0
      },
      "sync" : {
        "total_ios" : 0,
        "lat_ns" : {
          "min" : 0,
          "max" : 0,
          "mean" : 0.000000,
          "stddev" : 0.000000,
          "N" : 0
        }
      },
      "job_runtime" : 11888,
      "usr_cpu" : 13.374832,
      "sys_cpu" : 33.285666,
      "ctx" : 419894,
      "majf" : 0,
      "minf" : 40,
      "iodepth_level" : {
        "1" : 0.100000,
        "2" : 0.100000,
        "4" : 0.100000,
        "8" : 99.999155,
        "16" : 0.000000,
        "32" : 0.000000,
        ">=64" : 0.000000
      },
      "iodepth_submit" : {
        "0" : 0.000000,
        "4" : 100.000000,
        "8" : 0.000000,
        "16" : 0.000000,
        "32" : 0.000000,
        "64" : 0.000000,
        ">=64" : 0.000000
      },
      "iodepth_complete" : {
        "0" : 0.000000,
        "4" : 99.999879,
        "8" : 0.100000,
        "16" : 0.000000,
        "32" : 0.000000,
        "64" : 0.000000,
        ">=64" : 0.000000
      },
      "latency_ns" : {
        "2" : 0.000000,
        "4" : 0.000000,
        "10" : 0.000000,
        "20" : 0.000000,
        "50" : 0.000000,
        "100" : 0.000000,
        "250" : 0.010000,
        "500" : 0.010000,
        "750" : 0.000000,
        "1000" : 0.000000
      },
      "latency_us" : {
        "2" : 0.010000,
        "4" : 0.010000,
        "10" : 14.006555,
        "20" : 34.012470,
        "50" : 1.999626,
        "100" : 11.958762,
        "250" : 26.425265,
        "500" : 9.974226,
        "750" : 0.395120,
        "1000" : 0.279952
      },
      "latency_ms" : {
        "2" : 0.880299,
        "4" : 0.064948,
        "10" : 0.010000,
        "20" : 0.000000,
        "50" : 0.000000,
        "100" : 0.000000,
        "250" : 0.000000,
        "500" : 0.000000,
        "750" : 0.000000,
        "1000" : 0.000000,
        "2000" : 0.000000,
        ">=2000" : 0.000000
      },
      "latency_depth" : 8,
      "latency_target" : 0,
      "latency_percentile" : 100.000000,
      "latency_window" : 0,
      "steadystate" : {
        "ss" : "iops:10.000000%",
        "duration" : 10,
        "attained" : 1,
        "criterion" : "4.165495%",
        "max_deviation" : 2903.800000,
        "slope" : 0.000000,
        "data" : {
          "bw_mean" : 285536403,
          "iops_mean" : 69710,