{
  "fio version" : "fio-3.33",
  "timestamp" : 1687918738,
  "timestamp_ms" : 1687918738103,
  "time" : "Wed Jun 28 02:18:58 2023",
  "jobs" : [
    {
      "jobname" : "FIOJOB",
      "groupid" : 0,
      "error" : 0,
      "eta" : 0,
      "elapsed" : 13,
      "job options" : {
        "ioengine" : "io_uring",
        "rw" : "randrw",
        "bs" : "4k",
        "iodepth" : "32",
        "numjobs" : "2",
        "rwmixread" : "50",
        "runtime" : "60",
        "loops" : "1",
        "direct" : "1",
        "steadystate" : "iops:10%%",
        "steadystate_duration" : "10",
        "steadystate_ramp_time" : "1",
        "log_avg_msec" : "1000",
        "invalidate" : "1",
        "write_bw_log" : "/home/user/benchmarks/512s/1x/nvme3n1/randrw50/4k/randrw-iodepth-32-numjobs-2",
        "write_lat_log" : "/home/user/benchmarks/512s/1x/nvme3n1/randrw50/4k/randrw-iodepth-32-numjobs-2",
        "write_iops_log" : "/home/user/benchmarks/512s/1x/nvme3n1/randrw50/4k/randrw-iodepth-32-numjobs-2",
        "filename" : "/dev/nvme3n1"
      },
      "read" : {
        "io_bytes" : 2717552640,
        "io_kbytes" : 2653860,
        "bw_bytes" : 228557833,
        "bw" : 223201,
        "iops" : 55800.252313,
        "runtime" : 11890,
        "total_ios" : 663465,
        "short_ios" : 0,
        "drop_ios" : 0,
        "slat_ns" : {
          "min" : 910,
          "max" : 46080,
          "mean" : 2553.926029,
          "stddev" : 1166.467026,
          "N" : 663465
        },
        "clat_ns" : {
          "min" : 44740,
          "max" : 7848409,
          "mean" : 534033.025911,
          "stddev" : 528632.395224,
          "N" : 663465,
          "percentile" : {
            "1.000000" : 93696,
            "5.000000" : 110080,
            "10.000000" : 126464,
            "20.000000" : 162816,
            "30.000000" : 203776,
            "40.000000" : 250880,
            "50.000000" : 296960,
            "60.000000" : 370688,
            "70.000000" : 544768,
            "80.000000" : 937984,
            "90.000000" : 1368064,
            "95.000000" : 1646592,
            "99.000000" : 2146304,
            "99.500000" : 2506752,
            "99.900000" : 3489792,
            "99.950000" : 4046848,
            "99.990000" : 5799936
          }
        },
        "lat_ns" : {
          "min" : 45910,
          "max" : 7850620,
          "mean" : 536586.951940,
          "stddev" : 528558.974184,
          "N" : 663465
        },
        "bw_min" : 212524,
        "bw_max" : 237185,
        "bw_agg" : 48.869417,
        "bw_mean" : 223005.363636,
        "bw_dev" : 8587.375772,
        "bw_samples" : 11,
        "iops_min" : 53131,
        "iops_max" : 59296,
        "iops_mean" : 55751.454545,
        "iops_stddev" : 2146.783891,
        "iops_samples" : 11
      },
      "write" : {
        "io_bytes" : 2714628096,
        "io_kbytes" : 2651004,
        "bw_bytes" : 228311866,
        "bw" : 222960,
        "iops" : 55740.201850,
        "runtime" : 11890,
        "total_ios" : 662751,
        "short_ios" : 0,
        "drop_ios" : 0,
        "slat_ns" : {
          "min" : 980,
          "max" : 37531,
          "mean" : 2877.323198,
          "stddev" : 1230.287133,
          "N" : 662751
        },
        "clat_ns" : {
          "min" : 250,
          "max" : 705250,
          "mean" : 32229.284235,
          "stddev" : 12133.917338,
          "N" : 662751,
          "percentile" : {
            "1.000000" : 6560,
            "5.000000" : 9280,
            "10.000000" : 20096,
            "20.000000" : 25984,
            "30.000000" : 29056,
            "40.000000" : 30592,
            "50.000000" : 31616,
            "60.000000" : 32640,
            "70.000000" : 34560,
            "80.000000" : 37632,
            "90.000000" : 45312,
            "95.000000" : 52480,
            "99.000000" : 69120,
            "99.500000" : 76288,
            "99.900000" : 93696,
            "99.950000" : 100864,
            "99.990000" : 121344
          }
        },
        "lat_ns" : {
          "min" : 6220,
          "max" : 708540,
          "mean" : 35106.607433,
          "stddev" : 12450.223421,
          "N" : 662751
        },
        "bw_min" : 212284,
        "bw_max" : 237073,
        "bw_agg" : 48.817267,
        "bw_mean" : 222825.727273,
        "bw_dev" : 8532.855314,
        "bw_samples" : 11,
        "iops_min" : 53071,
        "iops_max" : 59268,
        "iops_mean" : 55706.090909,
        "iops_stddev" : 2133.223545,
        "iops_samples" : 11
      },
      "trim" : {
        "io_bytes" : 0,
        "io_kbytes" : 0,
        "bw_bytes" : 0,
        "bw" : 0,
        "iops" : 0.000000,
        "runtime" : 0,
        "total_ios" : 0,
        "short_ios" : 0,
        "drop_ios" : 0,
        "slat_ns" : {
          "min" : 0,
          "max" : 0,
          "mean" : 0.000000,
          "stddev" : 0.000000,
          "N" : 0
        },
        "clat_ns" : {
          "min" : 0,
          "max" : 0,
          "mean" : 0.000000,
          "stddev" : 0.000000,
          "N" : 0
        },
        "lat_ns" : {
          "min" : 0,
          "max" : 0,
          "mean" : 0.000000,
          "stddev" : 0.000000,
          "N" : 0
        },
        "bw_min" : 0,
        "bw_max" : 0,
        "bw_agg" : 0.000000,
        "bw_mean" : 0.000000,
        "bw_dev" : 0.000000,
        "bw_samples" : 0,
        "iops_min" : 0,
        "iops_max" : 0,
        "iops_mean" : 0.000000,
        "iops_stddev" : 0.000000,
        "iops_samples" : 0
      },
      "sync" : {
        "total_ios" : 0,
        "lat_ns" : {
          "min" : 0,
          "max" : 0,
          "mean" : 0.000000,
          "stddev" : 0.000000,
          "N" : 0
        }
      },
      "job_runtime" : 11889,
      "usr_cpu" : 17.520397,
      "sys_cpu" : 35.982841,
      "ctx" : 283187,
      "majf" : 0,
      "minf" : 41,
      "iodepth_level" : {
        "1" : 0.100000,
        "2" : 0.100000,
        "4" : 0.100000,
        "8" : 0.100000,
        "16" : 0.100000,
        "32" : 99.997663,
        ">=64" : 0.000000
      },
      "iodepth_submit" : {
        "0" : 0.000000,
        "4" : 100.000000,
        "8" : 0.000000,
        "16" : 0.000000,
        "32" : 0.000000,
        "64" : 0.000000,
        ">=64" : 0.000000
      },
      "iodepth_complete" : {
        "0" : 0.000000,
        "4" : 99.999925,
        "8" : 0.000000,
        "16" : 0.000000,
        "32" : 0.100000,
        "64" : 0.000000,
        ">=64" : 0.000000
      },
      "latency_ns" : {
        "2" : 0.000000,
        "4" : 0.000000,
        "10" : 0.000000,
        "20" : 0.000000,
        "50" : 0.000000,
        "100" : 0.000000,
        "250" : 0.000000,
        "500" : 0.010000,
        "750" : 0.000000,
        "1000" : 0.000000
      },
      "latency_us" : {
        "2" : 0.010000,
        "4" : 0.010000,
        "10" : 2.821939,
        "20" : 2.146408,
        "50" : 41.817773,
        "100" : 4.167949,
        "250" : 19.020205,
        "500" : 14.226943,
        "750" : 3.586821,
        "1000" : 2.934816
      },
      "latency_ms" : {
        "2" : 8.524026,
        "4" : 0.726201,
        "10" : 0.026466,
        "20" : 0.000000,
        "50" : 0.000000,
        "100" : 0.000000,
        "250" : 0.000000,
        "500" : 0.000000,
        "750" : 0.000000,
        "1000" : 0.000000,
        "2000" : 0.000000,
        ">=2000" : 0.000000
      },
      "latency_depth" : 32,
      "latency_target" : 0,
      "latency_percentile" : 100.000000,
      "latency_window" : 0,
      "steadystate" : {
        "ss" : "iops:10.000000%",
        "duration" : 10,
        "attained" : 1,
        "criterion" : "6.370901%",
        "max_deviation" : 7070.700000,
        "slope" : 0.000000,
        "data" : {
          "bw_mean" : 454593058,
          "iops_mean" : 110984,