{
  "fio version" : "fio-3.33",
  "timestamp" : 1687917616,
  "timestamp_ms" : 1687917616351,
  "time" : "Wed Jun 28 02:00:16 2023",
  "jobs" : [
    {
      "jobname" : "FIOJOB",
      "groupid" : 0,
      "error" : 0,
      "eta" : 0,
      "elapsed" : 13,
      "job options" : {
        "ioengine" : "io_uring",
        "rw" : "randrw",
        "bs" : "4k",
        "iodepth" : "16",
        "numjobs" : "2",
        "rwmixread" : "50",
        "runtime" : "60",
        "loops" : "1",
        "direct" : "1",
        "steadystate" : "iops:10%%",
        "steadystate_duration" : "10",
        "steadystate_ramp_time" : "1",
        "log_avg_msec" : "1000",
        "invalidate" : "1",
        "write_bw_log" : "/home/user/benchmarks/512s/1x/nvme3n1/randrw50/4k/randrw-iodepth-16-numjobs-2",
        "write_lat_log" : "/home/user/benchmarks/512s/1x/nvme3n1/randrw50/4k/randrw-iodepth-16-numjobs-2",
        "write_iops_log" : "/home/user/benchmarks/512s/1x/nvme3n1/randrw50/4k/randrw-iodepth-16-numjobs-2",
        "filename" : "/dev/nvme3n1"
      },
      "read" : {
        "io_bytes" : 1849004032,
        "io_kbytes" : 1805668,
        "bw_bytes" : 155522250,
        "bw" : 151877,
        "iops" : 37969.299352,
        "runtime" : 11889,
        "total_ios" : 451417,
        "short_ios" : 0,
        "drop_ios" : 0,
        "slat_ns" : {
          "min" : 910,
          "max" : 50171,
          "mean" : 3316.024778,
          "stddev" : 1236.797467,
          "N" : 451417
        },
        "clat_ns" : {
          "min" : 47510,
          "max" : 7878930,
          "mean" : 392717.651342,
          "stddev" : 432501.863959,
          "N" : 451417,
          "percentile" : {
            "1.000000" : 77312,
            "5.000000" : 88576,
            "10.000000" : 99840,
            "20.000000" : 122368,
            "30.000000" : 148480,
            "40.000000" : 183296,
            "50.000000" : 222208,
            "60.000000" : 268288,
            "70.000000" : 333824,
            "80.000000" : 561152,
            "90.000000" : 1044480,
            "95.000000" : 1384448,
            "99.000000" : 1908736,
            "99.500000" : 2113536,
            "99.900000" : 2932736,
            "99.950000" : 3293184,
            "99.990000" : 4620288
          }
        },
        "lat_ns" : {
          "min" : 50060,
          "max" : 7881520,
          "mean" : 396033.676120,
          "stddev" : 432412.116325,
          "N" : 451417
        },
        "bw_min" : 139691,
        "bw_max" : 168264,
        "bw_agg" : 48.406733,
        "bw_mean" : 151700.000000,
        "bw_dev" : 7512.259274,
        "bw_samples" : 11,
        "iops_min" : 34922,
        "iops_max" : 42071,
        "iops_mean" : 37925.090909,
        "iops_stddev" : 1879.331501,
        "iops_samples" : 11
      },
      "write" : {
        "io_bytes" : 1846681600,
        "io_kbytes" : 1803400,
        "bw_bytes" : 155326907,
        "bw" : 151686,
        "iops" : 37921.608209,
        "runtime" : 11889,
        "total_ios" : 450850,
        "short_ios" : 0,
        "drop_ios" : 0,
        "slat_ns" : {
          "min" : 1000,
          "max" : 46250,
          "mean" : 3766.140297,
          "stddev" : 1333.100540,
          "N" : 450850
        },
        "clat_ns" : {
          "min" : 290,
          "max" : 670940,
          "mean" : 19317.507182,
          "stddev" : 10275.648541,
          "N" : 450850,
          "percentile" : {
            "1.000000" : 6432,
            "5.000000" : 6880,
            "10.000000" : 8512,
            "20.000000" : 10560,
            "30.000000" : 12224,
            "40.000000" : 13376,
            "50.000000" : 16320,
            "60.000000" : 19584,
            "70.000000" : 24192,
            "80.000000" : 30336,
            "90.000000" : 33536,
            "95.000000" : 37120,
            "99.000000" : 46336,
            "99.500000" : 50944,
            "99.900000" : 60160,
            "99.950000" : 63744,
            "99.990000" : 73216
          }
        },
        "lat_ns" : {
          "min" : 6250,
          "max" : 678080,
          "mean" : 23083.647479,
          "stddev" : 10474.795000,
          "N" : 450850
        },
        "bw_min" : 140176,
        "bw_max" : 167388,
        "bw_agg" : 48.314440,
        "bw_mean" : 151520.909091,
        "bw_dev" : 7212.691973,
        "bw_samples" : 11,
        "iops_min" : 35044,
        "iops_max" : 41847,
        "iops_mean" : 37880.000000,
        "iops_stddev" : 1803.150964,
        "iops_samples" : 11
      },
      "trim" : {
        "io_bytes" : 0,
        "io_kbytes" : 0,
        "bw_bytes" : 0,
        "bw" : 0,
        "iops" : 0.000000,
        "runtime" : 0,
        "total_ios" : 0,
        "short_ios" : 0,
        "drop_ios" : 0,
        "slat_ns" : {
          "min" : 0,
          "max" : 0,
          "mean" : 0.000000,
          "stddev" : 0.000000,
          "N" : 0
        },
        "clat_ns" : {
          "min" : 0,
          "max" : 0,
          "mean" : 0.000000,
          "stddev" : 0.000000,
          "N" : 0
        },
        "lat_ns" : {
          "min" : 0,
          "max" : 0,
          "mean" : 0.000000,
          "stddev" : 0.000000,
          "N" : 0
        },
        "bw_min" : 0,
        "bw_max" : 0,
        "bw_agg" : 0.000000,
        "bw_mean" : 0.000000,
        "bw_dev" : 0.000000,
        "bw_samples" : 0,
        "iops_min" : 0,
        "iops_max" : 0,
        "iops_mean" : 0.000000,
        "iops_stddev" : 0.000000,
        "iops_samples" : 0
      },
      "sync" : {
        "total_ios" : 0,
        "lat_ns" : {
          "min" : 0,
          "max" : 0,
          "mean" : 0.000000,
          "stddev" : 0.000000,
          "N" : 0
        }
      },
      "job_runtime" : 11888,
      "usr_cpu" : 17.109690,
      "sys_cpu" : 33.731494,
      "ctx" : 283135,
      "majf" : 0,
      "minf" : 40,
      "iodepth_level" : {
        "1" : 0.100000,
        "2" : 0.100000,
        "4" : 0.100000,
        "8" : 0.100000,
        "16" : 99.998338,
        "32" : 0.000000,
        ">=64" : 0.000000
      },
      "iodepth_submit" : {
        "0" : 0.000000,
        "4" : 100.000000,
        "8" : 0.000000,
        "16" : 0.000000,
        "32" : 0.000000,
        "64" : 0.000000,
        ">=64" : 0.000000
      },
      "iodepth_complete" : {
        "0" : 0.000000,
        "4" : 99.999889,
        "8" : 0.000000,
        "16" : 0.100000,
        "32" : 0.000000,
        "64" : 0.000000,
        ">=64" : 0.000000
      },
      "latency_ns" : {
        "2" : 0.000000,
        "4" : 0.000000,
        "10" : 0.000000,
        "20" : 0.000000,
        "50" : 0.000000,
        "100" : 0.000000,
        "250" : 0.000000,
        "500" : 0.010000,
        "750" : 0.010000,
        "1000" : 0.010000
      },
      "latency_us" : {
        "2" : 0.010000,
        "4" : 0.010000,
        "10" : 7.630890,
        "20" : 22.837586,
        "50" : 19.209059,
        "100" : 5.435420,
        "250" : 23.053930,
        "500" : 10.934901,
        "750" : 3.086891,
        "1000" : 2.443512
      },
      "latency_ms" : {
        "2" : 5.006279,
        "4" : 0.342582,
        "10" : 0.010000,
        "20" : 0.000000,
        "50" : 0.000000,
        "100" : 0.000000,
        "250" : 0.000000,
        "500" : 0.000000,
        "750" : 0.000000,
        "1000" : 0.000000,
        "2000" : 0.000000,
        ">=2000" : 0.000000
      },
      "latency_depth" : 16,
      "latency_target" : 0,
      "latency_percentile" : 100.000000,
      "latency_window" : 0,
      "steadystate" : {
        "ss" : "iops:10.000000%",
        "duration" : 10,
        "attained" : 1,
        "criterion" : "6.549782%",
        "max_deviation" : 4912.500000,
        "slope" : 0.000000,
        "data" : {
          "bw_mean" : 307212254,
          "iops_mean" : 75002,