{
  "fio version" : "fio-3.33",
  "timestamp" : 1687915784,
  "timestamp_ms" : 1687915784668,
  "time" : "Wed Jun 28 01:29:44 2023",
  "jobs" : [
    {
      "jobname" : "FIOJOB",
      "groupid" : 0,
      "error" : 0,
      "eta" : 0,
      "elapsed" : 13,
      "job options" : {
        "ioengine" : "io_uring",
        "rw" : "randrw",
        "bs" : "4k",
        "iodepth" : "4",
        "numjobs" : "2",
        "rwmixread" : "50",
        "runtime" : "60",
        "loops" : "1",
        "direct" : "1",
        "steadystate" : "iops:10%%",
        "steadystate_duration" : "10",
        "steadystate_ramp_time" : "1",
        "log_avg_msec" : "1000",
        "invalidate" : "1",
        "write_bw_log" : "/home/user/benchmarks/512s/1x/nvme3n1/randrw50/4k/randrw-iodepth-4-numjobs-2",
        "write_lat_log" : "/home/user/benchmarks/512s/1x/nvme3n1/randrw50/4k/randrw-iodepth-4-numjobs-2",
        "write_iops_log" : "/home/user/benchmarks/512s/1x/nvme3n1/randrw50/4k/randrw-iodepth-4-numjobs-2",
        "filename" : "/dev/nvme3n1"
      },
      "read" : {
        "io_bytes" : 923344896,
        "io_kbytes" : 901704,
        "bw_bytes" : 77663798,
        "bw" : 75843,
        "iops" : 18960.888216,
        "runtime" : 11889,
        "total_ios" : 225426,
        "short_ios" : 0,
        "drop_ios" : 0,
        "slat_ns" : {
          "min" : 970,
          "max" : 28860,
          "mean" : 2695.393362,
          "stddev" : 587.373973,
          "N" : 225426
        },
        "clat_ns" : {
          "min" : 44180,
          "max" : 5663160,
          "mean" : 191605.120745,
          "stddev" : 270538.595233,
          "N" : 225426,
          "percentile" : {
            "1.000000" : 63744,
            "5.000000" : 67072,
            "10.000000" : 70144,
            "20.000000" : 80384,
            "30.000000" : 92672,
            "40.000000" : 105984,
            "50.000000" : 119296,
            "60.000000" : 136192,
            "70.000000" : 156672,
            "80.000000" : 185344,
            "90.000000" : 246784,
            "95.000000" : 716800,
            "99.000000" : 1597440,
            "99.500000" : 1744896,
            "99.900000" : 2072576,
            "99.950000" : 2342912,
            "99.990000" : 3194880
          }
        },
        "lat_ns" : {
          "min" : 46610,
          "max" : 5665380,
          "mean" : 194300.514107,
          "stddev" : 270523.716131,
          "N" : 225426
        },
        "bw_min" : 71063,
        "bw_max" : 80828,
        "bw_agg" : 50.067024,
        "bw_mean" : 76019.181818,
        "bw_dev" : 2984.762933,
        "bw_samples" : 11,
        "iops_min" : 17765,
        "iops_max" : 20209,
        "iops_mean" : 19004.727273,
        "iops_stddev" : 746.643702,
        "iops_samples" : 11
      },
      "write" : {
        "io_bytes" : 923430912,
        "io_kbytes" : 901788,
        "bw_bytes" : 77671033,
        "bw" : 75850,
        "iops" : 18962.654555,
        "runtime" : 11889,
        "total_ios" : 225447,
        "short_ios" : 0,
        "drop_ios" : 0,
        "slat_ns" : {
          "min" : 1070,
          "max" : 27770,
          "mean" : 3020.850275,
          "stddev" : 620.863143,
          "N" : 225447
        },
        "clat_ns" : {
          "min" : 280,
          "max" : 45350,
          "mean" : 11575.737450,
          "stddev" : 2696.255348,
          "N" : 225447,
          "percentile" : {
            "1.000000" : 6112,
            "5.000000" : 7840,
            "10.000000" : 8640,
            "20.000000" : 9664,
            "30.000000" : 10432,
            "40.000000" : 11200,
            "50.000000" : 11328,
            "60.000000" : 11456,
            "70.000000" : 11712,
            "80.000000" : 12608,
            "90.000000" : 16064,
            "95.000000" : 16768,
            "99.000000" : 19328,
            "99.500000" : 20864,
            "99.900000" : 27008,
            "99.950000" : 29056,
            "99.990000" : 32384
          }
        },
        "lat_ns" : {
          "min" : 6769,
          "max" : 52760,
          "mean" : 14596.587726,
          "stddev" : 2799.925454,
          "N" : 225447
        },
        "bw_min" : 71111,
        "bw_max" : 80864,
        "bw_agg" : 49.954561,
        "bw_mean" : 75999.909091,
        "bw_dev" : 2926.642358,
        "bw_samples" : 11,
        "iops_min" : 17777,
        "iops_max" : 20216,
        "iops_mean" : 18999.636364,
        "iops_stddev" : 731.868195,
        "iops_samples" : 11
      },
      "trim" : {
        "io_bytes" : 0,
        "io_kbytes" : 0,
        "bw_bytes" : 0,
        "bw" : 0,
        "iops" : 0.000000,
        "runtime" : 0,
        "total_ios" : 0,
        "short_ios" : 0,
        "drop_ios" : 0,
        "slat_ns" : {
          "min" : 0,
          "max" : 0,
          "mean" : 0.000000,
          "stddev" : 0.000000,
          "N" : 0
        },
        "clat_ns" : {
          "min" : 0,
          "max" : 0,
          "mean" : 0.000000,
          "stddev" : 0.000000,
          "N" : 0
        },
        "lat_ns" : {
          "min" : 0,
          "max" : 0,
          "mean" : 0.000000,
          "stddev" : 0.000000,
          "N" : 0
        },
        "bw_min" : 0,
        "bw_max" : 0,
        "bw_agg" : 0.000000,
        "bw_mean" : 0.000000,
        "bw_dev" : 0.000000,
        "bw_samples" : 0,
        "iops_min" : 0,
        "iops_max" : 0,
        "iops_mean" : 0.000000,
        "iops_stddev" : 0.000000,
        "iops_samples" : 0
      },
      "sync" : {
        "total_ios" : 0,
        "lat_ns" : {
          "min" : 0,
          "max" : 0,
          "mean" : 0.000000,
          "stddev" : 0.000000,
          "N" : 0
        }
      },
      "job_runtime" : 11888,
      "usr_cpu" : 7.865074,
      "sys_cpu" : 19.599596,
      "ctx" : 330153,
      "majf" : 0,
      "minf" : 40,
      "iodepth_level" : {
        "1" : 0.100000,
        "2" : 0.100000,
        "4" : 99.999335,
        "8" : 0.000000,
        "16" : 0.000000,
        "32" : 0.000000,
        ">=64" : 0.000000
      },
      "iodepth_submit" : {
        "0" : 0.000000,
        "4" : 100.000000,
        "8" : 0.000000,
        "16" : 0.000000,
        "32" : 0.000000,
        "64" : 0.000000,
        ">=64" : 0.000000
      },
      "iodepth_complete" : {
        "0" : 0.000000,
        "4" : 100.000000,
        "8" : 0.000000,
        "16" : 0.000000,
        "32" : 0.000000,
        "64" : 0.000000,
        ">=64" : 0.000000
      },
      "latency_ns" : {
        "2" : 0.000000,
        "4" : 0.000000,
        "10" : 0.000000,
        "20" : 0.000000,
        "50" : 0.000000,
        "100" : 0.000000,
        "250" : 0.000000,
        "500" : 0.010000,
        "750" : 0.000000,
        "1000" : 0.000000
      },
      "latency_us" : {
        "2" : 0.010000,
        "4" : 0.010000,
        "10" : 13.625123,
        "20" : 35.993062,
        "50" : 0.411868,
        "100" : 17.692787,
        "250" : 27.376002,
        "500" : 1.791857,
        "750" : 0.717941,
        "1000" : 0.709734
      },
      "latency_ms" : {
        "2" : 1.614645,
        "4" : 0.064098,
        "10" : 0.010000,
        "20" : 0.000000,
        "50" : 0.000000,
        "100" : 0.000000,
        "250" : 0.000000,
        "500" : 0.000000,
        "750" : 0.000000,
        "1000" : 0.000000,
        "2000" : 0.000000,
        ">=2000" : 0.000000
      },
      "latency_depth" : 4,
      "latency_target" : 0,
      "latency_percentile" : 100.000000,
      "latency_window" : 0,
      "steadystate" : {
        "ss" : "iops:10.000000%",
        "duration" : 10,
        "attained" : 1,
        "criterion" : "6.653651%",
        "max_deviation" : 2528.800000,
        "slope" : 0.000000,
        "data" : {
          "bw_mean" : 155675462,
          "iops_mean" : 38006,