{
  "fio version" : "fio-3.33",
  "timestamp" : 1687917554,
  "timestamp_ms" : 1687917554418,
  "time" : "Wed Jun 28 01:59:14 2023",
  "jobs" : [
    {
      "jobname" : "FIOJOB",
      "groupid" : 0,
      "error" : 0,
      "eta" : 0,
      "elapsed" : 13,
      "job options" : {
        "ioengine" : "io_uring",
        "rw" : "randrw",
        "bs" : "4k",
        "iodepth" : "16",
        "numjobs" : "1",
        "rwmixread" : "50",
        "runtime" : "60",
        "loops" : "1",
        "direct" : "1",
        "steadystate" : "iops:10%%",
        "steadystate_duration" : "10",
        "steadystate_ramp_time" : "1",
        "log_avg_msec" : "1000",
        "invalidate" : "1",
        "write_bw_log" : "/home/user/benchmarks/512s/1x/nvme3n1/randrw50/4k/randrw-iodepth-16-numjobs-1",
        "write_lat_log" : "/home/user/benchmarks/512s/1x/nvme3n1/randrw50/4k/randrw-iodepth-16-numjobs-1",
        "write_iops_log" : "/home/user/benchmarks/512s/1x/nvme3n1/randrw50/4k/randrw-iodepth-16-numjobs-1",
        "filename" : "/dev/nvme3n1"
      },
      "read" : {
        "io_bytes" : 2581827584,
        "io_kbytes" : 2521316,
        "bw_bytes" : 217142774,
        "bw" : 212053,
        "iops" : 53013.372582,
        "runtime" : 11890,
        "total_ios" : 630329,
        "short_ios" : 0,
        "drop_ios" : 0,
        "slat_ns" : {
          "min" : 940,
          "max" : 27690,
          "mean" : 2267.296989,
          "stddev" : 1254.300064,
          "N" : 630329
        },
        "clat_ns" : {
          "min" : 43169,
          "max" : 7954969,
          "mean" : 282373.119793,
          "stddev" : 293429.009838,
          "N" : 630329,
          "percentile" : {
            "1.000000" : 64256,
            "5.000000" : 77312,
            "10.000000" : 89600,
            "20.000000" : 116224,
            "30.000000" : 146432,
            "40.000000" : 181248,
            "50.000000" : 218112,
            "60.000000" : 250880,
            "70.000000" : 288768,
            "80.000000" : 337920,
            "90.000000" : 444416,
            "95.000000" : 774144,
            "99.000000" : 1712128,
            "99.500000" : 1925120,
            "99.900000" : 2539520,
            "99.950000" : 2965504,
            "99.990000" : 3751936
          }
        },
        "lat_ns" : {
          "min" : 44269,
          "max" : 7956069,
          "mean" : 284640.416782,
          "stddev" : 293397.035025,
          "N" : 630329
        },
        "bw_min" : 202230,
        "bw_max" : 222314,
        "bw_agg" : 100.000000,
        "bw_mean" : 212995.909091,
        "bw_dev" : 6607.960872,
        "bw_samples" : 11,
        "iops_min" : 50557,
        "iops_max" : 55578,
        "iops_mean" : 53249.000000,
        "iops_stddev" : 1651.804286,
        "iops_samples" : 11
      },
      "write" : {
        "io_bytes" : 2580074496,
        "io_kbytes" : 2519604,
        "bw_bytes" : 216995331,
        "bw" : 211909,
        "iops" : 52977.375946,
        "runtime" : 11890,
        "total_ios" : 629901,
        "short_ios" : 0,
        "drop_ios" : 0,
        "slat_ns" : {
          "min" : 1009,
          "max" : 32600,
          "mean" : 2564.665736,
          "stddev" : 1345.684324,
          "N" : 629901
        },
        "clat_ns" : {
          "min" : 110,
          "max" : 509960,
          "mean" : 12831.389006,
          "stddev" : 8280.565217,
          "N" : 629901,
          "percentile" : {
            "1.000000" : 5280,
            "5.000000" : 5792,
            "10.000000" : 6240,
            "20.000000" : 6688,
            "30.000000" : 7072,
            "40.000000" : 8512,
            "50.000000" : 9664,
            "60.000000" : 10304,
            "70.000000" : 14144,
            "80.000000" : 18304,
            "90.000000" : 26752,
            "95.000000" : 31616,
            "99.000000" : 37632,
            "99.500000" : 41216,
            "99.900000" : 48896,
            "99.950000" : 51968,
            "99.990000" : 59648
          }
        },
        "lat_ns" : {
          "min" : 6049,
          "max" : 512660,
          "mean" : 15396.054742,
          "stddev" : 8893.634537,
          "N" : 629901
        },
        "bw_min" : 202190,
        "bw_max" : 222510,
        "bw_agg" : 100.000000,
        "bw_mean" : 212793.545455,
        "bw_dev" : 7301.245310,
        "bw_samples" : 11,
        "iops_min" : 50545,
        "iops_max" : 55627,
        "iops_mean" : 53198.181818,
        "iops_stddev" : 1825.286817,
        "iops_samples" : 11
      },
      "trim" : {
        "io_bytes" : 0,
        "io_kbytes" : 0,
        "bw_bytes" : 0,
        "bw" : 0,
        "iops" : 0.000000,
        "runtime" : 0,
        "total_ios" : 0,
        "short_ios" : 0,
        "drop_ios" : 0,
        "slat_ns" : {
          "min" : 0,
          "max" : 0,
          "mean" : 0.000000,
          "stddev" : 0.000000,
          "N" : 0
        },
        "clat_ns" : {
          "min" : 0,
          "max" : 0,
          "mean" : 0.000000,
          "stddev" : 0.000000,
          "N" : 0
        },
        "lat_ns" : {
          "min" : 0,
          "max" : 0,
          "mean" : 0.000000,
          "stddev" : 0.000000,
          "N" : 0
        },
        "bw_min" : 0,
        "bw_max" : 0,
        "bw_agg" : 0.000000,
        "bw_mean" : 0.000000,
        "bw_dev" : 0.000000,
        "bw_samples" : 0,
        "iops_min" : 0,
        "iops_max" : 0,
        "iops_mean" : 0.000000,
        "iops_stddev" : 0.000000,
        "iops_samples" : 0
      },
      "sync" : {
        "total_ios" : 0,
        "lat_ns" : {
          "min" : 0,
          "max" : 0,
          "mean" : 0.000000,
          "stddev" : 0.000000,
          "N" : 0
        }
      },
      "job_runtime" : 11889,
      "usr_cpu" : 18.201699,
      "sys_cpu" : 32.181008,
      "ctx" : 477930,
      "majf" : 0,
      "minf" : 43,
      "iodepth_level" : {
        "1" : 0.100000,
        "2" : 0.100000,
        "4" : 0.100000,
        "8" : 0.100000,
        "16" : 99.998810,
        "32" : 0.000000,
        ">=64" : 0.000000
      },
      "iodepth_submit" : {
        "0" : 0.000000,
        "4" : 100.000000,
        "8" : 0.000000,
        "16" : 0.000000,
        "32" : 0.000000,
        "64" : 0.000000,
        ">=64" : 0.000000
      },
      "iodepth_complete" : {
        "0" : 0.000000,
        "4" : 99.999921,
        "8" : 0.000000,
        "16" : 0.100000,
        "32" : 0.000000,
        "64" : 0.000000,
        ">=64" : 0.000000
      },
      "latency_ns" : {
        "2" : 0.000000,
        "4" : 0.000000,
        "10" : 0.000000,
        "20" : 0.000000,
        "50" : 0.000000,
        "100" : 0.000000,
        "250" : 0.010000,
        "500" : 0.010000,
        "750" : 0.000000,
        "1000" : 0.010000
      },
      "latency_us" : {
        "2" : 0.010000,
        "4" : 0.010000,
        "10" : 28.928529,
        "20" : 12.365362,
        "50" : 8.651119,
        "100" : 7.056331,
        "250" : 22.729978,
        "500" : 16.182602,
        "750" : 1.500758,
        "1000" : 0.761924
      },
      "latency_ms" : {
        "2" : 1.616372,
        "4" : 0.194171,
        "10" : 0.010000,
        "20" : 0.000000,
        "50" : 0.000000,
        "100" : 0.000000,
        "250" : 0.000000,
        "500" : 0.000000,
        "750" : 0.000000,
        "1000" : 0.000000,
        "2000" : 0.000000,
        ">=2000" : 0.000000
      },
      "latency_depth" : 16,
      "latency_target" : 0,
      "latency_percentile" : 100.000000,
      "latency_window" : 0,
      "steadystate" : {
        "ss" : "iops:10.000000%",
        "duration" : 10,
        "attained" : 1,
        "criterion" : "4.673996%",
        "max_deviation" : 4998.400000,
        "slope" : 0.000000,
        "data" : {
          "bw_mean" : 438030619,
          "iops_mean" : 106940,