{
  "fio version" : "fio-3.33",
  "timestamp" : 1687914875,
  "timestamp_ms" : 1687914875445,
  "time" : "Wed Jun 28 01:14:35 2023",
  "jobs" : [
    {
      "jobname" : "FIOJOB",
      "groupid" : 0,
      "error" : 0,
      "eta" : 0,
      "elapsed" : 13,
      "job options" : {
        "ioengine" : "io_uring",
        "rw" : "randrw",
        "bs" : "4k",
        "iodepth" : "2",
        "numjobs" : "1",
        "rwmixread" : "50",
        "runtime" : "60",
        "loops" : "1",
        "direct" : "1",
        "steadystate" : "iops:10%%",
        "steadystate_duration" : "10",
        "steadystate_ramp_time" : "1",
        "log_avg_msec" : "1000",
        "invalidate" : "1",
        "write_bw_log" : "/home/user/benchmarks/512s/1x/nvme3n1/randrw50/4k/randrw-iodepth-2-numjobs-1",
        "write_lat_log" : "/home/user/benchmarks/512s/1x/nvme3n1/randrw50/4k/randrw-iodepth-2-numjobs-1",
        "write_iops_log" : "/home/user/benchmarks/512s/1x/nvme3n1/randrw50/4k/randrw-iodepth-2-numjobs-1",
        "filename" : "/dev/nvme3n1"
      },
      "read" : {
        "io_bytes" : 862642176,
        "io_kbytes" : 842424,
        "bw_bytes" : 72558009,
        "bw" : 70857,
        "iops" : 17714.357810,
        "runtime" : 11889,
        "total_ios" : 210606,
        "short_ios" : 0,
        "drop_ios" : 0,
        "slat_ns" : {
          "min" : 970,
          "max" : 40320,
          "mean" : 2615.877439,
          "stddev" : 481.619190,
          "N" : 210606
        },
        "clat_ns" : {
          "min" : 40620,
          "max" : 5926860,
          "mean" : 94326.774123,
          "stddev" : 129012.668177,
          "N" : 210606,
          "percentile" : {
            "1.000000" : 61184,
            "5.000000" : 63232,
            "10.000000" : 64256,
            "20.000000" : 64768,
            "30.000000" : 66048,
            "40.000000" : 71168,
            "50.000000" : 77312,
            "60.000000" : 79360,
            "70.000000" : 93696,
            "80.000000" : 99840,
            "90.000000" : 115200,
            "95.000000" : 122368,
            "99.000000" : 321536,
            "99.500000" : 1269760,
            "99.900000" : 1859584,
            "99.950000" : 1957888,
            "99.990000" : 2211840
          }
        },
        "lat_ns" : {
          "min" : 44150,
          "max" : 5929490,
          "mean" : 96942.651563,
          "stddev" : 128998.879289,
          "N" : 210606
        },
        "bw_min" : 69421,
        "bw_max" : 73860,
        "bw_agg" : 100.000000,
        "bw_mean" : 70965.818182,
        "bw_dev" : 1688.642521,
        "bw_samples" : 11,
        "iops_min" : 17355,
        "iops_max" : 18465,
        "iops_mean" : 17741.363636,
        "iops_stddev" : 422.162356,
        "iops_samples" : 11
      },
      "write" : {
        "io_bytes" : 862273536,
        "io_kbytes" : 842064,
        "bw_bytes" : 72527002,
        "bw" : 70827,
        "iops" : 17706.787787,
        "runtime" : 11889,
        "total_ios" : 210516,
        "short_ios" : 0,
        "drop_ios" : 0,
        "slat_ns" : {
          "min" : 1120,
          "max" : 31750,
          "mean" : 2953.499701,
          "stddev" : 503.861798,
          "N" : 210516
        },
        "clat_ns" : {
          "min" : 280,
          "max" : 60540,
          "mean" : 11007.482714,
          "stddev" : 2235.599019,
          "N" : 210516,
          "percentile" : {
            "1.000000" : 5728,
            "5.000000" : 7520,
            "10.000000" : 8640,
            "20.000000" : 9536,
            "30.000000" : 10688,
            "40.000000" : 10944,
            "50.000000" : 11072,
            "60.000000" : 11200,
            "70.000000" : 11200,
            "80.000000" : 11456,
            "90.000000" : 12736,
            "95.000000" : 16064,
            "99.000000" : 16768,
            "99.500000" : 17792,
            "99.900000" : 23424,
            "99.950000" : 26496,
            "99.990000" : 29824
          }
        },
        "lat_ns" : {
          "min" : 7550,
          "max" : 63371,
          "mean" : 13960.982415,
          "stddev" : 2164.042722,
          "N" : 210516
        },
        "bw_min" : 68860,
        "bw_max" : 75212,
        "bw_agg" : 100.000000,
        "bw_mean" : 70895.181818,
        "bw_dev" : 1995.381007,
        "bw_samples" : 11,
        "iops_min" : 17215,
        "iops_max" : 18804,
        "iops_mean" : 17723.636364,
        "iops_stddev" : 499.058969,
        "iops_samples" : 11
      },
      "trim" : {
        "io_bytes" : 0,
        "io_kbytes" : 0,
        "bw_bytes" : 0,
        "bw" : 0,
        "iops" : 0.000000,
        "runtime" : 0,
        "total_ios" : 0,
        "short_ios" : 0,
        "drop_ios" : 0,
        "slat_ns" : {
          "min" : 0,
          "max" : 0,
          "mean" : 0.000000,
          "stddev" : 0.000000,
          "N" : 0
        },
        "clat_ns" : {
          "min" : 0,
          "max" : 0,
          "mean" : 0.000000,
          "stddev" : 0.000000,
          "N" : 0
        },
        "lat_ns" : {
          "min" : 0,
          "max" : 0,
          "mean" : 0.000000,
          "stddev" : 0.000000,
          "N" : 0
        },
        "bw_min" : 0,
        "bw_max" : 0,
        "bw_agg" : 0.000000,
        "bw_mean" : 0.000000,
        "bw_dev" : 0.000000,
        "bw_samples" : 0,
        "iops_min" : 0,
        "iops_max" : 0,
        "iops_mean" : 0.000000,
        "iops_stddev" : 0.000000,
        "iops_samples" : 0
      },
      "sync" : {
        "total_ios" : 0,
        "lat_ns" : {
          "min" : 0,
          "max" : 0,
          "mean" : 0.000000,
          "stddev" : 0.000000,
          "N" : 0
        }
      },
      "job_runtime" : 11888,
      "usr_cpu" : 7.133244,
      "sys_cpu" : 19.431359,
      "ctx" : 360215,
      "majf" : 0,
      "minf" : 42,
      "iodepth_level" : {
        "1" : 0.100000,
        "2" : 99.999763,
        "4" : 0.000000,
        "8" : 0.000000,
        "16" : 0.000000,
        "32" : 0.000000,
        ">=64" : 0.000000
      },
      "iodepth_submit" : {
        "0" : 0.000000,
        "4" : 100.000000,
        "8" : 0.000000,
        "16" : 0.000000,
        "32" : 0.000000,
        "64" : 0.000000,
        ">=64" : 0.000000
      },
      "iodepth_complete" : {
        "0" : 0.000000,
        "4" : 100.000000,
        "8" : 0.000000,
        "16" : 0.000000,
        "32" : 0.000000,
        "64" : 0.000000,
        ">=64" : 0.000000
      },
      "latency_ns" : {
        "2" : 0.000000,
        "4" : 0.000000,
        "10" : 0.000000,
        "20" : 0.000000,
        "50" : 0.000000,
        "100" : 0.000000,
        "250" : 0.000000,
        "500" : 0.010000,
        "750" : 0.010000,
        "1000" : 0.000000
      },
      "latency_us" : {
        "2" : 0.010000,
        "4" : 0.010000,
        "10" : 12.148736,
        "20" : 37.661770,
        "50" : 0.379225,
        "100" : 39.844986,
        "250" : 9.433608,
        "500" : 0.085248,
        "750" : 0.059365,
        "1000" : 0.066489
      },
      "latency_ms" : {
        "2" : 0.298013,
        "4" : 0.019472,
        "10" : 0.010000,
        "20" : 0.000000,
        "50" : 0.000000,
        "100" : 0.000000,
        "250" : 0.000000,
        "500" : 0.000000,
        "750" : 0.000000,
        "1000" : 0.000000,
        "2000" : 0.000000,
        ">=2000" : 0.000000
      },
      "latency_depth" : 2,
      "latency_target" : 0,
      "latency_percentile" : 100.000000,
      "latency_window" : 0,
      "steadystate" : {
        "ss" : "iops:10.000000%",
        "duration" : 10,
        "attained" : 1,
        "criterion" : "3.944345%",
        "max_deviation" : 1402.700000,
        "slope" : 0.000000,
        "data" : {
          "bw_mean" : 145665205,
          "iops_mean" : 35562,