{
  "fio version" : "fio-3.33",
  "timestamp" : 1687916710,
  "timestamp_ms" : 1687916710320,
  "time" : "Wed Jun 28 01:45:10 2023",
  "jobs" : [
    {
      "jobname" : "FIOJOB",
      "groupid" : 0,
      "error" : 0,
      "eta" : 0,
      "elapsed" : 13,
      "job options" : {
        "ioengine" : "io_uring",
        "rw" : "randrw",
        "bs" : "4k",
        "iodepth" : "8",
        "numjobs" : "2",
        "rwmixread" : "50",
        "runtime" : "60",
        "loops" : "1",
        "direct" : "1",
        "steadystate" : "iops:10%%",
        "steadystate_duration" : "10",
        "steadystate_ramp_time" : "1",
        "log_avg_msec" : "1000",
        "invalidate" : "1",
        "write_bw_log" : "/home/user/benchmarks/512s/1x/nvme3n1/randrw50/4k/randrw-iodepth-8-numjobs-2",
        "write_lat_log" : "/home/user/benchmarks/512s/1x/nvme3n1/randrw50/4k/randrw-iodepth-8-numjobs-2",
        "write_iops_log" : "/home/user/benchmarks/512s/1x/nvme3n1/randrw50/4k/randrw-iodepth-8-numjobs-2",
        "filename" : "/dev/nvme3n1"
      },
      "read" : {
        "io_bytes" : 1298698240,
        "io_kbytes" : 1268260,
        "bw_bytes" : 109235279,
        "bw" : 106675,
        "iops" : 26668.769451,
        "runtime" : 11889,
        "total_ios" : 317065,
        "short_ios" : 0,
        "drop_ios" : 0,
        "slat_ns" : {
          "min" : 970,
          "max" : 44130,
          "mean" : 2640.426897,
          "stddev" : 856.564632,
          "N" : 317065
        },
        "clat_ns" : {
          "min" : 48180,
          "max" : 5784639,
          "mean" : 278053.910927,
          "stddev" : 336929.209238,
          "N" : 317065,
          "percentile" : {
            "1.000000" : 66048,
            "5.000000" : 78336,
            "10.000000" : 85504,
            "20.000000" : 101888,
            "30.000000" : 119296,
            "40.000000" : 140288,
            "50.000000" : 164864,
            "60.000000" : 197632,
            "70.000000" : 236544,
            "80.000000" : 292864,
            "90.000000" : 643072,
            "95.000000" : 1044480,
            "99.000000" : 1728512,
            "99.500000" : 1875968,
            "99.900000" : 2441216,
            "99.950000" : 2867200,
            "99.990000" : 4112384
          }
        },
        "lat_ns" : {
          "min" : 50610,
          "max" : 5787339,
          "mean" : 280694.337823,
          "stddev" : 336904.344355,
          "N" : 317065
        },
        "bw_min" : 95415,
        "bw_max" : 116712,
        "bw_agg" : 49.816892,
        "bw_mean" : 106340.181818,
        "bw_dev" : 5867.942379,
        "bw_samples" : 11,
        "iops_min" : 23853,
        "iops_max" : 29178,
        "iops_mean" : 26585.090909,
        "iops_stddev" : 1467.044338,
        "iops_samples" : 11
      },
      "write" : {
        "io_bytes" : 1297666048,
        "io_kbytes" : 1267252,
        "bw_bytes" : 109148460,
        "bw" : 106590,
        "iops" : 26647.573387,
        "runtime" : 11889,
        "total_ios" : 316813,
        "short_ios" : 0,
        "drop_ios" : 0,
        "slat_ns" : {
          "min" : 1070,
          "max" : 32700,
          "mean" : 2983.462367,
          "stddev" : 908.201416,
          "N" : 316813
        },
        "clat_ns" : {
          "min" : 270,
          "max" : 67510,
          "mean" : 14301.530610,
          "stddev" : 8688.146213,
          "N" : 316813,
          "percentile" : {
            "1.000000" : 5984,
            "5.000000" : 6368,
            "10.000000" : 7072,
            "20.000000" : 8256,
            "30.000000" : 9408,
            "40.000000" : 9792,
            "50.000000" : 9920,
            "60.000000" : 10560,
            "70.000000" : 14784,
            "80.000000" : 22656,
            "90.000000" : 30848,
            "95.000000" : 31872,
            "99.000000" : 35072,
            "99.500000" : 36096,
            "99.900000" : 42240,
            "99.950000" : 44288,
            "99.990000" : 49920
          }
        },
        "lat_ns" : {
          "min" : 6710,
          "max" : 70210,
          "mean" : 17284.992977,
          "stddev" : 8669.548874,
          "N" : 316813
        },
        "bw_min" : 96412,
        "bw_max" : 117185,
        "bw_agg" : 49.733578,
        "bw_mean" : 106294.454545,
        "bw_dev" : 5909.349497,
        "bw_samples" : 11,
        "iops_min" : 24102,
        "iops_max" : 29297,
        "iops_mean" : 26573.363636,
        "iops_stddev" : 1477.829440,
        "iops_samples" : 11
      },
      "trim" : {
        "io_bytes" : 0,
        "io_kbytes" : 0,
        "bw_bytes" : 0,
        "bw" : 0,
        "iops" : 0.000000,
        "runtime" : 0,
        "total_ios" : 0,
        "short_ios" : 0,
        "drop_ios" : 0,
        "slat_ns" : {
          "min" : 0,
          "max" : 0,
          "mean" : 0.000000,
          "stddev" : 0.000000,
          "N" : 0
        },
        "clat_ns" : {
          "min" : 0,
          "max" : 0,
          "mean" : 0.000000,
          "stddev" : 0.000000,
          "N" : 0
        },
        "lat_ns" : {
          "min" : 0,
          "max" : 0,
          "mean" : 0.000000,
          "stddev" : 0.000000,
          "N" : 0
        },
        "bw_min" : 0,
        "bw_max" : 0,
        "bw_agg" : 0.000000,
        "bw_mean" : 0.000000,
        "bw_dev" : 0.000000,
        "bw_samples" : 0,
        "iops_min" : 0,
        "iops_max" : 0,
        "iops_mean" : 0.000000,
        "iops_stddev" : 0.000000,
        "iops_samples" : 0
      },
      "sync" : {
        "total_ios" : 0,
        "lat_ns" : {
          "min" : 0,
          "max" : 0,
          "mean" : 0.000000,
          "stddev" : 0.000000,
          "N" : 0
        }
      },
      "job_runtime" : 11888,
      "usr_cpu" : 10.077389,
      "sys_cpu" : 23.788694,
      "ctx" : 328700,
      "majf" : 0,
      "minf" : 40,
      "iodepth_level" : {
        "1" : 0.100000,
        "2" : 0.100000,
        "4" : 0.100000,
        "8" : 99.998896,
        "16" : 0.000000,
        "32" : 0.000000,
        ">=64" : 0.000000
      },
      "iodepth_submit" : {
        "0" : 0.000000,
        "4" : 100.000000,
        "8" : 0.000000,
        "16" : 0.000000,
        "32" : 0.000000,
        "64" : 0.000000,
        ">=64" : 0.000000
      },
      "iodepth_complete" : {
        "0" : 0.000000,
        "4" : 99.999842,
        "8" : 0.100000,
        "16" : 0.000000,
        "32" : 0.000000,
        "64" : 0.000000,
        ">=64" : 0.000000
      },
      "latency_ns" : {
        "2" : 0.000000,
        "4" : 0.000000,
        "10" : 0.000000,
        "20" : 0.000000,
        "50" : 0.000000,
        "100" : 0.000000,
        "250" : 0.000000,
        "500" : 0.010000,
        "750" : 0.000000,
        "1000" : 0.010000
      },
      "latency_us" : {
        "2" : 0.010000,
        "4" : 0.010000,
        "10" : 26.153771,
        "20" : 13.105834,
        "50" : 10.709947,
        "100" : 9.434781,
        "250" : 27.245148,
        "500" : 7.221894,
        "750" : 1.880804,
        "1000" : 1.516853
      },
      "latency_ms" : {
        "2" : 2.565162,
        "4" : 0.154131,
        "10" : 0.010000,
        "20" : 0.000000,
        "50" : 0.000000,
        "100" : 0.000000,
        "250" : 0.000000,
        "500" : 0.000000,
        "750" : 0.000000,
        "1000" : 0.000000,
        "2000" : 0.000000,
        ">=2000" : 0.000000
      },
      "latency_depth" : 8,
      "latency_target" : 0,
      "latency_percentile" : 100.000000,
      "latency_window" : 0,
      "steadystate" : {
        "ss" : "iops:10.000000%",
        "duration" : 10,
        "attained" : 1,
        "criterion" : "8.686625%",
        "max_deviation" : 4664.500000,
        "slope" : 0.000000,
        "data" : {
          "bw_mean" : 219946408,
          "iops_mean" : 53697,