{
  "fio version" : "fio-3.33",
  "timestamp" : 1687918675,
  "timestamp_ms" : 1687918675162,
  "time" : "Wed Jun 28 02:17:55 2023",
  "jobs" : [
    {
      "jobname" : "FIOJOB",
      "groupid" : 0,
      "error" : 0,
      "eta" : 0,
      "elapsed" : 13,
      "job options" : {
        "ioengine" : "io_uring",
        "rw" : "randrw",
        "bs" : "4k",
        "iodepth" : "32",
        "numjobs" : "1",
        "rwmixread" : "50",
        "runtime" : "60",
        "loops" : "1",
        "direct" : "1",
        "steadystate" : "iops:10%%",
        "steadystate_duration" : "10",
        "steadystate_ramp_time" : "1",
        "log_avg_msec" : "1000",
        "invalidate" : "1",
        "write_bw_log" : "/home/user/benchmarks/512s/1x/nvme3n1/randrw50/4k/randrw-iodepth-32-numjobs-1",
        "write_lat_log" : "/home/user/benchmarks/512s/1x/nvme3n1/randrw50/4k/randrw-iodepth-32-numjobs-1",
        "write_iops_log" : "/home/user/benchmarks/512s/1x/nvme3n1/randrw50/4k/randrw-iodepth-32-numjobs-1",
        "filename" : "/dev/nvme3n1"
      },
      "read" : {
        "io_bytes" : 4011859968,
        "io_kbytes" : 3917832,
        "bw_bytes" : 337386255,
        "bw" : 329478,
        "iops" : 82369.691363,
        "runtime" : 11891,
        "total_ios" : 979458,
        "short_ios" : 0,
        "drop_ios" : 0,
        "slat_ns" : {
          "min" : 930,
          "max" : 32700,
          "mean" : 1967.189849,
          "stddev" : 977.820512,
          "N" : 979458
        },
        "clat_ns" : {
          "min" : 41790,
          "max" : 7801009,
          "mean" : 368198.759136,
          "stddev" : 369332.581171,
          "N" : 979458,
          "percentile" : {
            "1.000000" : 74240,
            "5.000000" : 87552,
            "10.000000" : 104960,
            "20.000000" : 144384,
            "30.000000" : 189440,
            "40.000000" : 230400,
            "50.000000" : 268288,
            "60.000000" : 309248,
            "70.000000" : 358400,
            "80.000000" : 436224,
            "90.000000" : 716800,
            "95.000000" : 1187840,
            "99.000000" : 1892352,
            "99.500000" : 2146304,
            "99.900000" : 2867200,
            "99.950000" : 3194880,
            "99.990000" : 4554752
          }
        },
        "lat_ns" : {
          "min" : 43780,
          "max" : 7802539,
          "mean" : 370165.948985,
          "stddev" : 369295.566030,
          "N" : 979458
        },
        "bw_min" : 316732,
        "bw_max" : 341732,
        "bw_agg" : 99.809771,
        "bw_mean" : 328852.090909,
        "bw_dev" : 8583.068012,
        "bw_samples" : 11,
        "iops_min" : 79183,
        "iops_max" : 85438,
        "iops_mean" : 82213.181818,
        "iops_stddev" : 2146.429445,
        "iops_samples" : 11
      },
      "write" : {
        "io_bytes" : 4007223296,
        "io_kbytes" : 3913304,
        "bw_bytes" : 336996324,
        "bw" : 329097,
        "iops" : 82274.493314,
        "runtime" : 11891,
        "total_ios" : 978326,
        "short_ios" : 0,
        "drop_ios" : 0,
        "slat_ns" : {
          "min" : 1010,
          "max" : 35730,
          "mean" : 2263.146501,
          "stddev" : 1071.052338,
          "N" : 978326
        },
        "clat_ns" : {
          "min" : 151,
          "max" : 928770,
          "mean" : 14567.935448,
          "stddev" : 8878.694352,
          "N" : 978326,
          "percentile" : {
            "1.000000" : 5408,
            "5.000000" : 6176,
            "10.000000" : 6560,
            "20.000000" : 7648,
            "30.000000" : 8160,
            "40.000000" : 9280,
            "50.000000" : 11584,
            "60.000000" : 13504,
            "70.000000" : 17024,
            "80.000000" : 22144,
            "90.000000" : 28288,
            "95.000000" : 31360,
            "99.000000" : 40704,
            "99.500000" : 45312,
            "99.900000" : 55552,
            "99.950000" : 59648,
            "99.990000" : 70144
          }
        },
        "lat_ns" : {
          "min" : 6090,
          "max" : 930650,
          "mean" : 16831.081949,
          "stddev" : 9098.805810,
          "N" : 978326
        },
        "bw_min" : 317821,
        "bw_max" : 340332,
        "bw_agg" : 99.795814,
        "bw_mean" : 328426.636364,
        "bw_dev" : 8102.400783,
        "bw_samples" : 11,
        "iops_min" : 79455,
        "iops_max" : 85083,
        "iops_mean" : 82106.272727,
        "iops_stddev" : 2025.617737,
        "iops_samples" : 11
      },
      "trim" : {
        "io_bytes" : 0,
        "io_kbytes" : 0,
        "bw_bytes" : 0,
        "bw" : 0,
        "iops" : 0.000000,
        "runtime" : 0,
        "total_ios" : 0,
        "short_ios" : 0,
        "drop_ios" : 0,
        "slat_ns" : {
          "min" : 0,
          "max" : 0,
          "mean" : 0.000000,
          "stddev" : 0.000000,
          "N" : 0
        },
        "clat_ns" : {
          "min" : 0,
          "max" : 0,
          "mean" : 0.000000,
          "stddev" : 0.000000,
          "N" : 0
        },
        "lat_ns" : {
          "min" : 0,
          "max" : 0,
          "mean" : 0.000000,
          "stddev" : 0.000000,
          "N" : 0
        },
        "bw_min" : 0,
        "bw_max" : 0,
        "bw_agg" : 0.000000,
        "bw_mean" : 0.000000,
        "bw_dev" : 0.000000,
        "bw_samples" : 0,
        "iops_min" : 0,
        "iops_max" : 0,
        "iops_mean" : 0.000000,
        "iops_stddev" : 0.000000,
        "iops_samples" : 0
      },
      "sync" : {
        "total_ios" : 0,
        "lat_ns" : {
          "min" : 0,
          "max" : 0,
          "mean" : 0.000000,
          "stddev" : 0.000000,
          "N" : 0
        }
      },
      "job_runtime" : 11890,
      "usr_cpu" : 21.337258,
      "sys_cpu" : 40.042052,
      "ctx" : 446744,
      "majf" : 0,
      "minf" : 41,
      "iodepth_level" : {
        "1" : 0.100000,
        "2" : 0.100000,
        "4" : 0.100000,
        "8" : 0.100000,
        "16" : 0.100000,
        "32" : 99.998417,
        ">=64" : 0.000000
      },
      "iodepth_submit" : {
        "0" : 0.000000,
        "4" : 100.000000,
        "8" : 0.000000,
        "16" : 0.000000,
        "32" : 0.000000,
        "64" : 0.000000,
        ">=64" : 0.000000
      },
      "iodepth_complete" : {
        "0" : 0.000000,
        "4" : 99.999949,
        "8" : 0.000000,
        "16" : 0.000000,
        "32" : 0.100000,
        "64" : 0.000000,
        ">=64" : 0.000000
      },
      "latency_ns" : {
        "2" : 0.000000,
        "4" : 0.000000,
        "10" : 0.000000,
        "20" : 0.000000,
        "50" : 0.000000,
        "100" : 0.000000,
        "250" : 0.010000,
        "500" : 0.010000,
        "750" : 0.010000,
        "1000" : 0.000000
      },
      "latency_us" : {
        "2" : 0.010000,
        "4" : 0.010000,
        "10" : 21.636554,
        "20" : 16.339954,
        "50" : 11.866120,
        "100" : 4.486041,
        "250" : 18.211509,
        "500" : 19.445710,
        "750" : 3.258940,
        "1000" : 1.460222
      },
      "latency_ms" : {
        "2" : 2.924633,
        "4" : 0.356781,
        "10" : 0.010000,
        "20" : 0.000000,
        "50" : 0.000000,
        "100" : 0.000000,
        "250" : 0.000000,
        "500" : 0.000000,
        "750" : 0.000000,
        "1000" : 0.000000,
        "2000" : 0.000000,
        ">=2000" : 0.000000
      },
      "latency_depth" : 32,
      "latency_target" : 0,
      "latency_percentile" : 100.000000,
      "latency_window" : 0,
      "steadystate" : {
        "ss" : "iops:10.000000%",
        "duration" : 10,
        "attained" : 1,
        "criterion" : "4.471973%",
        "max_deviation" : 7364.700000,
        "slope" : 0.000000,
        "data" : {
          "bw_mean" : 674554082,
          "iops_mean" : 164685,