{
  "fio version" : "fio-3.33",
  "timestamp" : 1687919982,
  "timestamp_ms" : 1687919982339,
  "time" : "Wed Jun 28 02:39:42 2023",
  "jobs" : [
    {
      "jobname" : "FIOJOB",
      "groupid" : 0,
      "error" : 0,
      "eta" : 0,
      "elapsed" : 13,
      "job options" : {
        "ioengine" : "io_uring",
        "rw" : "randrw",
        "bs" : "4k",
        "iodepth" : "64",
        "numjobs" : "2",
        "rwmixread" : "50",
        "runtime" : "60",
        "loops" : "1",
        "direct" : "1",
        "steadystate" : "iops:10%%",
        "steadystate_duration" : "10",
        "steadystate_ramp_time" : "1",
        "log_avg_msec" : "1000",
        "invalidate" : "1",
        "write_bw_log" : "/home/user/benchmarks/512s/1x/nvme3n1/randrw50/4k/randrw-iodepth-64-numjobs-2",
        "write_lat_log" : "/home/user/benchmarks/512s/1x/nvme3n1/randrw50/4k/randrw-iodepth-64-numjobs-2",
        "write_iops_log" : "/home/user/benchmarks/512s/1x/nvme3n1/randrw50/4k/randrw-iodepth-64-numjobs-2",
        "filename" : "/dev/nvme3n1"
      },
      "read" : {
        "io_bytes" : 3977728000,
        "io_kbytes" : 3884500,
        "bw_bytes" : 334515852,
        "bw" : 326675,
        "iops" : 81668.909259,
        "runtime" : 11891,
        "total_ios" : 971125,
        "short_ios" : 0,
        "drop_ios" : 0,
        "slat_ns" : {
          "min" : 890,
          "max" : 57280,
          "mean" : 1988.713871,
          "stddev" : 801.979566,
          "N" : 971125
        },
        "clat_ns" : {
          "min" : 59410,
          "max" : 12827079,
          "mean" : 752933.397694,
          "stddev" : 675251.015120,
          "N" : 971125,
          "percentile" : {
            "1.000000" : 97792,
            "5.000000" : 138240,
            "10.000000" : 168960,
            "20.000000" : 228352,
            "30.000000" : 288768,
            "40.000000" : 354304,
            "50.000000" : 452608,
            "60.000000" : 643072,
            "70.000000" : 954368,
            "80.000000" : 1318912,
            "90.000000" : 1728512,
            "95.000000" : 2023424,
            "99.000000" : 2932736,
            "99.500000" : 3358720,
            "99.900000" : 4358144,
            "99.950000" : 4816896,
            "99.990000" : 5996544
          }
        },
        "lat_ns" : {
          "min" : 60570,
          "max" : 12829319,
          "mean" : 754922.111565,
          "stddev" : 675201.711494,
          "N" : 971125
        },
        "bw_min" : 313789,
        "bw_max" : 347832,
        "bw_agg" : 51.110618,
        "bw_mean" : 327240.454545,
        "bw_dev" : 9625.995589,
        "bw_samples" : 11,
        "iops_min" : 78447,
        "iops_max" : 86962,
        "iops_mean" : 81810.363636,
        "iops_stddev" : 2407.289815,
        "iops_samples" : 11
      },
      "write" : {
        "io_bytes" : 3973111808,
        "io_kbytes" : 3879992,
        "bw_bytes" : 334127643,
        "bw" : 326296,
        "iops" : 81574.131696,
        "runtime" : 11891,
        "total_ios" : 969998,
        "short_ios" : 0,
        "drop_ios" : 0,
        "slat_ns" : {
          "min" : 970,
          "max" : 39620,
          "mean" : 2258.731859,
          "stddev" : 858.936556,
          "N" : 969998
        },
        "clat_ns" : {
          "min" : 150,
          "max" : 2009220,
          "mean" : 24991.940631,
          "stddev" : 63866.272810,
          "N" : 969998,
          "percentile" : {
            "1.000000" : 5664,
            "5.000000" : 6688,
            "10.000000" : 7072,
            "20.000000" : 8256,
            "30.000000" : 9408,
            "40.000000" : 10688,
            "50.000000" : 12992,
            "60.000000" : 16768,
            "70.000000" : 23936,
            "80.000000" : 31104,
            "90.000000" : 48896,
            "95.000000" : 69120,
            "99.000000" : 108032,
            "99.500000" : 146432,
            "99.900000" : 1220608,
            "99.950000" : 1433600,
            "99.990000" : 1761280
          }
        },
        "lat_ns" : {
          "min" : 6140,
          "max" : 2011030,
          "mean" : 27250.672490,
          "stddev" : 63934.688494,
          "N" : 969998
        },
        "bw_min" : 315095,
        "bw_max" : 347108,
        "bw_agg" : 51.042790,
        "bw_mean" : 326781.363636,
        "bw_dev" : 9131.389131,
        "bw_samples" : 11,
        "iops_min" : 78773,
        "iops_max" : 86781,
        "iops_mean" : 81695.090909,
        "iops_stddev" : 2284.063723,
        "iops_samples" : 11
      },
      "trim" : {
        "io_bytes" : 0,
        "io_kbytes" : 0,
        "bw_bytes" : 0,
        "bw" : 0,
        "iops" : 0.000000,
        "runtime" : 0,
        "total_ios" : 0,
        "short_ios" : 0,
        "drop_ios" : 0,
        "slat_ns" : {
          "min" : 0,
          "max" : 0,
          "mean" : 0.000000,
          "stddev" : 0.000000,
          "N" : 0
        },
        "clat_ns" : {
          "min" : 0,
          "max" : 0,
          "mean" : 0.000000,
          "stddev" : 0.000000,
          "N" : 0
        },
        "lat_ns" : {
          "min" : 0,
          "max" : 0,
          "mean" : 0.000000,
          "stddev" : 0.000000,
          "N" : 0
        },
        "bw_min" : 0,
        "bw_max" : 0,
        "bw_agg" : 0.000000,
        "bw_mean" : 0.000000,
        "bw_dev" : 0.000000,
        "bw_samples" : 0,
        "iops_min" : 0,
        "iops_max" : 0,
        "iops_mean" : 0.000000,
        "iops_stddev" : 0.000000,
        "iops_samples" : 0
      },
      "sync" : {
        "total_ios" : 0,
        "lat_ns" : {
          "min" : 0,
          "max" : 0,
          "mean" : 0.000000,
          "stddev" : 0.000000,
          "N" : 0
        }
      },
      "job_runtime" : 11890,
      "usr_cpu" : 19.209420,
      "sys_cpu" : 39.798150,
      "ctx" : 462450,
      "majf" : 0,
      "minf" : 41,
      "iodepth_level" : {
        "1" : 0.100000,
        "2" : 0.100000,
        "4" : 0.100000,
        "8" : 0.100000,
        "16" : 0.100000,
        "32" : 0.100000,
        ">=64" : 99.996754
      },
      "iodepth_submit" : {
        "0" : 0.000000,
        "4" : 100.000000,
        "8" : 0.000000,
        "16" : 0.000000,
        "32" : 0.000000,
        "64" : 0.000000,
        ">=64" : 0.000000
      },
      "iodepth_complete" : {
        "0" : 0.000000,
        "4" : 99.999948,
        "8" : 0.000000,
        "16" : 0.000000,
        "32" : 0.000000,
        "64" : 0.100000,
        ">=64" : 0.000000
      },
      "latency_ns" : {
        "2" : 0.000000,
        "4" : 0.000000,
        "10" : 0.000000,
        "20" : 0.000000,
        "50" : 0.000000,
        "100" : 0.000000,
        "250" : 0.010000,
        "500" : 0.010000,
        "750" : 0.000000,
        "1000" : 0.010000
      },
      "latency_us" : {
        "2" : 0.010000,
        "4" : 0.010000,
        "10" : 17.852861,
        "20" : 14.624679,
        "50" : 12.679619,
        "100" : 4.683114,
        "250" : 11.669173,
        "500" : 14.940887,
        "750" : 5.270918,
        "1000" : 3.801665
      },
      "latency_ms" : {
        "2" : 11.811513,
        "4" : 2.573613,
        "10" : 0.089330,
        "20" : 0.010000,
        "50" : 0.000000,
        "100" : 0.000000,
        "250" : 0.000000,
        "500" : 0.000000,
        "750" : 0.000000,
        "1000" : 0.000000,
        "2000" : 0.000000,
        ">=2000" : 0.000000
      },
      "latency_depth" : 64,
      "latency_target" : 0,
      "latency_percentile" : 100.000000,
      "latency_window" : 0,
      "steadystate" : {
        "ss" : "iops:10.000000%",
        "duration" : 10,
        "attained" : 1,
        "criterion" : "5.491401%",
        "max_deviation" : 8942.500000,
        "slope" : 0.000000,
        "data" : {
          "bw_mean" : 667016899,
          "iops_mean" : 162845,