{
  "fio version" : "fio-3.33",
  "timestamp" : 1687914971,
  "timestamp_ms" : 1687914971364,
  "time" : "Wed Jun 28 01:16:11 2023",
  "jobs" : [
    {
      "jobname" : "FIOJOB",
      "groupid" : 0,
      "error" : 0,
      "eta" : 0,
      "elapsed" : 13,
      "job options" : {
        "ioengine" : "io_uring",
        "rw" : "randrw",
        "bs" : "4k",
        "iodepth" : "2",
        "numjobs" : "2",
        "rwmixread" : "50",
        "runtime" : "60",
        "loops" : "1",
        "direct" : "1",
        "steadystate" : "iops:10%%",
        "steadystate_duration" : "10",
        "steadystate_ramp_time" : "1",
        "log_avg_msec" : "1000",
        "invalidate" : "1",
        "write_bw_log" : "/home/user/benchmarks/512s/1x/nvme3n1/randrw50/4k/randrw-iodepth-2-numjobs-2",
        "write_lat_log" : "/home/user/benchmarks/512s/1x/nvme3n1/randrw50/4k/randrw-iodepth-2-numjobs-2",
        "write_iops_log" : "/home/user/benchmarks/512s/1x/nvme3n1/randrw50/4k/randrw-iodepth-2-numjobs-2",
        "filename" : "/dev/nvme3n1"
      },
      "read" : {
        "io_bytes" : 658812928,
        "io_kbytes" : 643372,
        "bw_bytes" : 55413653,
        "bw" : 54114,
        "iops" : 13528.724031,
        "runtime" : 11889,
        "total_ios" : 160843,
        "short_ios" : 0,
        "drop_ios" : 0,
        "slat_ns" : {
          "min" : 940,
          "max" : 30460,
          "mean" : 2563.365835,
          "stddev" : 746.868361,
          "N" : 160843
        },
        "clat_ns" : {
          "min" : 44580,
          "max" : 5957020,
          "mean" : 131189.671214,
          "stddev" : 219255.569206,
          "N" : 160843,
          "percentile" : {
            "1.000000" : 62720,
            "5.000000" : 64256,
            "10.000000" : 65280,
            "20.000000" : 67072,
            "30.000000" : 74240,
            "40.000000" : 78336,
            "50.000000" : 86528,
            "60.000000" : 96768,
            "70.000000" : 105984,
            "80.000000" : 118272,
            "90.000000" : 146432,
            "95.000000" : 193536,
            "99.000000" : 1499136,
            "99.500000" : 1712128,
            "99.900000" : 1974272,
            "99.950000" : 2113536,
            "99.990000" : 2768896
          }
        },
        "lat_ns" : {
          "min" : 47050,
          "max" : 5961400,
          "mean" : 133753.037049,
          "stddev" : 219252.327597,
          "N" : 160843
        },
        "bw_min" : 48836,
        "bw_max" : 57564,
        "bw_agg" : 50.326107,
        "bw_mean" : 54010.909091,
        "bw_dev" : 2847.262104,
        "bw_samples" : 11,
        "iops_min" : 12209,
        "iops_max" : 14391,
        "iops_mean" : 13502.454545,
        "iops_stddev" : 711.779090,
        "iops_samples" : 11
      },
      "write" : {
        "io_bytes" : 658644992,
        "io_kbytes" : 643208,
        "bw_bytes" : 55399528,
        "bw" : 54101,
        "iops" : 13525.275465,
        "runtime" : 11889,
        "total_ios" : 160802,
        "short_ios" : 0,
        "drop_ios" : 0,
        "slat_ns" : {
          "min" : 1020,
          "max" : 30970,
          "mean" : 2850.366364,
          "stddev" : 810.447969,
          "N" : 160802
        },
        "clat_ns" : {
          "min" : 290,
          "max" : 89440,
          "mean" : 9336.018638,
          "stddev" : 1965.470133,
          "N" : 160802,
          "percentile" : {
            "1.000000" : 5856,
            "5.000000" : 6240,
            "10.000000" : 6496,
            "20.000000" : 7136,
            "30.000000" : 9536,
            "40.000000" : 9664,
            "50.000000" : 9792,
            "60.000000" : 9920,
            "70.000000" : 9920,
            "80.000000" : 10048,
            "90.000000" : 10432,
            "95.000000" : 11200,
            "99.000000" : 16064,
            "99.500000" : 16512,
            "99.900000" : 21376,
            "99.950000" : 25728,
            "99.990000" : 32640
          }
        },
        "lat_ns" : {
          "min" : 5860,
          "max" : 92900,
          "mean" : 12186.385001,
          "stddev" : 2162.912550,
          "N" : 160802
        },
        "bw_min" : 49120,
        "bw_max" : 57396,
        "bw_agg" : 50.311008,
        "bw_mean" : 54083.272727,
        "bw_dev" : 2756.739527,
        "bw_samples" : 11,
        "iops_min" : 12280,
        "iops_max" : 14349,
        "iops_mean" : 13520.545455,
        "iops_stddev" : 689.327551,
        "iops_samples" : 11
      },
      "trim" : {
        "io_bytes" : 0,
        "io_kbytes" : 0,
        "bw_bytes" : 0,
        "bw" : 0,
        "iops" : 0.000000,
        "runtime" : 0,
        "total_ios" : 0,
        "short_ios" : 0,
        "drop_ios" : 0,
        "slat_ns" : {
          "min" : 0,
          "max" : 0,
          "mean" : 0.000000,
          "stddev" : 0.000000,
          "N" : 0
        },
        "clat_ns" : {
          "min" : 0,
          "max" : 0,
          "mean" : 0.000000,
          "stddev" : 0.000000,
          "N" : 0
        },
        "lat_ns" : {
          "min" : 0,
          "max" : 0,
          "mean" : 0.000000,
          "stddev" : 0.000000,
          "N" : 0
        },
        "bw_min" : 0,
        "bw_max" : 0,
        "bw_agg" : 0.000000,
        "bw_mean" : 0.000000,
        "bw_dev" : 0.000000,
        "bw_samples" : 0,
        "iops_min" : 0,
        "iops_max" : 0,
        "iops_mean" : 0.000000,
        "iops_stddev" : 0.000000,
        "iops_samples" : 0
      },
      "sync" : {
        "total_ios" : 0,
        "lat_ns" : {
          "min" : 0,
          "max" : 0,
          "mean" : 0.000000,
          "stddev" : 0.000000,
          "N" : 0
        }
      },
      "job_runtime" : 11888,
      "usr_cpu" : 5.164872,
      "sys_cpu" : 14.098250,
      "ctx" : 270577,
      "majf" : 0,
      "minf" : 41,
      "iodepth_level" : {
        "1" : 0.100000,
        "2" : 99.999689,
        "4" : 0.000000,
        "8" : 0.000000,
        "16" : 0.000000,
        "32" : 0.000000,
        ">=64" : 0.000000
      },
      "iodepth_submit" : {
        "0" : 0.000000,
        "4" : 100.000000,
        "8" : 0.000000,
        "16" : 0.000000,
        "32" : 0.000000,
        "64" : 0.000000,
        ">=64" : 0.000000
      },
      "iodepth_complete" : {
        "0" : 0.000000,
        "4" : 100.000000,
        "8" : 0.000000,
        "16" : 0.000000,
        "32" : 0.000000,
        "64" : 0.000000,
        ">=64" : 0.000000
      },
      "latency_ns" : {
        "2" : 0.000000,
        "4" : 0.000000,
        "10" : 0.000000,
        "20" : 0.000000,
        "50" : 0.000000,
        "100" : 0.000000,
        "250" : 0.000000,
        "500" : 0.010000,
        "750" : 0.010000,
        "1000" : 0.010000
      },
      "latency_us" : {
        "2" : 0.010000,
        "4" : 0.000000,
        "10" : 38.664677,
        "20" : 11.215470,
        "50" : 0.111303,
        "100" : 32.118018,
        "250" : 16.040044,
        "500" : 0.297222,
        "750" : 0.249965,
        "1000" : 0.259292
      },
      "latency_ms" : {
        "2" : 0.992398,
        "4" : 0.044459,
        "10" : 0.010000,
        "20" : 0.000000,
        "50" : 0.000000,
        "100" : 0.000000,
        "250" : 0.000000,
        "500" : 0.000000,
        "750" : 0.000000,
        "1000" : 0.000000,
        "2000" : 0.000000,
        ">=2000" : 0.000000
      },
      "latency_depth" : 2,
      "latency_target" : 0,
      "latency_percentile" : 100.000000,
      "latency_window" : 0,
      "steadystate" : {
        "ss" : "iops:10.000000%",
        "duration" : 10,
        "attained" : 1,
        "criterion" : "7.957736%",
        "max_deviation" : 2137.400000,
        "slope" : 0.000000,
        "data" : {
          "bw_mean" : 110017275,
          "iops_mean" : 26859,