{
  "fio version" : "fio-3.33",
  "timestamp" : 1687915701,
  "timestamp_ms" : 1687915701734,
  "time" : "Wed Jun 28 01:28:21 2023",
  "jobs" : [
    {
      "jobname" : "FIOJOB",
      "groupid" : 0,
      "error" : 0,
      "eta" : 0,
      "elapsed" : 13,
      "job options" : {
        "ioengine" : "io_uring",
        "rw" : "randrw",
        "bs" : "4k",
        "iodepth" : "4",
        "numjobs" : "1",
        "rwmixread" : "50",
        "runtime" : "60",
        "loops" : "1",
        "direct" : "1",
        "steadystate" : "iops:10%%",
        "steadystate_duration" : "10",
        "steadystate_ramp_time" : "1",
        "log_avg_msec" : "1000",
        "invalidate" : "1",
        "write_bw_log" : "/home/user/benchmarks/512s/1x/nvme3n1/randrw50/4k/randrw-iodepth-4-numjobs-1",
        "write_lat_log" : "/home/user/benchmarks/512s/1x/nvme3n1/randrw50/4k/randrw-iodepth-4-numjobs-1",
        "write_iops_log" : "/home/user/benchmarks/512s/1x/nvme3n1/randrw50/4k/randrw-iodepth-4-numjobs-1",
        "filename" : "/dev/nvme3n1"
      },
      "read" : {
        "io_bytes" : 1216081920,
        "io_kbytes" : 1187580,
        "bw_bytes" : 102286308,
        "bw" : 99888,
        "iops" : 24972.243250,
        "runtime" : 11889,
        "total_ios" : 296895,
        "short_ios" : 0,
        "drop_ios" : 0,
        "slat_ns" : {
          "min" : 940,
          "max" : 26170,
          "mean" : 1955.773068,
          "stddev" : 874.333807,
          "N" : 296895
        },
        "clat_ns" : {
          "min" : 43280,
          "max" : 5428759,
          "mean" : 145419.696563,
          "stddev" : 170989.333818,
          "N" : 296895,
          "percentile" : {
            "1.000000" : 61184,
            "5.000000" : 63232,
            "10.000000" : 66048,
            "20.000000" : 75264,
            "30.000000" : 88576,
            "40.000000" : 100864,
            "50.000000" : 117248,
            "60.000000" : 136192,
            "70.000000" : 150528,
            "80.000000" : 175104,
            "90.000000" : 201728,
            "95.000000" : 232448,
            "99.000000" : 1171456,
            "99.500000" : 1613824,
            "99.900000" : 1941504,
            "99.950000" : 2072576,
            "99.990000" : 2441216
          }
        },
        "lat_ns" : {
          "min" : 44350,
          "max" : 5431269,
          "mean" : 147375.469631,
          "stddev" : 170978.720664,
          "N" : 296895
        },
        "bw_min" : 93361,
        "bw_max" : 104164,
        "bw_agg" : 100.000000,
        "bw_mean" : 99968.636364,
        "bw_dev" : 3095.031770,
        "bw_samples" : 11,
        "iops_min" : 23340,
        "iops_max" : 26041,
        "iops_mean" : 24992.000000,
        "iops_stddev" : 773.966795,
        "iops_samples" : 11
      },
      "write" : {
        "io_bytes" : 1215909888,
        "io_kbytes" : 1187412,
        "bw_bytes" : 102271838,
        "bw" : 99874,
        "iops" : 24968.710573,
        "runtime" : 11889,
        "total_ios" : 296853,
        "short_ios" : 0,
        "drop_ios" : 0,
        "slat_ns" : {
          "min" : 1020,
          "max" : 23150,
          "mean" : 2219.593529,
          "stddev" : 943.688691,
          "N" : 296853
        },
        "clat_ns" : {
          "min" : 180,
          "max" : 56940,
          "mean" : 9058.884394,
          "stddev" : 2919.521528,
          "N" : 296853,
          "percentile" : {
            "1.000000" : 5472,
            "5.000000" : 5984,
            "10.000000" : 6432,
            "20.000000" : 6560,
            "30.000000" : 6688,
            "40.000000" : 6880,
            "50.000000" : 8768,
            "60.000000" : 9664,
            "70.000000" : 10816,
            "80.000000" : 11072,
            "90.000000" : 11968,
            "95.000000" : 15552,
            "99.000000" : 17280,
            "99.500000" : 18816,
            "99.900000" : 24704,
            "99.950000" : 26752,
            "99.990000" : 30336
          }
        },
        "lat_ns" : {
          "min" : 5880,
          "max" : 59600,
          "mean" : 11278.477923,
          "stddev" : 3559.449929,
          "N" : 296853
        },
        "bw_min" : 91583,
        "bw_max" : 105033,
        "bw_agg" : 100.000000,
        "bw_mean" : 100120.909091,
        "bw_dev" : 3477.838595,
        "bw_samples" : 11,
        "iops_min" : 22895,
        "iops_max" : 26258,
        "iops_mean" : 25029.818182,
        "iops_stddev" : 869.586203,
        "iops_samples" : 11
      },
      "trim" : {
        "io_bytes" : 0,
        "io_kbytes" : 0,
        "bw_bytes" : 0,
        "bw" : 0,
        "iops" : 0.000000,
        "runtime" : 0,
        "total_ios" : 0,
        "short_ios" : 0,
        "drop_ios" : 0,
        "slat_ns" : {
          "min" : 0,
          "max" : 0,
          "mean" : 0.000000,
          "stddev" : 0.000000,
          "N" : 0
        },
        "clat_ns" : {
          "min" : 0,
          "max" : 0,
          "mean" : 0.000000,
          "stddev" : 0.000000,
          "N" : 0
        },
        "lat_ns" : {
          "min" : 0,
          "max" : 0,
          "mean" : 0.000000,
          "stddev" : 0.000000,
          "N" : 0
        },
        "bw_min" : 0,
        "bw_max" : 0,
        "bw_agg" : 0.000000,
        "bw_mean" : 0.000000,
        "bw_dev" : 0.000000,
        "bw_samples" : 0,
        "iops_min" : 0,
        "iops_max" : 0,
        "iops_mean" : 0.000000,
        "iops_stddev" : 0.000000,
        "iops_samples" : 0
      },
      "sync" : {
        "total_ios" : 0,
        "lat_ns" : {
          "min" : 0,
          "max" : 0,
          "mean" : 0.000000,
          "stddev" : 0.000000,
          "N" : 0
        }
      },
      "job_runtime" : 11888,
      "usr_cpu" : 7.503365,
      "sys_cpu" : 18.918237,
      "ctx" : 463576,
      "majf" : 0,
      "minf" : 41,
      "iodepth_level" : {
        "1" : 0.100000,
        "2" : 0.100000,
        "4" : 99.999495,
        "8" : 0.000000,
        "16" : 0.000000,
        "32" : 0.000000,
        ">=64" : 0.000000
      },
      "iodepth_submit" : {
        "0" : 0.000000,
        "4" : 100.000000,
        "8" : 0.000000,
        "16" : 0.000000,
        "32" : 0.000000,
        "64" : 0.000000,
        ">=64" : 0.000000
      },
      "iodepth_complete" : {
        "0" : 0.000000,
        "4" : 100.000000,
        "8" : 0.000000,
        "16" : 0.000000,
        "32" : 0.000000,
        "64" : 0.000000,
        ">=64" : 0.000000
      },
      "latency_ns" : {
        "2" : 0.000000,
        "4" : 0.000000,
        "10" : 0.000000,
        "20" : 0.000000,
        "50" : 0.000000,
        "100" : 0.000000,
        "250" : 0.010000,
        "500" : 0.010000,
        "750" : 0.010000,
        "1000" : 0.000000
      },
      "latency_us" : {
        "2" : 0.010000,
        "4" : 0.010000,
        "10" : 32.958090,
        "20" : 16.863046,
        "50" : 0.176337,
        "100" : 19.441750,
        "250" : 29.220646,
        "500" : 0.475791,
        "750" : 0.157306,
        "1000" : 0.125811
      },
      "latency_ms" : {
        "2" : 0.543497,
        "4" : 0.034526,
        "10" : 0.010000,
        "20" : 0.000000,
        "50" : 0.000000,
        "100" : 0.000000,
        "250" : 0.000000,
        "500" : 0.000000,
        "750" : 0.000000,
        "1000" : 0.000000,
        "2000" : 0.000000,
        ">=2000" : 0.000000
      },
      "latency_depth" : 4,
      "latency_target" : 0,
      "latency_percentile" : 100.000000,
      "latency_window" : 0,
      "steadystate" : {
        "ss" : "iops:10.000000%",
        "duration" : 10,
        "attained" : 1,
        "criterion" : "7.480165%",
        "max_deviation" : 3724.000000,
        "slope" : 0.000000,
        "data" : {
          "bw_mean" : 203920905,
          "iops_mean" : 49785,