{
  "fio version" : "fio-3.33",
  "timestamp" : 1687938973,
  "timestamp_ms" : 1687938973919,
  "time" : "Wed Jun 28 07:56:13 2023",
  "jobs" : [
    {
      "jobname" : "FIOJOB",
      "groupid" : 0,
      "error" : 0,
      "eta" : 0,
      "elapsed" : 13,
      "job options" : {
        "ioengine" : "io_uring",
        "rw" : "randrw",
        "bs" : "4k",
        "iodepth" : "8",
        "numjobs" : "2",
        "rwmixread" : "65",
        "runtime" : "60",
        "loops" : "1",
        "direct" : "1",
        "steadystate" : "iops:10%%",
        "steadystate_duration" : "10",
        "steadystate_ramp_time" : "1",
        "log_avg_msec" : "1000",
        "invalidate" : "1",
        "write_bw_log" : "/home/user/benchmarks/4096s/1x/nvme2n1/randrw65/4k/randrw-iodepth-8-numjobs-2",
        "write_lat_log" : "/home/user/benchmarks/4096s/1x/nvme2n1/randrw65/4k/randrw-iodepth-8-numjobs-2",
        "write_iops_log" : "/home/user/benchmarks/4096s/1x/nvme2n1/randrw65/4k/randrw-iodepth-8-numjobs-2",
        "filename" : "/dev/nvme2n1"
      },
      "read" : {
        "io_bytes" : 1700421632,
        "io_kbytes" : 1660568,
        "bw_bytes" : 143060881,
        "bw" : 139707,
        "iops" : 34926.972909,
        "runtime" : 11886,
        "total_ios" : 415142,
        "short_ios" : 0,
        "drop_ios" : 0,
        "slat_ns" : {
          "min" : 949,
          "max" : 54900,
          "mean" : 3156.337470,
          "stddev" : 1050.923981,
          "N" : 415142
        },
        "clat_ns" : {
          "min" : 42240,
          "max" : 8729779,
          "mean" : 214772.149855,
          "stddev" : 274581.639613,
          "N" : 415142,
          "percentile" : {
            "1.000000" : 64768,
            "5.000000" : 70144,
            "10.000000" : 78336,
            "20.000000" : 88576,
            "30.000000" : 101888,
            "40.000000" : 116224,
            "50.000000" : 136192,
            "60.000000" : 160768,
            "70.000000" : 193536,
            "80.000000" : 234496,
            "90.000000" : 313344,
            "95.000000" : 749568,
            "99.000000" : 1597440,
            "99.500000" : 1744896,
            "99.900000" : 2007040,
            "99.950000" : 2244608,
            "99.990000" : 3129344
          }
        },
        "lat_ns" : {
          "min" : 47110,
          "max" : 8732369,
          "mean" : 217928.487325,
          "stddev" : 274546.378446,
          "N" : 415142
        },
        "bw_min" : 135856,
        "bw_max" : 147747,
        "bw_agg" : 52.240139,
        "bw_mean" : 141054.909091,
        "bw_dev" : 4134.983397,
        "bw_samples" : 11,
        "iops_min" : 33964,
        "iops_max" : 36936,
        "iops_mean" : 35263.636364,
        "iops_stddev" : 1033.637294,
        "iops_samples" : 11
      },
      "write" : {
        "io_bytes" : 917217280,
        "io_kbytes" : 895720,
        "bw_bytes" : 77167868,
        "bw" : 75359,
        "iops" : 18839.811543,
        "runtime" : 11886,
        "total_ios" : 223930,
        "short_ios" : 0,
        "drop_ios" : 0,
        "slat_ns" : {
          "min" : 1069,
          "max" : 53440,
          "mean" : 3656.295213,
          "stddev" : 1186.143647,
          "N" : 223930
        },
        "clat_ns" : {
          "min" : 280,
          "max" : 80830,
          "mean" : 13788.376430,
          "stddev" : 6871.559087,
          "N" : 223930,
          "percentile" : {
            "1.000000" : 6496,
            "5.000000" : 6752,
            "10.000000" : 7008,
            "20.000000" : 9024,
            "30.000000" : 10560,
            "40.000000" : 10688,
            "50.000000" : 11200,
            "60.000000" : 12480,
            "70.000000" : 14016,
            "80.000000" : 17536,
            "90.000000" : 25216,
            "95.000000" : 30592,
            "99.000000" : 33536,
            "99.500000" : 35072,
            "99.900000" : 41216,
            "99.950000" : 43776,
            "99.990000" : 53504
          }
        },
        "lat_ns" : {
          "min" : 6910,
          "max" : 86540,
          "mean" : 17444.671643,
          "stddev" : 6755.837137,
          "N" : 223930
        },
        "bw_min" : 72952,
        "bw_max" : 79523,
        "bw_agg" : 52.132889,
        "bw_mean" : 76087.000000,
        "bw_dev" : 2226.950561,
        "bw_samples" : 11,
        "iops_min" : 18238,
        "iops_max" : 19880,
        "iops_mean" : 19021.454545,
        "iops_stddev" : 556.528591,
        "iops_samples" : 11
      },
      "trim" : {
        "io_bytes" : 0,
        "io_kbytes" : 0,
        "bw_bytes" : 0,
        "bw" : 0,
        "iops" : 0.000000,
        "runtime" : 0,
        "total_ios" : 0,
        "short_ios" : 0,
        "drop_ios" : 0,
        "slat_ns" : {
          "min" : 0,
          "max" : 0,
          "mean" : 0.000000,
          "stddev" : 0.000000,
          "N" : 0
        },
        "clat_ns" : {
          "min" : 0,
          "max" : 0,
          "mean" : 0.000000,
          "stddev" : 0.000000,
          "N" : 0
        },
        "lat_ns" : {
          "min" : 0,
          "max" : 0,
          "mean" : 0.000000,
          "stddev" : 0.000000,
          "N" : 0
        },
        "bw_min" : 0,
        "bw_max" : 0,
        "bw_agg" : 0.000000,
        "bw_mean" : 0.000000,
        "bw_dev" : 0.000000,
        "bw_samples" : 0,
        "iops_min" : 0,
        "iops_max" : 0,
        "iops_mean" : 0.000000,
        "iops_stddev" : 0.000000,
        "iops_samples" : 0
      },
      "sync" : {
        "total_ios" : 0,
        "lat_ns" : {
          "min" : 0,
          "max" : 0,
          "mean" : 0.000000,
          "stddev" : 0.000000,
          "N" : 0
        }
      },
      "job_runtime" : 11885,
      "usr_cpu" : 11.602861,
      "sys_cpu" : 27.665124,
      "ctx" : 320857,
      "majf" : 0,
      "minf" : 40,
      "iodepth_level" : {
        "1" : 0.100000,
        "2" : 0.100000,
        "4" : 0.100000,
        "8" : 99.998905,
        "16" : 0.000000,
        "32" : 0.000000,
        ">=64" : 0.000000
      },
      "iodepth_submit" : {
        "0" : 0.000000,
        "4" : 100.000000,
        "8" : 0.000000,
        "16" : 0.000000,
        "32" : 0.000000,
        "64" : 0.000000,
        ">=64" : 0.000000
      },
      "iodepth_complete" : {
        "0" : 0.000000,
        "4" : 99.999844,
        "8" : 0.100000,
        "16" : 0.000000,
        "32" : 0.000000,
        "64" : 0.000000,
        ">=64" : 0.000000
      },
      "latency_ns" : {
        "2" : 0.000000,
        "4" : 0.000000,
        "10" : 0.000000,
        "20" : 0.000000,
        "50" : 0.000000,
        "100" : 0.000000,
        "250" : 0.000000,
        "500" : 0.010000,
        "750" : 0.010000,
        "1000" : 0.010000
      },
      "latency_us" : {
        "2" : 0.010000,
        "4" : 0.010000,
        "10" : 8.506240,
        "20" : 21.439994,
        "50" : 5.090193,
        "100" : 18.714323,
        "250" : 35.297275,
        "500" : 6.757768,
        "750" : 0.927908,
        "1000" : 0.857180
      },
      "latency_ms" : {
        "2" : 2.323838,
        "4" : 0.069006,
        "10" : 0.010000,
        "20" : 0.000000,
        "50" : 0.000000,
        "100" : 0.000000,
        "250" : 0.000000,
        "500" : 0.000000,
        "750" : 0.000000,
        "1000" : 0.000000,
        "2000" : 0.000000,
        ">=2000" : 0.000000
      },
      "latency_depth" : 8,
      "latency_target" : 0,
      "latency_percentile" : 100.000000,
      "latency_window" : 0,
      "steadystate" : {
        "ss" : "iops:10.000000%",
        "duration" : 10,
        "attained" : 1,
        "criterion" : "8.899343%",
        "max_deviation" : 4810.300000,
        "slope" : 0.000000,
        "data" : {
          "bw_mean" : 221399269,
          "iops_mean" : 54052,