{
  "fio version" : "fio-3.33",
  "timestamp" : 1687939953,
  "timestamp_ms" : 1687939953814,
  "time" : "Wed Jun 28 08:12:33 2023",
  "jobs" : [
    {
      "jobname" : "FIOJOB",
      "groupid" : 0,
      "error" : 0,
      "eta" : 0,
      "elapsed" : 13,
      "job options" : {
        "ioengine" : "io_uring",
        "rw" : "randrw",
        "bs" : "4k",
        "iodepth" : "16",
        "numjobs" : "1",
        "rwmixread" : "65",
        "runtime" : "60",
        "loops" : "1",
        "direct" : "1",
        "steadystate" : "iops:10%%",
        "steadystate_duration" : "10",
        "steadystate_ramp_time" : "1",
        "log_avg_msec" : "1000",
        "invalidate" : "1",
        "write_bw_log" : "/home/user/benchmarks/4096s/1x/nvme2n1/randrw65/4k/randrw-iodepth-16-numjobs-1",
        "write_lat_log" : "/home/user/benchmarks/4096s/1x/nvme2n1/randrw65/4k/randrw-iodepth-16-numjobs-1",
        "write_iops_log" : "/home/user/benchmarks/4096s/1x/nvme2n1/randrw65/4k/randrw-iodepth-16-numjobs-1",
        "filename" : "/dev/nvme2n1"
      },
      "read" : {
        "io_bytes" : 3015831552,
        "io_kbytes" : 2945148,
        "bw_bytes" : 253687041,
        "bw" : 247741,
        "iops" : 61935.312921,
        "runtime" : 11888,
        "total_ios" : 736287,
        "short_ios" : 0,
        "drop_ios" : 0,
        "slat_ns" : {
          "min" : 950,
          "max" : 36130,
          "mean" : 3362.569948,
          "stddev" : 1107.838537,
          "N" : 736287
        },
        "clat_ns" : {
          "min" : 44210,
          "max" : 4998630,
          "mean" : 241776.253776,
          "stddev" : 240842.598002,
          "N" : 736287,
          "percentile" : {
            "1.000000" : 67072,
            "5.000000" : 77312,
            "10.000000" : 86528,
            "20.000000" : 107008,
            "30.000000" : 128512,
            "40.000000" : 154624,
            "50.000000" : 189440,
            "60.000000" : 222208,
            "70.000000" : 257024,
            "80.000000" : 301056,
            "90.000000" : 378880,
            "95.000000" : 505856,
            "99.000000" : 1531904,
            "99.500000" : 1744896,
            "99.900000" : 2113536,
            "99.950000" : 2342912,
            "99.990000" : 3129344
          }
        },
        "lat_ns" : {
          "min" : 47370,
          "max" : 5000790,
          "mean" : 245138.823724,
          "stddev" : 240796.062219,
          "N" : 736287
        },
        "bw_min" : 241093,
        "bw_max" : 256024,
        "bw_agg" : 100.000000,
        "bw_mean" : 248173.181818,
        "bw_dev" : 4242.394202,
        "bw_samples" : 11,
        "iops_min" : 60273,
        "iops_max" : 64006,
        "iops_mean" : 62043.272727,
        "iops_stddev" : 1060.350328,
        "iops_samples" : 11
      },
      "write" : {
        "io_bytes" : 1625047040,
        "io_kbytes" : 1586960,
        "bw_bytes" : 136696419,
        "bw" : 133492,
        "iops" : 33373.149394,
        "runtime" : 11888,
        "total_ios" : 396740,
        "short_ios" : 0,
        "drop_ios" : 0,
        "slat_ns" : {
          "min" : 1040,
          "max" : 33260,
          "mean" : 3815.643573,
          "stddev" : 1181.791748,
          "N" : 396740
        },
        "clat_ns" : {
          "min" : 300,
          "max" : 74690,
          "mean" : 17242.253360,
          "stddev" : 7878.981408,
          "N" : 396740,
          "percentile" : {
            "1.000000" : 6624,
            "5.000000" : 7840,
            "10.000000" : 9408,
            "20.000000" : 11200,
            "30.000000" : 12352,
            "40.000000" : 13120,
            "50.000000" : 14784,
            "60.000000" : 17280,
            "70.000000" : 19584,
            "80.000000" : 22912,
            "90.000000" : 29568,
            "95.000000" : 33024,
            "99.000000" : 40192,
            "99.500000" : 44288,
            "99.900000" : 51968,
            "99.950000" : 54528,
            "99.990000" : 62720
          }
        },
        "lat_ns" : {
          "min" : 6780,
          "max" : 79880,
          "mean" : 21057.896932,
          "stddev" : 8110.889270,
          "N" : 396740
        },
        "bw_min" : 129993,
        "bw_max" : 139507,
        "bw_agg" : 100.000000,
        "bw_mean" : 133774.272727,
        "bw_dev" : 2884.153432,
        "bw_samples" : 11,
        "iops_min" : 32497,
        "iops_max" : 34876,
        "iops_mean" : 33443.363636,
        "iops_stddev" : 721.003644,
        "iops_samples" : 11
      },
      "trim" : {
        "io_bytes" : 0,
        "io_kbytes" : 0,
        "bw_bytes" : 0,
        "bw" : 0,
        "iops" : 0.000000,
        "runtime" : 0,
        "total_ios" : 0,
        "short_ios" : 0,
        "drop_ios" : 0,
        "slat_ns" : {
          "min" : 0,
          "max" : 0,
          "mean" : 0.000000,
          "stddev" : 0.000000,
          "N" : 0
        },
        "clat_ns" : {
          "min" : 0,
          "max" : 0,
          "mean" : 0.000000,
          "stddev" : 0.000000,
          "N" : 0
        },
        "lat_ns" : {
          "min" : 0,
          "max" : 0,
          "mean" : 0.000000,
          "stddev" : 0.000000,
          "N" : 0
        },
        "bw_min" : 0,
        "bw_max" : 0,
        "bw_agg" : 0.000000,
        "bw_mean" : 0.000000,
        "bw_dev" : 0.000000,
        "bw_samples" : 0,
        "iops_min" : 0,
        "iops_max" : 0,
        "iops_mean" : 0.000000,
        "iops_stddev" : 0.000000,
        "iops_samples" : 0
      },
      "sync" : {
        "total_ios" : 0,
        "lat_ns" : {
          "min" : 0,
          "max" : 0,
          "mean" : 0.000000,
          "stddev" : 0.000000,
          "N" : 0
        }
      },
      "job_runtime" : 11887,
      "usr_cpu" : 21.090267,
      "sys_cpu" : 41.793556,
      "ctx" : 323890,
      "majf" : 0,
      "minf" : 41,
      "iodepth_level" : {
        "1" : 0.100000,
        "2" : 0.100000,
        "4" : 0.100000,
        "8" : 0.100000,
        "16" : 99.998676,
        "32" : 0.000000,
        ">=64" : 0.000000
      },
      "iodepth_submit" : {
        "0" : 0.000000,
        "4" : 100.000000,
        "8" : 0.000000,
        "16" : 0.000000,
        "32" : 0.000000,
        "64" : 0.000000,
        ">=64" : 0.000000
      },
      "iodepth_complete" : {
        "0" : 0.000000,
        "4" : 99.999912,
        "8" : 0.000000,
        "16" : 0.100000,
        "32" : 0.000000,
        "64" : 0.000000,
        ">=64" : 0.000000
      },
      "latency_ns" : {
        "2" : 0.000000,
        "4" : 0.000000,
        "10" : 0.000000,
        "20" : 0.000000,
        "50" : 0.000000,
        "100" : 0.000000,
        "250" : 0.000000,
        "500" : 0.010000,
        "750" : 0.010000,
        "1000" : 0.010000
      },
      "latency_us" : {
        "2" : 0.010000,
        "4" : 0.010000,
        "10" : 4.258681,
        "20" : 20.816097,
        "50" : 9.889967,
        "100" : 10.967082,
        "250" : 33.172643,
        "500" : 17.579458,
        "750" : 1.093443,
        "1000" : 0.585246
      },
      "latency_ms" : {
        "2" : 1.530678,
        "4" : 0.101233,
        "10" : 0.010000,
        "20" : 0.000000,
        "50" : 0.000000,
        "100" : 0.000000,
        "250" : 0.000000,
        "500" : 0.000000,
        "750" : 0.000000,
        "1000" : 0.000000,
        "2000" : 0.000000,
        ">=2000" : 0.000000
      },
      "latency_depth" : 16,
      "latency_target" : 0,
      "latency_percentile" : 100.000000,
      "latency_window" : 0,
      "steadystate" : {
        "ss" : "iops:10.000000%",
        "duration" : 10,
        "attained" : 1,
        "criterion" : "3.741525%",
        "max_deviation" : 3587.000000,
        "slope" : 0.000000,
        "data" : {
          "bw_mean" : 392684798,
          "iops_mean" : 95870,