{
  "fio version" : "fio-3.33",
  "timestamp" : 1687937834,
  "timestamp_ms" : 1687937834882,
  "time" : "Wed Jun 28 07:37:14 2023",
  "jobs" : [
    {
      "jobname" : "FIOJOB",
      "groupid" : 0,
      "error" : 0,
      "eta" : 0,
      "elapsed" : 13,
      "job options" : {
        "ioengine" : "io_uring",
        "rw" : "randrw",
        "bs" : "4k",
        "iodepth" : "4",
        "numjobs" : "1",
        "rwmixread" : "65",
        "runtime" : "60",
        "loops" : "1",
        "direct" : "1",
        "steadystate" : "iops:10%%",
        "steadystate_duration" : "10",
        "steadystate_ramp_time" : "1",
        "log_avg_msec" : "1000",
        "invalidate" : "1",
        "write_bw_log" : "/home/user/benchmarks/4096s/1x/nvme2n1/randrw65/4k/randrw-iodepth-4-numjobs-1",
        "write_lat_log" : "/home/user/benchmarks/4096s/1x/nvme2n1/randrw65/4k/randrw-iodepth-4-numjobs-1",
        "write_iops_log" : "/home/user/benchmarks/4096s/1x/nvme2n1/randrw65/4k/randrw-iodepth-4-numjobs-1",
        "filename" : "/dev/nvme2n1"
      },
      "read" : {
        "io_bytes" : 1492520960,
        "io_kbytes" : 1457540,
        "bw_bytes" : 125559094,
        "bw" : 122616,
        "iops" : 30654.075881,
        "runtime" : 11887,
        "total_ios" : 364385,
        "short_ios" : 0,
        "drop_ios" : 0,
        "slat_ns" : {
          "min" : 950,
          "max" : 29850,
          "mean" : 2541.193482,
          "stddev" : 654.444154,
          "N" : 364385
        },
        "clat_ns" : {
          "min" : 43070,
          "max" : 2778300,
          "mean" : 119605.382922,
          "stddev" : 131605.083814,
          "N" : 364385,
          "percentile" : {
            "1.000000" : 61696,
            "5.000000" : 63744,
            "10.000000" : 64768,
            "20.000000" : 66048,
            "30.000000" : 75264,
            "40.000000" : 80384,
            "50.000000" : 95744,
            "60.000000" : 109056,
            "70.000000" : 125440,
            "80.000000" : 146432,
            "90.000000" : 179200,
            "95.000000" : 203776,
            "99.000000" : 481280,
            "99.500000" : 1302528,
            "99.900000" : 1826816,
            "99.950000" : 1908736,
            "99.990000" : 2113536
          }
        },
        "lat_ns" : {
          "min" : 45390,
          "max" : 2780650,
          "mean" : 122146.576404,
          "stddev" : 131586.811034,
          "N" : 364385
        },
        "bw_min" : 120436,
        "bw_max" : 125245,
        "bw_agg" : 99.743670,
        "bw_mean" : 122302.000000,
        "bw_dev" : 1661.890249,
        "bw_samples" : 11,
        "iops_min" : 30109,
        "iops_max" : 31311,
        "iops_mean" : 30575.363636,
        "iops_stddev" : 415.405891,
        "iops_samples" : 11
      },
      "write" : {
        "io_bytes" : 805408768,
        "io_kbytes" : 786532,
        "bw_bytes" : 67755427,
        "bw" : 66167,
        "iops" : 16541.852444,
        "runtime" : 11887,
        "total_ios" : 196633,
        "short_ios" : 0,
        "drop_ios" : 0,
        "slat_ns" : {
          "min" : 1130,
          "max" : 24360,
          "mean" : 2906.638586,
          "stddev" : 728.811422,
          "N" : 196633
        },
        "clat_ns" : {
          "min" : 290,
          "max" : 95530,
          "mean" : 9713.452152,
          "stddev" : 2517.328827,
          "N" : 196633,
          "percentile" : {
            "1.000000" : 5664,
            "5.000000" : 5984,
            "10.000000" : 6496,
            "20.000000" : 8256,
            "30.000000" : 9408,
            "40.000000" : 9536,
            "50.000000" : 9536,
            "60.000000" : 9664,
            "70.000000" : 9792,
            "80.000000" : 9920,
            "90.000000" : 13376,
            "95.000000" : 15168,
            "99.000000" : 17536,
            "99.500000" : 19840,
            "99.900000" : 25472,
            "99.950000" : 27264,
            "99.990000" : 33024
          }
        },
        "lat_ns" : {
          "min" : 6410,
          "max" : 98170,
          "mean" : 12620.090738,
          "stddev" : 2437.468375,
          "N" : 196633
        },
        "bw_min" : 64484,
        "bw_max" : 68100,
        "bw_agg" : 99.795354,
        "bw_mean" : 66032.181818,
        "bw_dev" : 1008.171991,
        "bw_samples" : 11,
        "iops_min" : 16121,
        "iops_max" : 17025,
        "iops_mean" : 16507.818182,
        "iops_stddev" : 251.965402,
        "iops_samples" : 11
      },
      "trim" : {
        "io_bytes" : 0,
        "io_kbytes" : 0,
        "bw_bytes" : 0,
        "bw" : 0,
        "iops" : 0.000000,
        "runtime" : 0,
        "total_ios" : 0,
        "short_ios" : 0,
        "drop_ios" : 0,
        "slat_ns" : {
          "min" : 0,
          "max" : 0,
          "mean" : 0.000000,
          "stddev" : 0.000000,
          "N" : 0
        },
        "clat_ns" : {
          "min" : 0,
          "max" : 0,
          "mean" : 0.000000,
          "stddev" : 0.000000,
          "N" : 0
        },
        "lat_ns" : {
          "min" : 0,
          "max" : 0,
          "mean" : 0.000000,
          "stddev" : 0.000000,
          "N" : 0
        },
        "bw_min" : 0,
        "bw_max" : 0,
        "bw_agg" : 0.000000,
        "bw_mean" : 0.000000,
        "bw_dev" : 0.000000,
        "bw_samples" : 0,
        "iops_min" : 0,
        "iops_max" : 0,
        "iops_mean" : 0.000000,
        "iops_stddev" : 0.000000,
        "iops_samples" : 0
      },
      "sync" : {
        "total_ios" : 0,
        "lat_ns" : {
          "min" : 0,
          "max" : 0,
          "mean" : 0.000000,
          "stddev" : 0.000000,
          "N" : 0
        }
      },
      "job_runtime" : 11886,
      "usr_cpu" : 9.111560,
      "sys_cpu" : 23.043917,
      "ctx" : 397341,
      "majf" : 0,
      "minf" : 41,
      "iodepth_level" : {
        "1" : 0.100000,
        "2" : 0.100000,
        "4" : 99.999465,
        "8" : 0.000000,
        "16" : 0.000000,
        "32" : 0.000000,
        ">=64" : 0.000000
      },
      "iodepth_submit" : {
        "0" : 0.000000,
        "4" : 100.000000,
        "8" : 0.000000,
        "16" : 0.000000,
        "32" : 0.000000,
        "64" : 0.000000,
        ">=64" : 0.000000
      },
      "iodepth_complete" : {
        "0" : 0.000000,
        "4" : 100.000000,
        "8" : 0.000000,
        "16" : 0.000000,
        "32" : 0.000000,
        "64" : 0.000000,
        ">=64" : 0.000000
      },
      "latency_ns" : {
        "2" : 0.000000,
        "4" : 0.000000,
        "10" : 0.000000,
        "20" : 0.000000,
        "50" : 0.000000,
        "100" : 0.000000,
        "250" : 0.000000,
        "500" : 0.010000,
        "750" : 0.000000,
        "1000" : 0.010000
      },
      "latency_us" : {
        "2" : 0.010000,
        "4" : 0.010000,
        "10" : 28.782677,
        "20" : 6.103369,
        "50" : 0.244377,
        "100" : 35.300650,
        "250" : 28.721538,
        "500" : 0.197142,
        "750" : 0.096610,
        "1000" : 0.095719
      },
      "latency_ms" : {
        "2" : 0.435815,
        "4" : 0.015151,
        "10" : 0.000000,
        "20" : 0.000000,
        "50" : 0.000000,
        "100" : 0.000000,
        "250" : 0.000000,
        "500" : 0.000000,
        "750" : 0.000000,
        "1000" : 0.000000,
        "2000" : 0.000000,
        ">=2000" : 0.000000
      },
      "latency_depth" : 4,
      "latency_target" : 0,
      "latency_percentile" : 100.000000,
      "latency_window" : 0,
      "steadystate" : {
        "ss" : "iops:10.000000%",
        "duration" : 10,
        "attained" : 1,
        "criterion" : "2.725410%",
        "max_deviation" : 1291.700000,
        "slope" : 0.000000,
        "data" : {
          "bw_mean" : 194130107,
          "iops_mean" : 47394,