{
  "fio version" : "fio-3.33",
  "timestamp" : 1687937042,
  "timestamp_ms" : 1687937042278,
  "time" : "Wed Jun 28 07:24:02 2023",
  "jobs" : [
    {
      "jobname" : "FIOJOB",
      "groupid" : 0,
      "error" : 0,
      "eta" : 0,
      "elapsed" : 13,
      "job options" : {
        "ioengine" : "io_uring",
        "rw" : "randrw",
        "bs" : "4k",
        "iodepth" : "2",
        "numjobs" : "2",
        "rwmixread" : "65",
        "runtime" : "60",
        "loops" : "1",
        "direct" : "1",
        "steadystate" : "iops:10%%",
        "steadystate_duration" : "10",
        "steadystate_ramp_time" : "1",
        "log_avg_msec" : "1000",
        "invalidate" : "1",
        "write_bw_log" : "/home/user/benchmarks/4096s/1x/nvme2n1/randrw65/4k/randrw-iodepth-2-numjobs-2",
        "write_lat_log" : "/home/user/benchmarks/4096s/1x/nvme2n1/randrw65/4k/randrw-iodepth-2-numjobs-2",
        "write_iops_log" : "/home/user/benchmarks/4096s/1x/nvme2n1/randrw65/4k/randrw-iodepth-2-numjobs-2",
        "filename" : "/dev/nvme2n1"
      },
      "read" : {
        "io_bytes" : 837693440,
        "io_kbytes" : 818060,
        "bw_bytes" : 70459537,
        "bw" : 68808,
        "iops" : 17202.035495,
        "runtime" : 11889,
        "total_ios" : 204515,
        "short_ios" : 0,
        "drop_ios" : 0,
        "slat_ns" : {
          "min" : 1010,
          "max" : 24840,
          "mean" : 2627.096663,
          "stddev" : 483.976265,
          "N" : 204515
        },
        "clat_ns" : {
          "min" : 44010,
          "max" : 3678640,
          "mean" : 104799.637562,
          "stddev" : 147079.737394,
          "N" : 204515,
          "percentile" : {
            "1.000000" : 62720,
            "5.000000" : 64256,
            "10.000000" : 65280,
            "20.000000" : 67072,
            "30.000000" : 68096,
            "40.000000" : 76288,
            "50.000000" : 79360,
            "60.000000" : 84480,
            "70.000000" : 97792,
            "80.000000" : 108032,
            "90.000000" : 123392,
            "95.000000" : 150528,
            "99.000000" : 987136,
            "99.500000" : 1482752,
            "99.900000" : 1744896,
            "99.950000" : 1794048,
            "99.990000" : 1957888
          }
        },
        "lat_ns" : {
          "min" : 46530,
          "max" : 3681270,
          "mean" : 107426.734225,
          "stddev" : 147074.239411,
          "N" : 204515
        },
        "bw_min" : 64588,
        "bw_max" : 71367,
        "bw_agg" : 50.725838,
        "bw_mean" : 68533.545455,
        "bw_dev" : 2177.149805,
        "bw_samples" : 11,
        "iops_min" : 16147,
        "iops_max" : 17841,
        "iops_mean" : 17133.000000,
        "iops_stddev" : 544.180485,
        "iops_samples" : 11
      },
      "write" : {
        "io_bytes" : 452272128,
        "io_kbytes" : 441672,
        "bw_bytes" : 38041225,
        "bw" : 37149,
        "iops" : 9287.408529,
        "runtime" : 11889,
        "total_ios" : 110418,
        "short_ios" : 0,
        "drop_ios" : 0,
        "slat_ns" : {
          "min" : 1170,
          "max" : 24549,
          "mean" : 3005.401103,
          "stddev" : 540.595035,
          "N" : 110418
        },
        "clat_ns" : {
          "min" : 360,
          "max" : 48091,
          "mean" : 10477.456719,
          "stddev" : 2040.698074,
          "N" : 110418,
          "percentile" : {
            "1.000000" : 5984,
            "5.000000" : 6496,
            "10.000000" : 8768,
            "20.000000" : 9664,
            "30.000000" : 9792,
            "40.000000" : 9920,
            "50.000000" : 10048,
            "60.000000" : 10816,
            "70.000000" : 11200,
            "80.000000" : 11328,
            "90.000000" : 11968,
            "95.000000" : 14528,
            "99.000000" : 16768,
            "99.500000" : 17792,
            "99.900000" : 23168,
            "99.950000" : 27520,
            "99.990000" : 37120
          }
        },
        "lat_ns" : {
          "min" : 7730,
          "max" : 52270,
          "mean" : 13482.857822,
          "stddev" : 1982.656530,
          "N" : 110418
        },
        "bw_min" : 35087,
        "bw_max" : 38878,
        "bw_agg" : 50.651770,
        "bw_mean" : 36972.090909,
        "bw_dev" : 1253.171852,
        "bw_samples" : 11,
        "iops_min" : 8771,
        "iops_max" : 9719,
        "iops_mean" : 9242.727273,
        "iops_stddev" : 313.302439,
        "iops_samples" : 11
      },
      "trim" : {
        "io_bytes" : 0,
        "io_kbytes" : 0,
        "bw_bytes" : 0,
        "bw" : 0,
        "iops" : 0.000000,
        "runtime" : 0,
        "total_ios" : 0,
        "short_ios" : 0,
        "drop_ios" : 0,
        "slat_ns" : {
          "min" : 0,
          "max" : 0,
          "mean" : 0.000000,
          "stddev" : 0.000000,
          "N" : 0
        },
        "clat_ns" : {
          "min" : 0,
          "max" : 0,
          "mean" : 0.000000,
          "stddev" : 0.000000,
          "N" : 0
        },
        "lat_ns" : {
          "min" : 0,
          "max" : 0,
          "mean" : 0.000000,
          "stddev" : 0.000000,
          "N" : 0
        },
        "bw_min" : 0,
        "bw_max" : 0,
        "bw_agg" : 0.000000,
        "bw_mean" : 0.000000,
        "bw_dev" : 0.000000,
        "bw_samples" : 0,
        "iops_min" : 0,
        "iops_max" : 0,
        "iops_mean" : 0.000000,
        "iops_stddev" : 0.000000,
        "iops_samples" : 0
      },
      "sync" : {
        "total_ios" : 0,
        "lat_ns" : {
          "min" : 0,
          "max" : 0,
          "mean" : 0.000000,
          "stddev" : 0.000000,
          "N" : 0
        }
      },
      "job_runtime" : 11888,
      "usr_cpu" : 5.316285,
      "sys_cpu" : 14.804845,
      "ctx" : 271460,
      "majf" : 0,
      "minf" : 40,
      "iodepth_level" : {
        "1" : 0.100000,
        "2" : 99.999682,
        "4" : 0.000000,
        "8" : 0.000000,
        "16" : 0.000000,
        "32" : 0.000000,
        ">=64" : 0.000000
      },
      "iodepth_submit" : {
        "0" : 0.000000,
        "4" : 100.000000,
        "8" : 0.000000,
        "16" : 0.000000,
        "32" : 0.000000,
        "64" : 0.000000,
        ">=64" : 0.000000
      },
      "iodepth_complete" : {
        "0" : 0.000000,
        "4" : 100.000000,
        "8" : 0.000000,
        "16" : 0.000000,
        "32" : 0.000000,
        "64" : 0.000000,
        ">=64" : 0.000000
      },
      "latency_ns" : {
        "2" : 0.000000,
        "4" : 0.000000,
        "10" : 0.000000,
        "20" : 0.000000,
        "50" : 0.000000,
        "100" : 0.000000,
        "250" : 0.000000,
        "500" : 0.010000,
        "750" : 0.010000,
        "1000" : 0.000000
      },
      "latency_us" : {
        "2" : 0.010000,
        "4" : 0.000000,
        "10" : 15.990385,
        "20" : 18.973559,
        "50" : 0.098116,
        "100" : 47.197658,
        "250" : 16.664814,
        "500" : 0.157494,
        "750" : 0.138442,
        "1000" : 0.131774
      },
      "latency_ms" : {
        "2" : 0.639184,
        "4" : 0.010000,
        "10" : 0.000000,
        "20" : 0.000000,
        "50" : 0.000000,
        "100" : 0.000000,
        "250" : 0.000000,
        "500" : 0.000000,
        "750" : 0.000000,
        "1000" : 0.000000,
        "2000" : 0.000000,
        ">=2000" : 0.000000
      },
      "latency_depth" : 2,
      "latency_target" : 0,
      "latency_percentile" : 100.000000,
      "latency_window" : 0,
      "steadystate" : {
        "ss" : "iops:10.000000%",
        "duration" : 10,
        "attained" : 1,
        "criterion" : "5.298498%",
        "max_deviation" : 1412.500000,
        "slope" : 0.000000,
        "data" : {
          "bw_mean" : 109194600,
          "iops_mean" : 26658,