{
  "fio version" : "fio-3.33",
  "timestamp" : 1687940024,
  "timestamp_ms" : 1687940024755,
  "time" : "Wed Jun 28 08:13:44 2023",
  "jobs" : [
    {
      "jobname" : "FIOJOB",
      "groupid" : 0,
      "error" : 0,
      "eta" : 0,
      "elapsed" : 13,
      "job options" : {
        "ioengine" : "io_uring",
        "rw" : "randrw",
        "bs" : "4k",
        "iodepth" : "16",
        "numjobs" : "2",
        "rwmixread" : "65",
        "runtime" : "60",
        "loops" : "1",
        "direct" : "1",
        "steadystate" : "iops:10%%",
        "steadystate_duration" : "10",
        "steadystate_ramp_time" : "1",
        "log_avg_msec" : "1000",
        "invalidate" : "1",
        "write_bw_log" : "/home/user/benchmarks/4096s/1x/nvme2n1/randrw65/4k/randrw-iodepth-16-numjobs-2",
        "write_lat_log" : "/home/user/benchmarks/4096s/1x/nvme2n1/randrw65/4k/randrw-iodepth-16-numjobs-2",
        "write_iops_log" : "/home/user/benchmarks/4096s/1x/nvme2n1/randrw65/4k/randrw-iodepth-16-numjobs-2",
        "filename" : "/dev/nvme2n1"
      },
      "read" : {
        "io_bytes" : 2535153664,
        "io_kbytes" : 2475736,
        "bw_bytes" : 213289051,
        "bw" : 208290,
        "iops" : 52072.522295,
        "runtime" : 11886,
        "total_ios" : 618934,
        "short_ios" : 0,
        "drop_ios" : 0,
        "slat_ns" : {
          "min" : 920,
          "max" : 49150,
          "mean" : 2934.255001,
          "stddev" : 1111.407914,
          "N" : 618934
        },
        "clat_ns" : {
          "min" : 43460,
          "max" : 7234749,
          "mean" : 292954.773578,
          "stddev" : 352102.761416,
          "N" : 618934,
          "percentile" : {
            "1.000000" : 69120,
            "5.000000" : 81408,
            "10.000000" : 88576,
            "20.000000" : 104960,
            "30.000000" : 123392,
            "40.000000" : 146432,
            "50.000000" : 177152,
            "60.000000" : 211968,
            "70.000000" : 250880,
            "80.000000" : 313344,
            "90.000000" : 651264,
            "95.000000" : 1138688,
            "99.000000" : 1761280,
            "99.500000" : 1908736,
            "99.900000" : 2441216,
            "99.950000" : 2867200,
            "99.990000" : 3719168
          }
        },
        "lat_ns" : {
          "min" : 46700,
          "max" : 7237009,
          "mean" : 295889.028580,
          "stddev" : 352051.943514,
          "N" : 618934
        },
        "bw_min" : 202406,
        "bw_max" : 222726,
        "bw_agg" : 52.863013,
        "bw_mean" : 210114.454545,
        "bw_dev" : 5448.254645,
        "bw_samples" : 11,
        "iops_min" : 50601,
        "iops_max" : 55685,
        "iops_mean" : 52528.636364,
        "iops_stddev" : 1363.067443,
        "iops_samples" : 11
      },
      "write" : {
        "io_bytes" : 1366917120,
        "io_kbytes" : 1334880,
        "bw_bytes" : 115002281,
        "bw" : 112306,
        "iops" : 28076.728925,
        "runtime" : 11886,
        "total_ios" : 333720,
        "short_ios" : 0,
        "drop_ios" : 0,
        "slat_ns" : {
          "min" : 1040,
          "max" : 62340,
          "mean" : 3372.799458,
          "stddev" : 1201.183458,
          "N" : 333720
        },
        "clat_ns" : {
          "min" : 250,
          "max" : 442390,
          "mean" : 14588.315076,
          "stddev" : 7411.691083,
          "N" : 333720,
          "percentile" : {
            "1.000000" : 6176,
            "5.000000" : 6816,
            "10.000000" : 7904,
            "20.000000" : 9536,
            "30.000000" : 9920,
            "40.000000" : 10304,
            "50.000000" : 11712,
            "60.000000" : 13632,
            "70.000000" : 16064,
            "80.000000" : 19328,
            "90.000000" : 26496,
            "95.000000" : 31104,
            "99.000000" : 36608,
            "99.500000" : 39168,
            "99.900000" : 45824,
            "99.950000" : 49408,
            "99.990000" : 59136
          }
        },
        "lat_ns" : {
          "min" : 6360,
          "max" : 447960,
          "mean" : 17961.114533,
          "stddev" : 7594.755387,
          "N" : 333720
        },
        "bw_min" : 109741,
        "bw_max" : 119463,
        "bw_agg" : 52.869613,
        "bw_mean" : 113425.636364,
        "bw_dev" : 2647.461889,
        "bw_samples" : 11,
        "iops_min" : 27435,
        "iops_max" : 29866,
        "iops_mean" : 28356.000000,
        "iops_stddev" : 662.022658,
        "iops_samples" : 11
      },
      "trim" : {
        "io_bytes" : 0,
        "io_kbytes" : 0,
        "bw_bytes" : 0,
        "bw" : 0,
        "iops" : 0.000000,
        "runtime" : 0,
        "total_ios" : 0,
        "short_ios" : 0,
        "drop_ios" : 0,
        "slat_ns" : {
          "min" : 0,
          "max" : 0,
          "mean" : 0.000000,
          "stddev" : 0.000000,
          "N" : 0
        },
        "clat_ns" : {
          "min" : 0,
          "max" : 0,
          "mean" : 0.000000,
          "stddev" : 0.000000,
          "N" : 0
        },
        "lat_ns" : {
          "min" : 0,
          "max" : 0,
          "mean" : 0.000000,
          "stddev" : 0.000000,
          "N" : 0
        },
        "bw_min" : 0,
        "bw_max" : 0,
        "bw_agg" : 0.000000,
        "bw_mean" : 0.000000,
        "bw_dev" : 0.000000,
        "bw_samples" : 0,
        "iops_min" : 0,
        "iops_max" : 0,
        "iops_mean" : 0.000000,
        "iops_stddev" : 0.000000,
        "iops_samples" : 0
      },
      "sync" : {
        "total_ios" : 0,
        "lat_ns" : {
          "min" : 0,
          "max" : 0,
          "mean" : 0.000000,
          "stddev" : 0.000000,
          "N" : 0
        }
      },
      "job_runtime" : 11885,
      "usr_cpu" : 16.171645,
      "sys_cpu" : 33.891460,
      "ctx" : 352435,
      "majf" : 0,
      "minf" : 44,
      "iodepth_level" : {
        "1" : 0.100000,
        "2" : 0.100000,
        "4" : 0.100000,
        "8" : 0.100000,
        "16" : 99.998425,
        "32" : 0.000000,
        ">=64" : 0.000000
      },
      "iodepth_submit" : {
        "0" : 0.000000,
        "4" : 100.000000,
        "8" : 0.000000,
        "16" : 0.000000,
        "32" : 0.000000,
        "64" : 0.000000,
        ">=64" : 0.000000
      },
      "iodepth_complete" : {
        "0" : 0.000000,
        "4" : 99.999895,
        "8" : 0.000000,
        "16" : 0.100000,
        "32" : 0.000000,
        "64" : 0.000000,
        ">=64" : 0.000000
      },
      "latency_ns" : {
        "2" : 0.000000,
        "4" : 0.000000,
        "10" : 0.000000,
        "20" : 0.000000,
        "50" : 0.000000,
        "100" : 0.000000,
        "250" : 0.000000,
        "500" : 0.010000,
        "750" : 0.010000,
        "1000" : 0.010000
      },
      "latency_us" : {
        "2" : 0.010000,
        "4" : 0.010000,
        "10" : 11.055325,
        "20" : 17.485047,
        "50" : 6.476328,
        "100" : 11.221703,
        "250" : 34.008570,
        "500" : 11.846274,
        "750" : 2.128055,
        "1000" : 1.698098
      },
      "latency_ms" : {
        "2" : 3.864047,
        "4" : 0.208050,
        "10" : 0.010000,
        "20" : 0.000000,
        "50" : 0.000000,
        "100" : 0.000000,
        "250" : 0.000000,
        "500" : 0.000000,
        "750" : 0.000000,
        "1000" : 0.000000,
        "2000" : 0.000000,
        ">=2000" : 0.000000
      },
      "latency_depth" : 16,
      "latency_target" : 0,
      "latency_percentile" : 100.000000,
      "latency_window" : 0,
      "steadystate" : {
        "ss" : "iops:10.000000%",
        "duration" : 10,
        "attained" : 1,
        "criterion" : "7.375861%",
        "max_deviation" : 5866.900000,
        "slope" : 0.000000,
        "data" : {
          "bw_mean" : 325805706,
          "iops_mean" : 79541,