{
  "fio version" : "fio-3.33",
  "timestamp" : 1687942318,
  "timestamp_ms" : 1687942318489,
  "time" : "Wed Jun 28 08:51:58 2023",
  "jobs" : [
    {
      "jobname" : "FIOJOB",
      "groupid" : 0,
      "error" : 0,
      "eta" : 0,
      "elapsed" : 13,
      "job options" : {
        "ioengine" : "io_uring",
        "rw" : "randrw",
        "bs" : "4k",
        "iodepth" : "64",
        "numjobs" : "1",
        "rwmixread" : "65",
        "runtime" : "60",
        "loops" : "1",
        "direct" : "1",
        "steadystate" : "iops:10%%",
        "steadystate_duration" : "10",
        "steadystate_ramp_time" : "1",
        "log_avg_msec" : "1000",
        "invalidate" : "1",
        "write_bw_log" : "/home/user/benchmarks/4096s/1x/nvme2n1/randrw65/4k/randrw-iodepth-64-numjobs-1",
        "write_lat_log" : "/home/user/benchmarks/4096s/1x/nvme2n1/randrw65/4k/randrw-iodepth-64-numjobs-1",
        "write_iops_log" : "/home/user/benchmarks/4096s/1x/nvme2n1/randrw65/4k/randrw-iodepth-64-numjobs-1",
        "filename" : "/dev/nvme2n1"
      },
      "read" : {
        "io_bytes" : 7187816448,
        "io_kbytes" : 7019352,
        "bw_bytes" : 604526194,
        "bw" : 590357,
        "iops" : 147589.402860,
        "runtime" : 11890,
        "total_ios" : 1754838,
        "short_ios" : 0,
        "drop_ios" : 0,
        "slat_ns" : {
          "min" : 910,
          "max" : 29420,
          "mean" : 1357.037301,
          "stddev" : 691.754532,
          "N" : 1754838
        },
        "clat_ns" : {
          "min" : 43840,
          "max" : 13478449,
          "mean" : 424762.084843,
          "stddev" : 398699.741490,
          "N" : 1754838,
          "percentile" : {
            "1.000000" : 79360,
            "5.000000" : 104960,
            "10.000000" : 130560,
            "20.000000" : 177152,
            "30.000000" : 226304,
            "40.000000" : 268288,
            "50.000000" : 309248,
            "60.000000" : 354304,
            "70.000000" : 415744,
            "80.000000" : 518144,
            "90.000000" : 880640,
            "95.000000" : 1335296,
            "99.000000" : 1957888,
            "99.500000" : 2179072,
            "99.900000" : 2965504,
            "99.950000" : 3358720,
            "99.990000" : 4685824
          }
        },
        "lat_ns" : {
          "min" : 44900,
          "max" : 13479429,
          "mean" : 426119.122143,
          "stddev" : 398677.668494,
          "N" : 1754838
        },
        "bw_min" : 563964,
        "bw_max" : 606634,
        "bw_agg" : 99.978892,
        "bw_mean" : 590233.363636,
        "bw_dev" : 13903.527511,
        "bw_samples" : 11,
        "iops_min" : 140990,
        "iops_max" : 151657,
        "iops_mean" : 147558.545455,
        "iops_stddev" : 3475.794394,
        "iops_samples" : 11
      },
      "write" : {
        "io_bytes" : 3870539776,
        "io_kbytes" : 3779824,
        "bw_bytes" : 325528997,
        "bw" : 317899,
        "iops" : 79474.852817,
        "runtime" : 11890,
        "total_ios" : 944956,
        "short_ios" : 0,
        "drop_ios" : 0,
        "slat_ns" : {
          "min" : 1000,
          "max" : 26830,
          "mean" : 1638.614952,
          "stddev" : 773.050876,
          "N" : 944956
        },
        "clat_ns" : {
          "min" : 130,
          "max" : 211200,
          "mean" : 10797.190808,
          "stddev" : 6061.932005,
          "N" : 944956,
          "percentile" : {
            "1.000000" : 5152,
            "5.000000" : 5472,
            "10.000000" : 5856,
            "20.000000" : 6560,
            "30.000000" : 6816,
            "40.000000" : 7392,
            "50.000000" : 8512,
            "60.000000" : 9664,
            "70.000000" : 11328,
            "80.000000" : 14400,
            "90.000000" : 20608,
            "95.000000" : 24960,
            "99.000000" : 29056,
            "99.500000" : 30592,
            "99.900000" : 36096,
            "99.950000" : 39168,
            "99.990000" : 48896
          }
        },
        "lat_ns" : {
          "min" : 6070,
          "max" : 212230,
          "mean" : 12435.805760,
          "stddev" : 6131.342882,
          "N" : 944956
        },
        "bw_min" : 303344,
        "bw_max" : 326612,
        "bw_agg" : 100.000000,
        "bw_mean" : 317968.363636,
        "bw_dev" : 7286.719609,
        "bw_samples" : 11,
        "iops_min" : 75836,
        "iops_max" : 81653,
        "iops_mean" : 79491.818182,
        "iops_stddev" : 1821.690853,
        "iops_samples" : 11
      },
      "trim" : {
        "io_bytes" : 0,
        "io_kbytes" : 0,
        "bw_bytes" : 0,
        "bw" : 0,
        "iops" : 0.000000,
        "runtime" : 0,
        "total_ios" : 0,
        "short_ios" : 0,
        "drop_ios" : 0,
        "slat_ns" : {
          "min" : 0,
          "max" : 0,
          "mean" : 0.000000,
          "stddev" : 0.000000,
          "N" : 0
        },
        "clat_ns" : {
          "min" : 0,
          "max" : 0,
          "mean" : 0.000000,
          "stddev" : 0.000000,
          "N" : 0
        },
        "lat_ns" : {
          "min" : 0,
          "max" : 0,
          "mean" : 0.000000,
          "stddev" : 0.000000,
          "N" : 0
        },
        "bw_min" : 0,
        "bw_max" : 0,
        "bw_agg" : 0.000000,
        "bw_mean" : 0.000000,
        "bw_dev" : 0.000000,
        "bw_samples" : 0,
        "iops_min" : 0,
        "iops_max" : 0,
        "iops_mean" : 0.000000,
        "iops_stddev" : 0.000000,
        "iops_samples" : 0
      },
      "sync" : {
        "total_ios" : 0,
        "lat_ns" : {
          "min" : 0,
          "max" : 0,
          "mean" : 0.000000,
          "stddev" : 0.000000,
          "N" : 0
        }
      },
      "job_runtime" : 11889,
      "usr_cpu" : 20.985785,
      "sys_cpu" : 38.026747,
      "ctx" : 693464,
      "majf" : 0,
      "minf" : 40,
      "iodepth_level" : {
        "1" : 0.100000,
        "2" : 0.100000,
        "4" : 0.100000,
        "8" : 0.100000,
        "16" : 0.100000,
        "32" : 0.100000,
        ">=64" : 99.997666
      },
      "iodepth_submit" : {
        "0" : 0.000000,
        "4" : 100.000000,
        "8" : 0.000000,
        "16" : 0.000000,
        "32" : 0.000000,
        "64" : 0.000000,
        ">=64" : 0.000000
      },
      "iodepth_complete" : {
        "0" : 0.000000,
        "4" : 99.999963,
        "8" : 0.000000,
        "16" : 0.000000,
        "32" : 0.000000,
        "64" : 0.100000,
        ">=64" : 0.000000
      },
      "latency_ns" : {
        "2" : 0.000000,
        "4" : 0.000000,
        "10" : 0.000000,
        "20" : 0.000000,
        "50" : 0.000000,
        "100" : 0.000000,
        "250" : 0.010000,
        "500" : 0.010000,
        "750" : 0.000000,
        "1000" : 0.000000
      },
      "latency_us" : {
        "2" : 0.010000,
        "4" : 0.010000,
        "10" : 21.875225,
        "20" : 9.326045,
        "50" : 3.786511,
        "100" : 2.666315,
        "250" : 20.348997,
        "500" : 28.193744,
        "750" : 6.020052,
        "1000" : 2.252764
      },
      "latency_ms" : {
        "2" : 4.943155,
        "4" : 0.563895,
        "10" : 0.012038,
        "20" : 0.010000,
        "50" : 0.000000,
        "100" : 0.000000,
        "250" : 0.000000,
        "500" : 0.000000,
        "750" : 0.000000,
        "1000" : 0.000000,
        "2000" : 0.000000,
        ">=2000" : 0.000000
      },
      "latency_depth" : 64,
      "latency_target" : 0,
      "latency_percentile" : 100.000000,
      "latency_window" : 0,
      "steadystate" : {
        "ss" : "iops:10.000000%",
        "duration" : 10,
        "attained" : 1,
        "criterion" : "6.188009%",
        "max_deviation" : 14118.400000,
        "slope" : 0.000000,
        "data" : {
          "bw_mean" : 934534179,
          "iops_mean" : 228157,