{
  "fio version" : "fio-3.33",
  "timestamp" : 1687936053,
  "timestamp_ms" : 1687936053745,
  "time" : "Wed Jun 28 07:07:33 2023",
  "jobs" : [
    {
      "jobname" : "FIOJOB",
      "groupid" : 0,
      "error" : 0,
      "eta" : 0,
      "elapsed" : 13,
      "job options" : {
        "ioengine" : "io_uring",
        "rw" : "randrw",
        "bs" : "4k",
        "iodepth" : "1",
        "numjobs" : "1",
        "rwmixread" : "65",
        "runtime" : "60",
        "loops" : "1",
        "direct" : "1",
        "steadystate" : "iops:10%%",
        "steadystate_duration" : "10",
        "steadystate_ramp_time" : "1",
        "log_avg_msec" : "1000",
        "invalidate" : "1",
        "write_bw_log" : "/home/user/benchmarks/4096s/1x/nvme2n1/randrw65/4k/randrw-iodepth-1-numjobs-1",
        "write_lat_log" : "/home/user/benchmarks/4096s/1x/nvme2n1/randrw65/4k/randrw-iodepth-1-numjobs-1",
        "write_iops_log" : "/home/user/benchmarks/4096s/1x/nvme2n1/randrw65/4k/randrw-iodepth-1-numjobs-1",
        "filename" : "/dev/nvme2n1"
      },
      "read" : {
        "io_bytes" : 593813504,
        "io_kbytes" : 579896,
        "bw_bytes" : 49954866,
        "bw" : 48784,
        "iops" : 12196.012451,
        "runtime" : 11887,
        "total_ios" : 144974,
        "short_ios" : 0,
        "drop_ios" : 0,
        "slat_ns" : {
          "min" : 1100,
          "max" : 26610,
          "mean" : 2536.203105,
          "stddev" : 229.469724,
          "N" : 144974
        },
        "clat_ns" : {
          "min" : 45100,
          "max" : 5398409,
          "mean" : 71232.706202,
          "stddev" : 57830.624082,
          "N" : 144974,
          "percentile" : {
            "1.000000" : 56064,
            "5.000000" : 62720,
            "10.000000" : 63232,
            "20.000000" : 63744,
            "30.000000" : 63744,
            "40.000000" : 64256,
            "50.000000" : 64768,
            "60.000000" : 65280,
            "70.000000" : 75264,
            "80.000000" : 76288,
            "90.000000" : 76288,
            "95.000000" : 77312,
            "99.000000" : 97792,
            "99.500000" : 110080,
            "99.900000" : 1318912,
            "99.950000" : 1564672,
            "99.990000" : 1761280
          }
        },
        "lat_ns" : {
          "min" : 47530,
          "max" : 5401039,
          "mean" : 73768.909308,
          "stddev" : 57834.487199,
          "N" : 144974
        },
        "bw_min" : 45908,
        "bw_max" : 49977,
        "bw_agg" : 99.934305,
        "bw_mean" : 48752.181818,
        "bw_dev" : 1257.404932,
        "bw_samples" : 11,
        "iops_min" : 11477,
        "iops_max" : 12494,
        "iops_mean" : 12187.818182,
        "iops_stddev" : 314.351974,
        "iops_samples" : 11
      },
      "write" : {
        "io_bytes" : 319598592,
        "io_kbytes" : 312108,
        "bw_bytes" : 26886396,
        "bw" : 26256,
        "iops" : 6564.061580,
        "runtime" : 11887,
        "total_ios" : 78027,
        "short_ios" : 0,
        "drop_ios" : 0,
        "slat_ns" : {
          "min" : 1260,
          "max" : 23360,
          "mean" : 2926.163546,
          "stddev" : 269.369634,
          "N" : 78027
        },
        "clat_ns" : {
          "min" : 390,
          "max" : 28290,
          "mean" : 9394.489754,
          "stddev" : 1080.443432,
          "N" : 78027,
          "percentile" : {
            "1.000000" : 8512,
            "5.000000" : 8640,
            "10.000000" : 8768,
            "20.000000" : 8768,
            "30.000000" : 8896,
            "40.000000" : 8896,
            "50.000000" : 9024,
            "60.000000" : 9024,
            "70.000000" : 9280,
            "80.000000" : 9664,
            "90.000000" : 10816,
            "95.000000" : 11072,
            "99.000000" : 12608,
            "99.500000" : 13248,
            "99.900000" : 19840,
            "99.950000" : 21376,
            "99.990000" : 22656
          }
        },
        "lat_ns" : {
          "min" : 7780,
          "max" : 33780,
          "mean" : 12320.653299,
          "stddev" : 1131.932404,
          "N" : 78027
        },
        "bw_min" : 24520,
        "bw_max" : 26914,
        "bw_agg" : 99.827675,
        "bw_mean" : 26211.090909,
        "bw_dev" : 741.684091,
        "bw_samples" : 11,
        "iops_min" : 6130,
        "iops_max" : 6728,
        "iops_mean" : 6552.454545,
        "iops_stddev" : 185.271349,
        "iops_samples" : 11
      },
      "trim" : {
        "io_bytes" : 0,
        "io_kbytes" : 0,
        "bw_bytes" : 0,
        "bw" : 0,
        "iops" : 0.000000,
        "runtime" : 0,
        "total_ios" : 0,
        "short_ios" : 0,
        "drop_ios" : 0,
        "slat_ns" : {
          "min" : 0,
          "max" : 0,
          "mean" : 0.000000,
          "stddev" : 0.000000,
          "N" : 0
        },
        "clat_ns" : {
          "min" : 0,
          "max" : 0,
          "mean" : 0.000000,
          "stddev" : 0.000000,
          "N" : 0
        },
        "lat_ns" : {
          "min" : 0,
          "max" : 0,
          "mean" : 0.000000,
          "stddev" : 0.000000,
          "N" : 0
        },
        "bw_min" : 0,
        "bw_max" : 0,
        "bw_agg" : 0.000000,
        "bw_mean" : 0.000000,
        "bw_dev" : 0.000000,
        "bw_samples" : 0,
        "iops_min" : 0,
        "iops_max" : 0,
        "iops_mean" : 0.000000,
        "iops_stddev" : 0.000000,
        "iops_samples" : 0
      },
      "sync" : {
        "total_ios" : 0,
        "lat_ns" : {
          "min" : 0,
          "max" : 0,
          "mean" : 0.000000,
          "stddev" : 0.000000,
          "N" : 0
        }
      },
      "job_runtime" : 11886,
      "usr_cpu" : 3.760727,
      "sys_cpu" : 10.869931,
      "ctx" : 222987,
      "majf" : 0,
      "minf" : 40,
      "iodepth_level" : {
        "1" : 100.000000,
        "2" : 0.000000,
        "4" : 0.000000,
        "8" : 0.000000,
        "16" : 0.000000,
        "32" : 0.000000,
        ">=64" : 0.000000
      },
      "iodepth_submit" : {
        "0" : 0.000000,
        "4" : 100.000000,
        "8" : 0.000000,
        "16" : 0.000000,
        "32" : 0.000000,
        "64" : 0.000000,
        ">=64" : 0.000000
      },
      "iodepth_complete" : {
        "0" : 0.000000,
        "4" : 100.000000,
        "8" : 0.000000,
        "16" : 0.000000,
        "32" : 0.000000,
        "64" : 0.000000,
        ">=64" : 0.000000
      },
      "latency_ns" : {
        "2" : 0.000000,
        "4" : 0.000000,
        "10" : 0.000000,
        "20" : 0.000000,
        "50" : 0.000000,
        "100" : 0.000000,
        "250" : 0.000000,
        "500" : 0.010000,
        "750" : 0.010000,
        "1000" : 0.010000
      },
      "latency_us" : {
        "2" : 0.010000,
        "4" : 0.000000,
        "10" : 28.133955,
        "20" : 6.821494,
        "50" : 0.036771,
        "100" : 64.446348,
        "250" : 0.384303,
        "500" : 0.037668,
        "750" : 0.023767,
        "1000" : 0.021076
      },
      "latency_ms" : {
        "2" : 0.091479,
        "4" : 0.000000,
        "10" : 0.010000,
        "20" : 0.000000,
        "50" : 0.000000,
        "100" : 0.000000,
        "250" : 0.000000,
        "500" : 0.000000,
        "750" : 0.000000,
        "1000" : 0.000000,
        "2000" : 0.000000,
        ">=2000" : 0.000000
      },
      "latency_depth" : 1,
      "latency_target" : 0,
      "latency_percentile" : 100.000000,
      "latency_window" : 0,
      "steadystate" : {
        "ss" : "iops:10.000000%",
        "duration" : 10,
        "attained" : 1,
        "criterion" : "8.365774%",
        "max_deviation" : 1579.500000,
        "slope" : 0.000000,
        "data" : {
          "bw_mean" : 77335954,
          "iops_mean" : 18880,