{
  "fio version" : "fio-3.33",
  "timestamp" : 1687937938,
  "timestamp_ms" : 1687937938818,
  "time" : "Wed Jun 28 07:38:58 2023",
  "jobs" : [
    {
      "jobname" : "FIOJOB",
      "groupid" : 0,
      "error" : 0,
      "eta" : 0,
      "elapsed" : 23,
      "job options" : {
        "ioengine" : "io_uring",
        "rw" : "randrw",
        "bs" : "4k",
        "iodepth" : "4",
        "numjobs" : "2",
        "rwmixread" : "65",
        "runtime" : "60",
        "loops" : "1",
        "direct" : "1",
        "steadystate" : "iops:10%%",
        "steadystate_duration" : "10",
        "steadystate_ramp_time" : "1",
        "log_avg_msec" : "1000",
        "invalidate" : "1",
        "write_bw_log" : "/home/user/benchmarks/4096s/1x/nvme2n1/randrw65/4k/randrw-iodepth-4-numjobs-2",
        "write_lat_log" : "/home/user/benchmarks/4096s/1x/nvme2n1/randrw65/4k/randrw-iodepth-4-numjobs-2",
        "write_iops_log" : "/home/user/benchmarks/4096s/1x/nvme2n1/randrw65/4k/randrw-iodepth-4-numjobs-2",
        "filename" : "/dev/nvme2n1"
      },
      "read" : {
        "io_bytes" : 1142927360,
        "io_kbytes" : 1116140,
        "bw_bytes" : 96157442,
        "bw" : 93903,
        "iops" : 23475.938078,
        "runtime" : 11886,
        "total_ios" : 279035,
        "short_ios" : 0,
        "drop_ios" : 0,
        "slat_ns" : {
          "min" : 970,
          "max" : 35570,
          "mean" : 2764.894286,
          "stddev" : 692.225120,
          "N" : 279035
        },
        "clat_ns" : {
          "min" : 43060,
          "max" : 5740389,
          "mean" : 158537.499081,
          "stddev" : 243175.556581,
          "N" : 279035,
          "percentile" : {
            "1.000000" : 63232,
            "5.000000" : 65280,
            "10.000000" : 67072,
            "20.000000" : 75264,
            "30.000000" : 81408,
            "40.000000" : 93696,
            "50.000000" : 103936,
            "60.000000" : 116224,
            "70.000000" : 134144,
            "80.000000" : 156672,
            "90.000000" : 199680,
            "95.000000" : 268288,
            "99.000000" : 1613824,
            "99.500000" : 1777664,
            "99.900000" : 1990656,
            "99.950000" : 2088960,
            "99.990000" : 2736128
          }
        },
        "lat_ns" : {
          "min" : 46470,
          "max" : 5743039,
          "mean" : 161302.393366,
          "stddev" : 243163.041129,
          "N" : 279035
        },
        "bw_min" : 87423,
        "bw_max" : 99032,
        "bw_agg" : 62.823082,
        "bw_mean" : 94642.818182,
        "bw_dev" : 3665.635547,
        "bw_samples" : 11,
        "iops_min" : 21855,
        "iops_max" : 24758,
        "iops_mean" : 23660.636364,
        "iops_stddev" : 916.731288,
        "iops_samples" : 11
      },
      "write" : {
        "io_bytes" : 616624128,
        "io_kbytes" : 602172,
        "bw_bytes" : 51878186,
        "bw" : 50662,
        "iops" : 12665.572943,
        "runtime" : 11886,
        "total_ios" : 150543,
        "short_ios" : 0,
        "drop_ios" : 0,
        "slat_ns" : {
          "min" : 1160,
          "max" : 38700,
          "mean" : 3171.496290,
          "stddev" : 760.882669,
          "N" : 150543
        },
        "clat_ns" : {
          "min" : 290,
          "max" : 117720,
          "mean" : 10675.196210,
          "stddev" : 2788.136297,
          "N" : 150543,
          "percentile" : {
            "1.000000" : 6048,
            "5.000000" : 6432,
            "10.000000" : 7200,
            "20.000000" : 9536,
            "30.000000" : 9920,
            "40.000000" : 9920,
            "50.000000" : 10048,
            "60.000000" : 10176,
            "70.000000" : 11328,
            "80.000000" : 11968,
            "90.000000" : 14528,
            "95.000000" : 16192,
            "99.000000" : 19584,
            "99.500000" : 21120,
            "99.900000" : 26752,
            "99.950000" : 29568,
            "99.990000" : 35584
          }
        },
        "lat_ns" : {
          "min" : 6870,
          "max" : 120970,
          "mean" : 13846.692500,
          "stddev" : 2815.176376,
          "N" : 150543
        },
        "bw_min" : 46846,
        "bw_max" : 54164,
        "bw_agg" : 62.712549,
        "bw_mean" : 51037.818182,
        "bw_dev" : 2281.324081,
        "bw_samples" : 11,
        "iops_min" : 11711,
        "iops_max" : 13541,
        "iops_mean" : 12759.181818,
        "iops_stddev" : 570.485375,
        "iops_samples" : 11
      },
      "trim" : {
        "io_bytes" : 0,
        "io_kbytes" : 0,
        "bw_bytes" : 0,
        "bw" : 0,
        "iops" : 0.000000,
        "runtime" : 0,
        "total_ios" : 0,
        "short_ios" : 0,
        "drop_ios" : 0,
        "slat_ns" : {
          "min" : 0,
          "max" : 0,
          "mean" : 0.000000,
          "stddev" : 0.000000,
          "N" : 0
        },
        "clat_ns" : {
          "min" : 0,
          "max" : 0,
          "mean" : 0.000000,
          "stddev" : 0.000000,
          "N" : 0
        },
        "lat_ns" : {
          "min" : 0,
          "max" : 0,
          "mean" : 0.000000,
          "stddev" : 0.000000,
          "N" : 0
        },
        "bw_min" : 0,
        "bw_max" : 0,
        "bw_agg" : 0.000000,
        "bw_mean" : 0.000000,
        "bw_dev" : 0.000000,
        "bw_samples" : 0,
        "iops_min" : 0,
        "iops_max" : 0,
        "iops_mean" : 0.000000,
        "iops_stddev" : 0.000000,
        "iops_samples" : 0
      },
      "sync" : {
        "total_ios" : 0,
        "lat_ns" : {
          "min" : 0,
          "max" : 0,
          "mean" : 0.000000,
          "stddev" : 0.000000,
          "N" : 0
        }
      },
      "job_runtime" : 11885,
      "usr_cpu" : 8.119478,
      "sys_cpu" : 18.325621,
      "ctx" : 310218,
      "majf" : 0,
      "minf" : 41,
      "iodepth_level" : {
        "1" : 0.100000,
        "2" : 0.100000,
        "4" : 99.999302,
        "8" : 0.000000,
        "16" : 0.000000,
        "32" : 0.000000,
        ">=64" : 0.000000
      },
      "iodepth_submit" : {
        "0" : 0.000000,
        "4" : 100.000000,
        "8" : 0.000000,
        "16" : 0.000000,
        "32" : 0.000000,
        "64" : 0.000000,
        ">=64" : 0.000000
      },
      "iodepth_complete" : {
        "0" : 0.000000,
        "4" : 100.000000,
        "8" : 0.000000,
        "16" : 0.000000,
        "32" : 0.000000,
        "64" : 0.000000,
        ">=64" : 0.000000
      },
      "latency_ns" : {
        "2" : 0.000000,
        "4" : 0.000000,
        "10" : 0.000000,
        "20" : 0.000000,
        "50" : 0.000000,
        "100" : 0.000000,
        "250" : 0.000000,
        "500" : 0.010000,
        "750" : 0.010000,
        "1000" : 0.010000
      },
      "latency_us" : {
        "2" : 0.000000,
        "4" : 0.010000,
        "10" : 16.328350,
        "20" : 18.413420,
        "50" : 0.347783,
        "100" : 30.147028,
        "250" : 31.163607,
        "500" : 1.233536,
        "750" : 0.324272,
        "1000" : 0.343826
      },
      "latency_ms" : {
        "2" : 1.632300,
        "4" : 0.061688,
        "10" : 0.010000,
        "20" : 0.000000,
        "50" : 0.000000,
        "100" : 0.000000,
        "250" : 0.000000,
        "500" : 0.000000,
        "750" : 0.000000,
        "1000" : 0.000000,
        "2000" : 0.000000,
        ">=2000" : 0.000000
      },
      "latency_depth" : 4,
      "latency_target" : 0,
      "latency_percentile" : 100.000000,
      "latency_window" : 0,
      "steadystate" : {
        "ss" : "iops:10.000000%",
        "duration" : 10,
        "attained" : 1,
        "criterion" : "6.018277%",
        "max_deviation" : 2165.400000,
        "slope" : 0.000000,
        "data" : {
          "bw_mean" : 147377857,
          "iops_mean" : 35980,