{
  "fio version" : "fio-3.33",
  "timestamp" : 1687941125,
  "timestamp_ms" : 1687941125602,
  "time" : "Wed Jun 28 08:32:05 2023",
  "jobs" : [
    {
      "jobname" : "FIOJOB",
      "groupid" : 0,
      "error" : 0,
      "eta" : 0,
      "elapsed" : 13,
      "job options" : {
        "ioengine" : "io_uring",
        "rw" : "randrw",
        "bs" : "4k",
        "iodepth" : "32",
        "numjobs" : "1",
        "rwmixread" : "65",
        "runtime" : "60",
        "loops" : "1",
        "direct" : "1",
        "steadystate" : "iops:10%%",
        "steadystate_duration" : "10",
        "steadystate_ramp_time" : "1",
        "log_avg_msec" : "1000",
        "invalidate" : "1",
        "write_bw_log" : "/home/user/benchmarks/4096s/1x/nvme2n1/randrw65/4k/randrw-iodepth-32-numjobs-1",
        "write_lat_log" : "/home/user/benchmarks/4096s/1x/nvme2n1/randrw65/4k/randrw-iodepth-32-numjobs-1",
        "write_iops_log" : "/home/user/benchmarks/4096s/1x/nvme2n1/randrw65/4k/randrw-iodepth-32-numjobs-1",
        "filename" : "/dev/nvme2n1"
      },
      "read" : {
        "io_bytes" : 4374622208,
        "io_kbytes" : 4272092,
        "bw_bytes" : 367955438,
        "bw" : 359331,
        "iops" : 89832.870721,
        "runtime" : 11889,
        "total_ios" : 1068023,
        "short_ios" : 0,
        "drop_ios" : 0,
        "slat_ns" : {
          "min" : 930,
          "max" : 58600,
          "mean" : 2839.242526,
          "stddev" : 1239.444797,
          "N" : 1068023
        },
        "clat_ns" : {
          "min" : 55640,
          "max" : 8499430,
          "mean" : 332226.739203,
          "stddev" : 314700.970210,
          "N" : 1068023,
          "percentile" : {
            "1.000000" : 88576,
            "5.000000" : 104960,
            "10.000000" : 118272,
            "20.000000" : 148480,
            "30.000000" : 183296,
            "40.000000" : 220160,
            "50.000000" : 254976,
            "60.000000" : 288768,
            "70.000000" : 329728,
            "80.000000" : 391168,
            "90.000000" : 544768,
            "95.000000" : 978944,
            "99.000000" : 1761280,
            "99.500000" : 1941504,
            "99.900000" : 2539520,
            "99.950000" : 2932736,
            "99.990000" : 3981312
          }
        },
        "lat_ns" : {
          "min" : 58320,
          "max" : 8501970,
          "mean" : 335065.981729,
          "stddev" : 314669.461248,
          "N" : 1068023
        },
        "bw_min" : 345829,
        "bw_max" : 379984,
        "bw_agg" : 100.000000,
        "bw_mean" : 359553.818182,
        "bw_dev" : 11373.711934,
        "bw_samples" : 11,
        "iops_min" : 86457,
        "iops_max" : 95000,
        "iops_mean" : 89888.636364,
        "iops_stddev" : 2844.144028,
        "iops_samples" : 11
      },
      "write" : {
        "io_bytes" : 2356629504,
        "io_kbytes" : 2301396,
        "bw_bytes" : 198219320,
        "bw" : 193573,
        "iops" : 48393.388847,
        "runtime" : 11889,
        "total_ios" : 575349,
        "short_ios" : 0,
        "drop_ios" : 0,
        "slat_ns" : {
          "min" : 1030,
          "max" : 43850,
          "mean" : 3241.646416,
          "stddev" : 1342.731974,
          "N" : 575349
        },
        "clat_ns" : {
          "min" : 5090,
          "max" : 1537000,
          "mean" : 33238.398593,
          "stddev" : 11515.395861,
          "N" : 575349,
          "percentile" : {
            "1.000000" : 7456,
            "5.000000" : 11072,
            "10.000000" : 19072,
            "20.000000" : 25984,
            "30.000000" : 29568,
            "40.000000" : 31616,
            "50.000000" : 33024,
            "60.000000" : 34560,
            "70.000000" : 37120,
            "80.000000" : 40192,
            "90.000000" : 46848,
            "95.000000" : 52480,
            "99.000000" : 66048,
            "99.500000" : 71168,
            "99.900000" : 81408,
            "99.950000" : 85504,
            "99.990000" : 95744
          }
        },
        "lat_ns" : {
          "min" : 6580,
          "max" : 1544300,
          "mean" : 36480.045009,
          "stddev" : 11823.756290,
          "N" : 575349
        },
        "bw_min" : 185608,
        "bw_max" : 203960,
        "bw_agg" : 99.981116,
        "bw_mean" : 193537.181818,
        "bw_dev" : 6073.803319,
        "bw_samples" : 11,
        "iops_min" : 46402,
        "iops_max" : 50991,
        "iops_mean" : 48384.090909,
        "iops_stddev" : 1518.679390,
        "iops_samples" : 11
      },
      "trim" : {
        "io_bytes" : 0,
        "io_kbytes" : 0,
        "bw_bytes" : 0,
        "bw" : 0,
        "iops" : 0.000000,
        "runtime" : 0,
        "total_ios" : 0,
        "short_ios" : 0,
        "drop_ios" : 0,
        "slat_ns" : {
          "min" : 0,
          "max" : 0,
          "mean" : 0.000000,
          "stddev" : 0.000000,
          "N" : 0
        },
        "clat_ns" : {
          "min" : 0,
          "max" : 0,
          "mean" : 0.000000,
          "stddev" : 0.000000,
          "N" : 0
        },
        "lat_ns" : {
          "min" : 0,
          "max" : 0,
          "mean" : 0.000000,
          "stddev" : 0.000000,
          "N" : 0
        },
        "bw_min" : 0,
        "bw_max" : 0,
        "bw_agg" : 0.000000,
        "bw_mean" : 0.000000,
        "bw_dev" : 0.000000,
        "bw_samples" : 0,
        "iops_min" : 0,
        "iops_max" : 0,
        "iops_mean" : 0.000000,
        "iops_stddev" : 0.000000,
        "iops_samples" : 0
      },
      "sync" : {
        "total_ios" : 0,
        "lat_ns" : {
          "min" : 0,
          "max" : 0,
          "mean" : 0.000000,
          "stddev" : 0.000000,
          "N" : 0
        }
      },
      "job_runtime" : 11888,
      "usr_cpu" : 21.248318,
      "sys_cpu" : 48.376514,
      "ctx" : 249198,
      "majf" : 0,
      "minf" : 40,
      "iodepth_level" : {
        "1" : 0.100000,
        "2" : 0.100000,
        "4" : 0.100000,
        "8" : 0.100000,
        "16" : 0.100000,
        "32" : 99.998114,
        ">=64" : 0.000000
      },
      "iodepth_submit" : {
        "0" : 0.000000,
        "4" : 100.000000,
        "8" : 0.000000,
        "16" : 0.000000,
        "32" : 0.000000,
        "64" : 0.000000,
        ">=64" : 0.000000
      },
      "iodepth_complete" : {
        "0" : 0.000000,
        "4" : 99.999939,
        "8" : 0.000000,
        "16" : 0.000000,
        "32" : 0.100000,
        "64" : 0.000000,
        ">=64" : 0.000000
      },
      "latency_ns" : {
        "2" : 0.000000,
        "4" : 0.000000,
        "10" : 0.000000,
        "20" : 0.000000,
        "50" : 0.000000,
        "100" : 0.000000,
        "250" : 0.000000,
        "500" : 0.000000,
        "750" : 0.000000,
        "1000" : 0.000000
      },
      "latency_us" : {
        "2" : 0.000000,
        "4" : 0.000000,
        "10" : 1.404916,
        "20" : 2.407306,
        "50" : 28.828652,
        "100" : 4.424196,
        "250" : 29.362981,
        "500" : 26.070543,
        "750" : 3.107939,
        "1000" : 1.251390
      },
      "latency_ms" : {
        "2" : 2.880845,
        "4" : 0.255085,
        "10" : 0.010000,
        "20" : 0.000000,
        "50" : 0.000000,
        "100" : 0.000000,
        "250" : 0.000000,
        "500" : 0.000000,
        "750" : 0.000000,
        "1000" : 0.000000,
        "2000" : 0.000000,
        ">=2000" : 0.000000
      },
      "latency_depth" : 32,
      "latency_target" : 0,
      "latency_percentile" : 100.000000,
      "latency_window" : 0,
      "steadystate" : {
        "ss" : "iops:10.000000%",
        "duration" : 10,
        "attained" : 1,
        "criterion" : "3.718605%",
        "max_deviation" : 5122.400000,
        "slope" : 0.000000,
        "data" : {
          "bw_mean" : 564227457,
          "iops_mean" : 137750,