{
  "fio version" : "fio-3.33",
  "timestamp" : 1687936959,
  "timestamp_ms" : 1687936959346,
  "time" : "Wed Jun 28 07:22:39 2023",
  "jobs" : [
    {
      "jobname" : "FIOJOB",
      "groupid" : 0,
      "error" : 0,
      "eta" : 0,
      "elapsed" : 13,
      "job options" : {
        "ioengine" : "io_uring",
        "rw" : "randrw",
        "bs" : "4k",
        "iodepth" : "2",
        "numjobs" : "1",
        "rwmixread" : "65",
        "runtime" : "60",
        "loops" : "1",
        "direct" : "1",
        "steadystate" : "iops:10%%",
        "steadystate_duration" : "10",
        "steadystate_ramp_time" : "1",
        "log_avg_msec" : "1000",
        "invalidate" : "1",
        "write_bw_log" : "/home/user/benchmarks/4096s/1x/nvme2n1/randrw65/4k/randrw-iodepth-2-numjobs-1",
        "write_lat_log" : "/home/user/benchmarks/4096s/1x/nvme2n1/randrw65/4k/randrw-iodepth-2-numjobs-1",
        "write_iops_log" : "/home/user/benchmarks/4096s/1x/nvme2n1/randrw65/4k/randrw-iodepth-2-numjobs-1",
        "filename" : "/dev/nvme2n1"
      },
      "read" : {
        "io_bytes" : 1036787712,
        "io_kbytes" : 1012488,
        "bw_bytes" : 87220300,
        "bw" : 85176,
        "iops" : 21294.018676,
        "runtime" : 11887,
        "total_ios" : 253122,
        "short_ios" : 0,
        "drop_ios" : 0,
        "slat_ns" : {
          "min" : 940,
          "max" : 33920,
          "mean" : 2527.817752,
          "stddev" : 876.460651,
          "N" : 253122
        },
        "clat_ns" : {
          "min" : 40940,
          "max" : 5413059,
          "mean" : 83147.332026,
          "stddev" : 87700.111514,
          "N" : 253122,
          "percentile" : {
            "1.000000" : 60160,
            "5.000000" : 61184,
            "10.000000" : 62208,
            "20.000000" : 63232,
            "30.000000" : 64256,
            "40.000000" : 66048,
            "50.000000" : 73216,
            "60.000000" : 75264,
            "70.000000" : 78336,
            "80.000000" : 93696,
            "90.000000" : 108032,
            "95.000000" : 118272,
            "99.000000" : 142336,
            "99.500000" : 313344,
            "99.900000" : 1613824,
            "99.950000" : 1695744,
            "99.990000" : 1859584
          }
        },
        "lat_ns" : {
          "min" : 42580,
          "max" : 5415929,
          "mean" : 85675.149778,
          "stddev" : 87697.172636,
          "N" : 253122
        },
        "bw_min" : 77957,
        "bw_max" : 89753,
        "bw_agg" : 99.970562,
        "bw_mean" : 85151.909091,
        "bw_dev" : 3588.207838,
        "bw_samples" : 11,
        "iops_min" : 19489,
        "iops_max" : 22439,
        "iops_mean" : 21288.181818,
        "iops_stddev" : 897.346958,
        "iops_samples" : 11
      },
      "write" : {
        "io_bytes" : 558764032,
        "io_kbytes" : 545668,
        "bw_bytes" : 47006312,
        "bw" : 45904,
        "iops" : 11476.150416,
        "runtime" : 11887,
        "total_ios" : 136417,
        "short_ios" : 0,
        "drop_ios" : 0,
        "slat_ns" : {
          "min" : 1040,
          "max" : 56170,
          "mean" : 2849.826561,
          "stddev" : 920.699776,
          "N" : 136417
        },
        "clat_ns" : {
          "min" : 310,
          "max" : 59550,
          "mean" : 9609.855113,
          "stddev" : 2600.258689,
          "N" : 136417,
          "percentile" : {
            "1.000000" : 5792,
            "5.000000" : 6560,
            "10.000000" : 6816,
            "20.000000" : 7648,
            "30.000000" : 7840,
            "40.000000" : 8096,
            "50.000000" : 9920,
            "60.000000" : 10048,
            "70.000000" : 10304,
            "80.000000" : 10688,
            "90.000000" : 12352,
            "95.000000" : 16064,
            "99.000000" : 17536,
            "99.500000" : 18560,
            "99.900000" : 24192,
            "99.950000" : 28544,
            "99.990000" : 38144
          }
        },
        "lat_ns" : {
          "min" : 5709,
          "max" : 62460,
          "mean" : 12459.681675,
          "stddev" : 2922.788901,
          "N" : 136417
        },
        "bw_min" : 42218,
        "bw_max" : 48176,
        "bw_agg" : 99.926801,
        "bw_mean" : 45871.909091,
        "bw_dev" : 1970.479305,
        "bw_samples" : 11,
        "iops_min" : 10554,
        "iops_max" : 12044,
        "iops_mean" : 11467.727273,
        "iops_stddev" : 492.724079,
        "iops_samples" : 11
      },
      "trim" : {
        "io_bytes" : 0,
        "io_kbytes" : 0,
        "bw_bytes" : 0,
        "bw" : 0,
        "iops" : 0.000000,
        "runtime" : 0,
        "total_ios" : 0,
        "short_ios" : 0,
        "drop_ios" : 0,
        "slat_ns" : {
          "min" : 0,
          "max" : 0,
          "mean" : 0.000000,
          "stddev" : 0.000000,
          "N" : 0
        },
        "clat_ns" : {
          "min" : 0,
          "max" : 0,
          "mean" : 0.000000,
          "stddev" : 0.000000,
          "N" : 0
        },
        "lat_ns" : {
          "min" : 0,
          "max" : 0,
          "mean" : 0.000000,
          "stddev" : 0.000000,
          "N" : 0
        },
        "bw_min" : 0,
        "bw_max" : 0,
        "bw_agg" : 0.000000,
        "bw_mean" : 0.000000,
        "bw_dev" : 0.000000,
        "bw_samples" : 0,
        "iops_min" : 0,
        "iops_max" : 0,
        "iops_mean" : 0.000000,
        "iops_stddev" : 0.000000,
        "iops_samples" : 0
      },
      "sync" : {
        "total_ios" : 0,
        "lat_ns" : {
          "min" : 0,
          "max" : 0,
          "mean" : 0.000000,
          "stddev" : 0.000000,
          "N" : 0
        }
      },
      "job_runtime" : 11886,
      "usr_cpu" : 7.126031,
      "sys_cpu" : 16.161871,
      "ctx" : 332210,
      "majf" : 0,
      "minf" : 40,
      "iodepth_level" : {
        "1" : 0.100000,
        "2" : 99.999743,
        "4" : 0.000000,
        "8" : 0.000000,
        "16" : 0.000000,
        "32" : 0.000000,
        ">=64" : 0.000000
      },
      "iodepth_submit" : {
        "0" : 0.000000,
        "4" : 100.000000,
        "8" : 0.000000,
        "16" : 0.000000,
        "32" : 0.000000,
        "64" : 0.000000,
        ">=64" : 0.000000
      },
      "iodepth_complete" : {
        "0" : 0.000000,
        "4" : 100.000000,
        "8" : 0.000000,
        "16" : 0.000000,
        "32" : 0.000000,
        "64" : 0.000000,
        ">=64" : 0.000000
      },
      "latency_ns" : {
        "2" : 0.000000,
        "4" : 0.000000,
        "10" : 0.000000,
        "20" : 0.000000,
        "50" : 0.000000,
        "100" : 0.000000,
        "250" : 0.000000,
        "500" : 0.010000,
        "750" : 0.010000,
        "1000" : 0.010000
      },
      "latency_us" : {
        "2" : 0.010000,
        "4" : 0.010000,
        "10" : 18.308308,
        "20" : 16.608093,
        "50" : 0.367101,
        "100" : 55.941767,
        "250" : 8.432532,
        "500" : 0.045438,
        "750" : 0.041844,
        "1000" : 0.039791
      },
      "latency_ms" : {
        "2" : 0.206911,
        "4" : 0.010000,
        "10" : 0.010000,
        "20" : 0.000000,
        "50" : 0.000000,
        "100" : 0.000000,
        "250" : 0.000000,
        "500" : 0.000000,
        "750" : 0.000000,
        "1000" : 0.000000,
        "2000" : 0.000000,
        ">=2000" : 0.000000
      },
      "latency_depth" : 2,
      "latency_target" : 0,
      "latency_percentile" : 100.000000,
      "latency_window" : 0,
      "steadystate" : {
        "ss" : "iops:10.000000%",
        "duration" : 10,
        "attained" : 1,
        "criterion" : "6.315137%",
        "max_deviation" : 2057.800000,
        "slope" : 0.000000,
        "data" : {
          "bw_mean" : 133470184,
          "iops_mean" : 32585,