{
  "fio version" : "fio-3.33",
  "timestamp" : 1687938902,
  "timestamp_ms" : 1687938902984,
  "time" : "Wed Jun 28 07:55:02 2023",
  "jobs" : [
    {
      "jobname" : "FIOJOB",
      "groupid" : 0,
      "error" : 0,
      "eta" : 0,
      "elapsed" : 13,
      "job options" : {
        "ioengine" : "io_uring",
        "rw" : "randrw",
        "bs" : "4k",
        "iodepth" : "8",
        "numjobs" : "1",
        "rwmixread" : "65",
        "runtime" : "60",
        "loops" : "1",
        "direct" : "1",
        "steadystate" : "iops:10%%",
        "steadystate_duration" : "10",
        "steadystate_ramp_time" : "1",
        "log_avg_msec" : "1000",
        "invalidate" : "1",
        "write_bw_log" : "/home/user/benchmarks/4096s/1x/nvme2n1/randrw65/4k/randrw-iodepth-8-numjobs-1",
        "write_lat_log" : "/home/user/benchmarks/4096s/1x/nvme2n1/randrw65/4k/randrw-iodepth-8-numjobs-1",
        "write_iops_log" : "/home/user/benchmarks/4096s/1x/nvme2n1/randrw65/4k/randrw-iodepth-8-numjobs-1",
        "filename" : "/dev/nvme2n1"
      },
      "read" : {
        "io_bytes" : 2064814080,
        "io_kbytes" : 2016420,
        "bw_bytes" : 173703548,
        "bw" : 169632,
        "iops" : 42408.092875,
        "runtime" : 11887,
        "total_ios" : 504105,
        "short_ios" : 0,
        "drop_ios" : 0,
        "slat_ns" : {
          "min" : 930,
          "max" : 36830,
          "mean" : 2621.742028,
          "stddev" : 868.253429,
          "N" : 504105
        },
        "clat_ns" : {
          "min" : 41530,
          "max" : 6735150,
          "mean" : 177254.365374,
          "stddev" : 192290.889058,
          "N" : 504105,
          "percentile" : {
            "1.000000" : 62208,
            "5.000000" : 64768,
            "10.000000" : 66048,
            "20.000000" : 77312,
            "30.000000" : 92672,
            "40.000000" : 110080,
            "50.000000" : 134144,
            "60.000000" : 166912,
            "70.000000" : 203776,
            "80.000000" : 236544,
            "90.000000" : 280576,
            "95.000000" : 321536,
            "99.000000" : 1286144,
            "99.500000" : 1646592,
            "99.900000" : 2023424,
            "99.950000" : 2146304,
            "99.990000" : 2703360
          }
        },
        "lat_ns" : {
          "min" : 44950,
          "max" : 6737630,
          "mean" : 179876.107402,
          "stddev" : 192267.284920,
          "N" : 504105
        },
        "bw_min" : 157153,
        "bw_max" : 175927,
        "bw_agg" : 99.970306,
        "bw_mean" : 169582.000000,
        "bw_dev" : 5591.835763,
        "bw_samples" : 11,
        "iops_min" : 39288,
        "iops_max" : 43981,
        "iops_mean" : 42395.363636,
        "iops_stddev" : 1397.990577,
        "iops_samples" : 11
      },
      "write" : {
        "io_bytes" : 1113907200,
        "io_kbytes" : 1087800,
        "bw_bytes" : 93708017,
        "bw" : 91511,
        "iops" : 22877.933877,
        "runtime" : 11887,
        "total_ios" : 271950,
        "short_ios" : 0,
        "drop_ios" : 0,
        "slat_ns" : {
          "min" : 1030,
          "max" : 32110,
          "mean" : 3006.052157,
          "stddev" : 945.642915,
          "N" : 271950
        },
        "clat_ns" : {
          "min" : 280,
          "max" : 107860,
          "mean" : 10390.441533,
          "stddev" : 3388.478440,
          "N" : 271950,
          "percentile" : {
            "1.000000" : 5792,
            "5.000000" : 6176,
            "10.000000" : 6624,
            "20.000000" : 7904,
            "30.000000" : 9024,
            "40.000000" : 9536,
            "50.000000" : 9664,
            "60.000000" : 9920,
            "70.000000" : 10944,
            "80.000000" : 12224,
            "90.000000" : 15296,
            "95.000000" : 17024,
            "99.000000" : 21120,
            "99.500000" : 23680,
            "99.900000" : 29312,
            "99.950000" : 31872,
            "99.990000" : 37632
          }
        },
        "lat_ns" : {
          "min" : 6170,
          "max" : 110730,
          "mean" : 13396.493690,
          "stddev" : 3550.602232,
          "N" : 271950
        },
        "bw_min" : 85477,
        "bw_max" : 94620,
        "bw_agg" : 99.951115,
        "bw_mean" : 91467.636364,
        "bw_dev" : 2811.296365,
        "bw_samples" : 11,
        "iops_min" : 21369,
        "iops_max" : 23655,
        "iops_mean" : 22866.727273,
        "iops_stddev" : 702.841531,
        "iops_samples" : 11
      },
      "trim" : {
        "io_bytes" : 0,
        "io_kbytes" : 0,
        "bw_bytes" : 0,
        "bw" : 0,
        "iops" : 0.000000,
        "runtime" : 0,
        "total_ios" : 0,
        "short_ios" : 0,
        "drop_ios" : 0,
        "slat_ns" : {
          "min" : 0,
          "max" : 0,
          "mean" : 0.000000,
          "stddev" : 0.000000,
          "N" : 0
        },
        "clat_ns" : {
          "min" : 0,
          "max" : 0,
          "mean" : 0.000000,
          "stddev" : 0.000000,
          "N" : 0
        },
        "lat_ns" : {
          "min" : 0,
          "max" : 0,
          "mean" : 0.000000,
          "stddev" : 0.000000,
          "N" : 0
        },
        "bw_min" : 0,
        "bw_max" : 0,
        "bw_agg" : 0.000000,
        "bw_mean" : 0.000000,
        "bw_dev" : 0.000000,
        "bw_samples" : 0,
        "iops_min" : 0,
        "iops_max" : 0,
        "iops_mean" : 0.000000,
        "iops_stddev" : 0.000000,
        "iops_samples" : 0
      },
      "sync" : {
        "total_ios" : 0,
        "lat_ns" : {
          "min" : 0,
          "max" : 0,
          "mean" : 0.000000,
          "stddev" : 0.000000,
          "N" : 0
        }
      },
      "job_runtime" : 11886,
      "usr_cpu" : 12.266532,
      "sys_cpu" : 29.345448,
      "ctx" : 418209,
      "majf" : 0,
      "minf" : 39,
      "iodepth_level" : {
        "1" : 0.100000,
        "2" : 0.100000,
        "4" : 0.100000,
        "8" : 99.999098,
        "16" : 0.000000,
        "32" : 0.000000,
        ">=64" : 0.000000
      },
      "iodepth_submit" : {
        "0" : 0.000000,
        "4" : 100.000000,
        "8" : 0.000000,
        "16" : 0.000000,
        "32" : 0.000000,
        "64" : 0.000000,
        ">=64" : 0.000000
      },
      "iodepth_complete" : {
        "0" : 0.000000,
        "4" : 99.999871,
        "8" : 0.100000,
        "16" : 0.000000,
        "32" : 0.000000,
        "64" : 0.000000,
        ">=64" : 0.000000
      },
      "latency_ns" : {
        "2" : 0.000000,
        "4" : 0.000000,
        "10" : 0.000000,
        "20" : 0.000000,
        "50" : 0.000000,
        "100" : 0.000000,
        "250" : 0.000000,
        "500" : 0.010000,
        "750" : 0.010000,
        "1000" : 0.010000
      },
      "latency_us" : {
        "2" : 0.010000,
        "4" : 0.010000,
        "10" : 22.574689,
        "20" : 11.895806,
        "50" : 0.640805,
        "100" : 22.394547,
        "250" : 32.280831,
        "500" : 8.783914,
        "750" : 0.280521,
        "1000" : 0.242380
      },
      "latency_ms" : {
        "2" : 0.828678,
        "4" : 0.070356,
        "10" : 0.010000,
        "20" : 0.000000,
        "50" : 0.000000,
        "100" : 0.000000,
        "250" : 0.000000,
        "500" : 0.000000,
        "750" : 0.000000,
        "1000" : 0.000000,
        "2000" : 0.000000,
        ">=2000" : 0.000000
      },
      "latency_depth" : 8,
      "latency_target" : 0,
      "latency_percentile" : 100.000000,
      "latency_window" : 0,
      "steadystate" : {
        "ss" : "iops:10.000000%",
        "duration" : 10,
        "attained" : 1,
        "criterion" : "6.941612%",
        "max_deviation" : 4516.900000,
        "slope" : 0.000000,
        "data" : {
          "bw_mean" : 266527377,
          "iops_mean" : 65069,