{
  "fio version" : "fio-3.33",
  "timestamp" : 1687936130,
  "timestamp_ms" : 1687936130688,
  "time" : "Wed Jun 28 07:08:50 2023",
  "jobs" : [
    {
      "jobname" : "FIOJOB",
      "groupid" : 0,
      "error" : 0,
      "eta" : 0,
      "elapsed" : 13,
      "job options" : {
        "ioengine" : "io_uring",
        "rw" : "randrw",
        "bs" : "4k",
        "iodepth" : "1",
        "numjobs" : "2",
        "rwmixread" : "65",
        "runtime" : "60",
        "loops" : "1",
        "direct" : "1",
        "steadystate" : "iops:10%%",
        "steadystate_duration" : "10",
        "steadystate_ramp_time" : "1",
        "log_avg_msec" : "1000",
        "invalidate" : "1",
        "write_bw_log" : "/home/user/benchmarks/4096s/1x/nvme2n1/randrw65/4k/randrw-iodepth-1-numjobs-2",
        "write_lat_log" : "/home/user/benchmarks/4096s/1x/nvme2n1/randrw65/4k/randrw-iodepth-1-numjobs-2",
        "write_iops_log" : "/home/user/benchmarks/4096s/1x/nvme2n1/randrw65/4k/randrw-iodepth-1-numjobs-2",
        "filename" : "/dev/nvme2n1"
      },
      "read" : {
        "io_bytes" : 526053376,
        "io_kbytes" : 513724,
        "bw_bytes" : 44254511,
        "bw" : 43217,
        "iops" : 10804.324051,
        "runtime" : 11887,
        "total_ios" : 128431,
        "short_ios" : 0,
        "drop_ios" : 0,
        "slat_ns" : {
          "min" : 1070,
          "max" : 31300,
          "mean" : 1906.906495,
          "stddev" : 421.321517,
          "N" : 128431
        },
        "clat_ns" : {
          "min" : 43560,
          "max" : 3034780,
          "mean" : 84023.395582,
          "stddev" : 109669.781642,
          "N" : 128431,
          "percentile" : {
            "1.000000" : 61696,
            "5.000000" : 62208,
            "10.000000" : 62720,
            "20.000000" : 63232,
            "30.000000" : 63744,
            "40.000000" : 64256,
            "50.000000" : 67072,
            "60.000000" : 75264,
            "70.000000" : 76288,
            "80.000000" : 92672,
            "90.000000" : 99840,
            "95.000000" : 110080,
            "99.000000" : 162816,
            "99.500000" : 1044480,
            "99.900000" : 1744896,
            "99.950000" : 1875968,
            "99.990000" : 2113536
          }
        },
        "lat_ns" : {
          "min" : 45280,
          "max" : 3036630,
          "mean" : 85930.302077,
          "stddev" : 109678.787599,
          "N" : 128431
        },
        "bw_min" : 39799,
        "bw_max" : 45324,
        "bw_agg" : 50.247486,
        "bw_mean" : 43230.545455,
        "bw_dev" : 1829.561825,
        "bw_samples" : 11,
        "iops_min" : 9949,
        "iops_max" : 11331,
        "iops_mean" : 10807.363636,
        "iops_stddev" : 457.483174,
        "iops_samples" : 11
      },
      "write" : {
        "io_bytes" : 282775552,
        "io_kbytes" : 276148,
        "bw_bytes" : 23788639,
        "bw" : 23231,
        "iops" : 5807.773198,
        "runtime" : 11887,
        "total_ios" : 69037,
        "short_ios" : 0,
        "drop_ios" : 0,
        "slat_ns" : {
          "min" : 1210,
          "max" : 22200,
          "mean" : 2156.015195,
          "stddev" : 452.963710,
          "N" : 69037
        },
        "clat_ns" : {
          "min" : 460,
          "max" : 30540,
          "mean" : 8020.783478,
          "stddev" : 961.990240,
          "N" : 69037,
          "percentile" : {
            "1.000000" : 7136,
            "5.000000" : 7200,
            "10.000000" : 7264,
            "20.000000" : 7520,
            "30.000000" : 7584,
            "40.000000" : 7712,
            "50.000000" : 7776,
            "60.000000" : 7904,
            "70.000000" : 7968,
            "80.000000" : 8096,
            "90.000000" : 9792,
            "95.000000" : 10176,
            "99.000000" : 10944,
            "99.500000" : 11968,
            "99.900000" : 15680,
            "99.950000" : 16512,
            "99.990000" : 22400
          }
        },
        "lat_ns" : {
          "min" : 7400,
          "max" : 36060,
          "mean" : 10176.798673,
          "stddev" : 1323.202711,
          "N" : 69037
        },
        "bw_min" : 21233,
        "bw_max" : 24180,
        "bw_agg" : 50.119280,
        "bw_mean" : 23243.363636,
        "bw_dev" : 1045.177140,
        "bw_samples" : 11,
        "iops_min" : 5308,
        "iops_max" : 6045,
        "iops_mean" : 5810.545455,
        "iops_stddev" : 261.239110,
        "iops_samples" : 11
      },
      "trim" : {
        "io_bytes" : 0,
        "io_kbytes" : 0,
        "bw_bytes" : 0,
        "bw" : 0,
        "iops" : 0.000000,
        "runtime" : 0,
        "total_ios" : 0,
        "short_ios" : 0,
        "drop_ios" : 0,
        "slat_ns" : {
          "min" : 0,
          "max" : 0,
          "mean" : 0.000000,
          "stddev" : 0.000000,
          "N" : 0
        },
        "clat_ns" : {
          "min" : 0,
          "max" : 0,
          "mean" : 0.000000,
          "stddev" : 0.000000,
          "N" : 0
        },
        "lat_ns" : {
          "min" : 0,
          "max" : 0,
          "mean" : 0.000000,
          "stddev" : 0.000000,
          "N" : 0
        },
        "bw_min" : 0,
        "bw_max" : 0,
        "bw_agg" : 0.000000,
        "bw_mean" : 0.000000,
        "bw_dev" : 0.000000,
        "bw_samples" : 0,
        "iops_min" : 0,
        "iops_max" : 0,
        "iops_mean" : 0.000000,
        "iops_stddev" : 0.000000,
        "iops_samples" : 0
      },
      "sync" : {
        "total_ios" : 0,
        "lat_ns" : {
          "min" : 0,
          "max" : 0,
          "mean" : 0.000000,
          "stddev" : 0.000000,
          "N" : 0
        }
      },
      "job_runtime" : 11886,
      "usr_cpu" : 2.465085,
      "sys_cpu" : 6.882046,
      "ctx" : 197456,
      "majf" : 0,
      "minf" : 40,
      "iodepth_level" : {
        "1" : 100.000000,
        "2" : 0.000000,
        "4" : 0.000000,
        "8" : 0.000000,
        "16" : 0.000000,
        "32" : 0.000000,
        ">=64" : 0.000000
      },
      "iodepth_submit" : {
        "0" : 0.000000,
        "4" : 100.000000,
        "8" : 0.000000,
        "16" : 0.000000,
        "32" : 0.000000,
        "64" : 0.000000,
        ">=64" : 0.000000
      },
      "iodepth_complete" : {
        "0" : 0.000000,
        "4" : 100.000000,
        "8" : 0.000000,
        "16" : 0.000000,
        "32" : 0.000000,
        "64" : 0.000000,
        ">=64" : 0.000000
      },
      "latency_ns" : {
        "2" : 0.000000,
        "4" : 0.000000,
        "10" : 0.000000,
        "20" : 0.000000,
        "50" : 0.000000,
        "100" : 0.000000,
        "250" : 0.000000,
        "500" : 0.010000,
        "750" : 0.010000,
        "1000" : 0.000000
      },
      "latency_us" : {
        "2" : 0.000000,
        "4" : 0.010000,
        "10" : 31.804647,
        "20" : 3.147345,
        "50" : 0.298276,
        "100" : 58.417566,
        "250" : 5.807017,
        "500" : 0.064314,
        "750" : 0.060769,
        "1000" : 0.060769
      },
      "latency_ms" : {
        "2" : 0.324103,
        "4" : 0.013167,
        "10" : 0.000000,
        "20" : 0.000000,
        "50" : 0.000000,
        "100" : 0.000000,
        "250" : 0.000000,
        "500" : 0.000000,
        "750" : 0.000000,
        "1000" : 0.000000,
        "2000" : 0.000000,
        ">=2000" : 0.000000
      },
      "latency_depth" : 1,
      "latency_target" : 0,
      "latency_percentile" : 100.000000,
      "latency_window" : 0,
      "steadystate" : {
        "ss" : "iops:10.000000%",
        "duration" : 10,
        "attained" : 1,
        "criterion" : "8.668436%",
        "max_deviation" : 1456.800000,
        "slope" : 0.000000,
        "data" : {
          "bw_mean" : 68837719,
          "iops_mean" : 16805,