{
  "fio version" : "fio-3.33",
  "timestamp" : 1687941208,
  "timestamp_ms" : 1687941208545,
  "time" : "Wed Jun 28 08:33:28 2023",
  "jobs" : [
    {
      "jobname" : "FIOJOB",
      "groupid" : 0,
      "error" : 0,
      "eta" : 0,
      "elapsed" : 13,
      "job options" : {
        "ioengine" : "io_uring",
        "rw" : "randrw",
        "bs" : "4k",
        "iodepth" : "32",
        "numjobs" : "2",
        "rwmixread" : "65",
        "runtime" : "60",
        "loops" : "1",
        "direct" : "1",
        "steadystate" : "iops:10%%",
        "steadystate_duration" : "10",
        "steadystate_ramp_time" : "1",
        "log_avg_msec" : "1000",
        "invalidate" : "1",
        "write_bw_log" : "/home/user/benchmarks/4096s/1x/nvme2n1/randrw65/4k/randrw-iodepth-32-numjobs-2",
        "write_lat_log" : "/home/user/benchmarks/4096s/1x/nvme2n1/randrw65/4k/randrw-iodepth-32-numjobs-2",
        "write_iops_log" : "/home/user/benchmarks/4096s/1x/nvme2n1/randrw65/4k/randrw-iodepth-32-numjobs-2",
        "filename" : "/dev/nvme2n1"
      },
      "read" : {
        "io_bytes" : 3711848448,
        "io_kbytes" : 3624852,
        "bw_bytes" : 312234896,
        "bw" : 304916,
        "iops" : 76229.222746,
        "runtime" : 11888,
        "total_ios" : 906213,
        "short_ios" : 0,
        "drop_ios" : 0,
        "slat_ns" : {
          "min" : 930,
          "max" : 50540,
          "mean" : 2334.207676,
          "stddev" : 1080.453923,
          "N" : 906213
        },
        "clat_ns" : {
          "min" : 49240,
          "max" : 6383470,
          "mean" : 406944.836266,
          "stddev" : 423070.048689,
          "N" : 906213,
          "percentile" : {
            "1.000000" : 82432,
            "5.000000" : 102912,
            "10.000000" : 124416,
            "20.000000" : 154624,
            "30.000000" : 185344,
            "40.000000" : 220160,
            "50.000000" : 259072,
            "60.000000" : 301056,
            "70.000000" : 358400,
            "80.000000" : 485376,
            "90.000000" : 1003520,
            "95.000000" : 1433600,
            "99.000000" : 1941504,
            "99.500000" : 2179072,
            "99.900000" : 2932736,
            "99.950000" : 3260416,
            "99.990000" : 4227072
          }
        },
        "lat_ns" : {
          "min" : 50880,
          "max" : 6385010,
          "mean" : 409279.043942,
          "stddev" : 423033.999146,
          "N" : 906213
        },
        "bw_min" : 288800,
        "bw_max" : 316584,
        "bw_agg" : 52.957460,
        "bw_mean" : 304837.363636,
        "bw_dev" : 8620.801741,
        "bw_samples" : 11,
        "iops_min" : 72200,
        "iops_max" : 79146,
        "iops_mean" : 76209.181818,
        "iops_stddev" : 2155.314957,
        "iops_samples" : 11
      },
      "write" : {
        "io_bytes" : 1998954496,
        "io_kbytes" : 1952104,
        "bw_bytes" : 168148931,
        "bw" : 164207,
        "iops" : 41051.985195,
        "runtime" : 11888,
        "total_ios" : 488026,
        "short_ios" : 0,
        "drop_ios" : 0,
        "slat_ns" : {
          "min" : 1050,
          "max" : 53670,
          "mean" : 2695.632120,
          "stddev" : 1164.997017,
          "N" : 488026
        },
        "clat_ns" : {
          "min" : 229,
          "max" : 117200,
          "mean" : 14374.638806,
          "stddev" : 9605.773127,
          "N" : 488026,
          "percentile" : {
            "1.000000" : 6112,
            "5.000000" : 6688,
            "10.000000" : 7328,
            "20.000000" : 8096,
            "30.000000" : 8512,
            "40.000000" : 9408,
            "50.000000" : 10560,
            "60.000000" : 12352,
            "70.000000" : 14656,
            "80.000000" : 19072,
            "90.000000" : 28544,
            "95.000000" : 33536,
            "99.000000" : 50944,
            "99.500000" : 59648,
            "99.900000" : 76288,
            "99.950000" : 83456,
            "99.990000" : 95744
          }
        },
        "lat_ns" : {
          "min" : 6650,
          "max" : 119980,
          "mean" : 17070.270926,
          "stddev" : 9991.935372,
          "N" : 488026
        },
        "bw_min" : 157097,
        "bw_max" : 170542,
        "bw_agg" : 52.938260,
        "bw_mean" : 164278.909091,
        "bw_dev" : 4226.858111,
        "bw_samples" : 11,
        "iops_min" : 39274,
        "iops_max" : 42635,
        "iops_mean" : 41069.272727,
        "iops_stddev" : 1056.787878,
        "iops_samples" : 11
      },
      "trim" : {
        "io_bytes" : 0,
        "io_kbytes" : 0,
        "bw_bytes" : 0,
        "bw" : 0,
        "iops" : 0.000000,
        "runtime" : 0,
        "total_ios" : 0,
        "short_ios" : 0,
        "drop_ios" : 0,
        "slat_ns" : {
          "min" : 0,
          "max" : 0,
          "mean" : 0.000000,
          "stddev" : 0.000000,
          "N" : 0
        },
        "clat_ns" : {
          "min" : 0,
          "max" : 0,
          "mean" : 0.000000,
          "stddev" : 0.000000,
          "N" : 0
        },
        "lat_ns" : {
          "min" : 0,
          "max" : 0,
          "mean" : 0.000000,
          "stddev" : 0.000000,
          "N" : 0
        },
        "bw_min" : 0,
        "bw_max" : 0,
        "bw_agg" : 0.000000,
        "bw_mean" : 0.000000,
        "bw_dev" : 0.000000,
        "bw_samples" : 0,
        "iops_min" : 0,
        "iops_max" : 0,
        "iops_mean" : 0.000000,
        "iops_stddev" : 0.000000,
        "iops_samples" : 0
      },
      "sync" : {
        "total_ios" : 0,
        "lat_ns" : {
          "min" : 0,
          "max" : 0,
          "mean" : 0.000000,
          "stddev" : 0.000000,
          "N" : 0
        }
      },
      "job_runtime" : 11887,
      "usr_cpu" : 18.364600,
      "sys_cpu" : 36.089846,
      "ctx" : 448407,
      "majf" : 0,
      "minf" : 43,
      "iodepth_level" : {
        "1" : 0.100000,
        "2" : 0.100000,
        "4" : 0.100000,
        "8" : 0.100000,
        "16" : 0.100000,
        "32" : 99.997777,
        ">=64" : 0.000000
      },
      "iodepth_submit" : {
        "0" : 0.000000,
        "4" : 100.000000,
        "8" : 0.000000,
        "16" : 0.000000,
        "32" : 0.000000,
        "64" : 0.000000,
        ">=64" : 0.000000
      },
      "iodepth_complete" : {
        "0" : 0.000000,
        "4" : 99.999928,
        "8" : 0.000000,
        "16" : 0.000000,
        "32" : 0.100000,
        "64" : 0.000000,
        ">=64" : 0.000000
      },
      "latency_ns" : {
        "2" : 0.000000,
        "4" : 0.000000,
        "10" : 0.000000,
        "20" : 0.000000,
        "50" : 0.000000,
        "100" : 0.000000,
        "250" : 0.010000,
        "500" : 0.010000,
        "750" : 0.010000,
        "1000" : 0.010000
      },
      "latency_us" : {
        "2" : 0.010000,
        "4" : 0.010000,
        "10" : 15.899139,
        "20" : 12.509835,
        "50" : 6.212134,
        "100" : 3.195937,
        "250" : 28.213025,
        "500" : 21.363267,
        "750" : 3.745699,
        "1000" : 2.306061
      },
      "latency_ms" : {
        "2" : 6.013173,
        "4" : 0.528675,
        "10" : 0.010000,
        "20" : 0.000000,
        "50" : 0.000000,
        "100" : 0.000000,
        "250" : 0.000000,
        "500" : 0.000000,
        "750" : 0.000000,
        "1000" : 0.000000,
        "2000" : 0.000000,
        ">=2000" : 0.000000
      },
      "latency_depth" : 32,
      "latency_target" : 0,
      "latency_percentile" : 100.000000,
      "latency_window" : 0,
      "steadystate" : {
        "ss" : "iops:10.000000%",
        "duration" : 10,
        "attained" : 1,
        "criterion" : "4.192245%",
        "max_deviation" : 4911.400000,
        "slope" : 0.000000,
        "data" : {
          "bw_mean" : 479865598,
          "iops_mean" : 117154,