{
  "fio version" : "fio-3.33",
  "timestamp" : 1687942426,
  "timestamp_ms" : 1687942426428,
  "time" : "Wed Jun 28 08:53:46 2023",
  "jobs" : [
    {
      "jobname" : "FIOJOB",
      "groupid" : 0,
      "error" : 0,
      "eta" : 0,
      "elapsed" : 13,
      "job options" : {
        "ioengine" : "io_uring",
        "rw" : "randrw",
        "bs" : "4k",
        "iodepth" : "64",
        "numjobs" : "2",
        "rwmixread" : "65",
        "runtime" : "60",
        "loops" : "1",
        "direct" : "1",
        "steadystate" : "iops:10%%",
        "steadystate_duration" : "10",
        "steadystate_ramp_time" : "1",
        "log_avg_msec" : "1000",
        "invalidate" : "1",
        "write_bw_log" : "/home/user/benchmarks/4096s/1x/nvme2n1/randrw65/4k/randrw-iodepth-64-numjobs-2",
        "write_lat_log" : "/home/user/benchmarks/4096s/1x/nvme2n1/randrw65/4k/randrw-iodepth-64-numjobs-2",
        "write_iops_log" : "/home/user/benchmarks/4096s/1x/nvme2n1/randrw65/4k/randrw-iodepth-64-numjobs-2",
        "filename" : "/dev/nvme2n1"
      },
      "read" : {
        "io_bytes" : 5145845760,
        "io_kbytes" : 5025240,
        "bw_bytes" : 432824102,
        "bw" : 422679,
        "iops" : 105669.947010,
        "runtime" : 11889,
        "total_ios" : 1256310,
        "short_ios" : 0,
        "drop_ios" : 0,
        "slat_ns" : {
          "min" : 910,
          "max" : 34790,
          "mean" : 1842.810357,
          "stddev" : 647.387489,
          "N" : 1256310
        },
        "clat_ns" : {
          "min" : 70009,
          "max" : 14052869,
          "mean" : 586302.554819,
          "stddev" : 559557.875718,
          "N" : 1256310,
          "percentile" : {
            "1.000000" : 123392,
            "5.000000" : 150528,
            "10.000000" : 168960,
            "20.000000" : 211968,
            "30.000000" : 259072,
            "40.000000" : 305152,
            "50.000000" : 354304,
            "60.000000" : 423936,
            "70.000000" : 561152,
            "80.000000" : 905216,
            "90.000000" : 1466368,
            "95.000000" : 1794048,
            "99.000000" : 2473984,
            "99.500000" : 2867200,
            "99.900000" : 3850240,
            "99.950000" : 4358144,
            "99.990000" : 5931008
          }
        },
        "lat_ns" : {
          "min" : 71849,
          "max" : 14054629,
          "mean" : 588145.365177,
          "stddev" : 559539.743399,
          "N" : 1256310
        },
        "bw_min" : 397885,
        "bw_max" : 444536,
        "bw_agg" : 52.367958,
        "bw_mean" : 422567.363636,
        "bw_dev" : 13631.573756,
        "bw_samples" : 11,
        "iops_min" : 99472,
        "iops_max" : 111134,
        "iops_mean" : 105641.727273,
        "iops_stddev" : 3407.680387,
        "iops_samples" : 11
      },
      "write" : {
        "io_bytes" : 2773123072,
        "io_kbytes" : 2708128,
        "bw_bytes" : 233251162,
        "bw" : 227784,
        "iops" : 56946.084616,
        "runtime" : 11889,
        "total_ios" : 677032,
        "short_ios" : 0,
        "drop_ios" : 0,
        "slat_ns" : {
          "min" : 1030,
          "max" : 28440,
          "mean" : 2134.499774,
          "stddev" : 692.799123,
          "N" : 677032
        },
        "clat_ns" : {
          "min" : 4910,
          "max" : 1075510,
          "mean" : 28357.397101,
          "stddev" : 10389.129416,
          "N" : 677032,
          "percentile" : {
            "1.000000" : 7456,
            "5.000000" : 11456,
            "10.000000" : 18560,
            "20.000000" : 23168,
            "30.000000" : 25472,
            "40.000000" : 27520,
            "50.000000" : 29056,
            "60.000000" : 30080,
            "70.000000" : 31104,
            "80.000000" : 32384,
            "90.000000" : 35584,
            "95.000000" : 40704,
            "99.000000" : 58624,
            "99.500000" : 71168,
            "99.900000" : 99840,
            "99.950000" : 110080,
            "99.990000" : 158720
          }
        },
        "lat_ns" : {
          "min" : 6670,
          "max" : 1077410,
          "mean" : 30491.896875,
          "stddev" : 10498.063781,
          "N" : 677032
        },
        "bw_min" : 216300,
        "bw_max" : 240392,
        "bw_agg" : 52.356429,
        "bw_mean" : 227642.454545,
        "bw_dev" : 7163.466903,
        "bw_samples" : 11,
        "iops_min" : 54075,
        "iops_max" : 60098,
        "iops_mean" : 56910.363636,
        "iops_stddev" : 1790.888566,
        "iops_samples" : 11
      },
      "trim" : {
        "io_bytes" : 0,
        "io_kbytes" : 0,
        "bw_bytes" : 0,
        "bw" : 0,
        "iops" : 0.000000,
        "runtime" : 0,
        "total_ios" : 0,
        "short_ios" : 0,
        "drop_ios" : 0,
        "slat_ns" : {
          "min" : 0,
          "max" : 0,
          "mean" : 0.000000,
          "stddev" : 0.000000,
          "N" : 0
        },
        "clat_ns" : {
          "min" : 0,
          "max" : 0,
          "mean" : 0.000000,
          "stddev" : 0.000000,
          "N" : 0
        },
        "lat_ns" : {
          "min" : 0,
          "max" : 0,
          "mean" : 0.000000,
          "stddev" : 0.000000,
          "N" : 0
        },
        "bw_min" : 0,
        "bw_max" : 0,
        "bw_agg" : 0.000000,
        "bw_mean" : 0.000000,
        "bw_dev" : 0.000000,
        "bw_samples" : 0,
        "iops_min" : 0,
        "iops_max" : 0,
        "iops_mean" : 0.000000,
        "iops_stddev" : 0.000000,
        "iops_samples" : 0
      },
      "sync" : {
        "total_ios" : 0,
        "lat_ns" : {
          "min" : 0,
          "max" : 0,
          "mean" : 0.000000,
          "stddev" : 0.000000,
          "N" : 0
        }
      },
      "job_runtime" : 11888,
      "usr_cpu" : 16.941454,
      "sys_cpu" : 38.593540,
      "ctx" : 351243,
      "majf" : 0,
      "minf" : 40,
      "iodepth_level" : {
        "1" : 0.100000,
        "2" : 0.100000,
        "4" : 0.100000,
        "8" : 0.100000,
        "16" : 0.100000,
        "32" : 0.100000,
        ">=64" : 99.996741
      },
      "iodepth_submit" : {
        "0" : 0.000000,
        "4" : 100.000000,
        "8" : 0.000000,
        "16" : 0.000000,
        "32" : 0.000000,
        "64" : 0.000000,
        ">=64" : 0.000000
      },
      "iodepth_complete" : {
        "0" : 0.000000,
        "4" : 99.999948,
        "8" : 0.000000,
        "16" : 0.000000,
        "32" : 0.000000,
        "64" : 0.100000,
        ">=64" : 0.000000
      },
      "latency_ns" : {
        "2" : 0.000000,
        "4" : 0.000000,
        "10" : 0.000000,
        "20" : 0.000000,
        "50" : 0.000000,
        "100" : 0.000000,
        "250" : 0.000000,
        "500" : 0.000000,
        "750" : 0.000000,
        "1000" : 0.000000
      },
      "latency_us" : {
        "2" : 0.000000,
        "4" : 0.000000,
        "10" : 1.354701,
        "20" : 2.907246,
        "50" : 30.015383,
        "100" : 0.807927,
        "250" : 18.080971,
        "500" : 25.018543,
        "750" : 6.531695,
        "1000" : 3.513191
      },
      "latency_ms" : {
        "2" : 9.921473,
        "4" : 1.798337,
        "10" : 0.049965,
        "20" : 0.010000,
        "50" : 0.000000,
        "100" : 0.000000,
        "250" : 0.000000,
        "500" : 0.000000,
        "750" : 0.000000,
        "1000" : 0.000000,
        "2000" : 0.000000,
        ">=2000" : 0.000000
      },
      "latency_depth" : 64,
      "latency_target" : 0,
      "latency_percentile" : 100.000000,
      "latency_window" : 0,
      "steadystate" : {
        "ss" : "iops:10.000000%",
        "duration" : 10,
        "attained" : 1,
        "criterion" : "3.837813%",
        "max_deviation" : 6229.200000,
        "slope" : 0.000000,
        "data" : {
          "bw_mean" : 664827847,
          "iops_mean" : 162311,