{
  "fio version" : "fio-3.33",
  "timestamp" : 1687917578,
  "timestamp_ms" : 1687917578789,
  "time" : "Wed Jun 28 01:59:38 2023",
  "jobs" : [
    {
      "jobname" : "FIOJOB",
      "groupid" : 0,
      "error" : 0,
      "eta" : 0,
      "elapsed" : 13,
      "job options" : {
        "ioengine" : "io_uring",
        "rw" : "randrw",
        "bs" : "4k",
        "iodepth" : "16",
        "numjobs" : "1",
        "rwmixread" : "95",
        "runtime" : "60",
        "loops" : "1",
        "direct" : "1",
        "steadystate" : "iops:10%%",
        "steadystate_duration" : "10",
        "steadystate_ramp_time" : "1",
        "log_avg_msec" : "1000",
        "invalidate" : "1",
        "write_bw_log" : "/home/user/benchmarks/512s/1x/nvme3n1/randrw95/4k/randrw-iodepth-16-numjobs-1",
        "write_lat_log" : "/home/user/benchmarks/512s/1x/nvme3n1/randrw95/4k/randrw-iodepth-16-numjobs-1",
        "write_iops_log" : "/home/user/benchmarks/512s/1x/nvme3n1/randrw95/4k/randrw-iodepth-16-numjobs-1",
        "filename" : "/dev/nvme3n1"
      },
      "read" : {
        "io_bytes" : 3701198848,
        "io_kbytes" : 3614452,
        "bw_bytes" : 311312881,
        "bw" : 304016,
        "iops" : 76004.121457,
        "runtime" : 11889,
        "total_ios" : 903613,
        "short_ios" : 0,
        "drop_ios" : 0,
        "slat_ns" : {
          "min" : 929,
          "max" : 35690,
          "mean" : 2377.340395,
          "stddev" : 1090.147895,
          "N" : 903613
        },
        "clat_ns" : {
          "min" : 39750,
          "max" : 4679729,
          "mean" : 206496.424008,
          "stddev" : 136926.093749,
          "N" : 903613,
          "percentile" : {
            "1.000000" : 63232,
            "5.000000" : 71168,
            "10.000000" : 79360,
            "20.000000" : 100864,
            "30.000000" : 123392,
            "40.000000" : 152576,
            "50.000000" : 189440,
            "60.000000" : 222208,
            "70.000000" : 250880,
            "80.000000" : 288768,
            "90.000000" : 342016,
            "95.000000" : 395264,
            "99.000000" : 544768,
            "99.500000" : 667648,
            "99.900000" : 1859584,
            "99.950000" : 2056192,
            "99.990000" : 2342912
          }
        },
        "lat_ns" : {
          "min" : 44940,
          "max" : 4680749,
          "mean" : 208873.764402,
          "stddev" : 136913.749450,
          "N" : 903613
        },
        "bw_min" : 298074,
        "bw_max" : 311568,
        "bw_agg" : 99.823534,
        "bw_mean" : 303480.454545,
        "bw_dev" : 3579.779054,
        "bw_samples" : 11,
        "iops_min" : 74518,
        "iops_max" : 77895,
        "iops_mean" : 75870.090909,
        "iops_stddev" : 895.748899,
        "iops_samples" : 11
      },
      "write" : {
        "io_bytes" : 195268608,
        "io_kbytes" : 190692,
        "bw_bytes" : 16424308,
        "bw" : 16039,
        "iops" : 4009.841030,
        "runtime" : 11889,
        "total_ios" : 47673,
        "short_ios" : 0,
        "drop_ios" : 0,
        "slat_ns" : {
          "min" : 1060,
          "max" : 22700,
          "mean" : 2840.135192,
          "stddev" : 1200.415537,
          "N" : 47673
        },
        "clat_ns" : {
          "min" : 180,
          "max" : 50170,
          "mean" : 10672.759277,
          "stddev" : 3928.876048,
          "N" : 47673,
          "percentile" : {
            "1.000000" : 5408,
            "5.000000" : 6176,
            "10.000000" : 6624,
            "20.000000" : 6880,
            "30.000000" : 8640,
            "40.000000" : 9664,
            "50.000000" : 9920,
            "60.000000" : 10176,
            "70.000000" : 11456,
            "80.000000" : 13376,
            "90.000000" : 16064,
            "95.000000" : 18304,
            "99.000000" : 23424,
            "99.500000" : 25472,
            "99.900000" : 31360,
            "99.950000" : 33536,
            "99.990000" : 39168
          }
        },
        "lat_ns" : {
          "min" : 6270,
          "max" : 52920,
          "mean" : 13512.894469,
          "stddev" : 4474.682644,
          "N" : 47673
        },
        "bw_min" : 15659,
        "bw_max" : 16376,
        "bw_agg" : 99.848103,
        "bw_mean" : 16015.272727,
        "bw_dev" : 244.165145,
        "bw_samples" : 11,
        "iops_min" : 3914,
        "iops_max" : 4094,
        "iops_mean" : 4003.545455,
        "iops_stddev" : 61.335738,
        "iops_samples" : 11
      },
      "trim" : {
        "io_bytes" : 0,
        "io_kbytes" : 0,
        "bw_bytes" : 0,
        "bw" : 0,
        "iops" : 0.000000,
        "runtime" : 0,
        "total_ios" : 0,
        "short_ios" : 0,
        "drop_ios" : 0,
        "slat_ns" : {
          "min" : 0,
          "max" : 0,
          "mean" : 0.000000,
          "stddev" : 0.000000,
          "N" : 0
        },
        "clat_ns" : {
          "min" : 0,
          "max" : 0,
          "mean" : 0.000000,
          "stddev" : 0.000000,
          "N" : 0
        },
        "lat_ns" : {
          "min" : 0,
          "max" : 0,
          "mean" : 0.000000,
          "stddev" : 0.000000,
          "N" : 0
        },
        "bw_min" : 0,
        "bw_max" : 0,
        "bw_agg" : 0.000000,
        "bw_mean" : 0.000000,
        "bw_dev" : 0.000000,
        "bw_samples" : 0,
        "iops_min" : 0,
        "iops_max" : 0,
        "iops_mean" : 0.000000,
        "iops_stddev" : 0.000000,
        "iops_samples" : 0
      },
      "sync" : {
        "total_ios" : 0,
        "lat_ns" : {
          "min" : 0,
          "max" : 0,
          "mean" : 0.000000,
          "stddev" : 0.000000,
          "N" : 0
        }
      },
      "job_runtime" : 11888,
      "usr_cpu" : 12.836474,
      "sys_cpu" : 29.929341,
      "ctx" : 476452,
      "majf" : 0,
      "minf" : 41,
      "iodepth_level" : {
        "1" : 0.100000,
        "2" : 0.100000,
        "4" : 0.100000,
        "8" : 0.100000,
        "16" : 99.998423,
        "32" : 0.000000,
        ">=64" : 0.000000
      },
      "iodepth_submit" : {
        "0" : 0.000000,
        "4" : 100.000000,
        "8" : 0.000000,
        "16" : 0.000000,
        "32" : 0.000000,
        "64" : 0.000000,
        ">=64" : 0.000000
      },
      "iodepth_complete" : {
        "0" : 0.000000,
        "4" : 99.999895,
        "8" : 0.000000,
        "16" : 0.100000,
        "32" : 0.000000,
        "64" : 0.000000,
        ">=64" : 0.000000
      },
      "latency_ns" : {
        "2" : 0.000000,
        "4" : 0.000000,
        "10" : 0.000000,
        "20" : 0.000000,
        "50" : 0.000000,
        "100" : 0.000000,
        "250" : 0.010000,
        "500" : 0.000000,
        "750" : 0.000000,
        "1000" : 0.000000
      },
      "latency_us" : {
        "2" : 0.000000,
        "4" : 0.010000,
        "10" : 2.800315,
        "20" : 2.069935,
        "50" : 0.170296,
        "100" : 18.601136,
        "250" : 47.507795,
        "500" : 27.389029,
        "750" : 1.052470,
        "1000" : 0.088512
      },
      "latency_ms" : {
        "2" : 0.259333,
        "4" : 0.060550,
        "10" : 0.010000,
        "20" : 0.000000,
        "50" : 0.000000,
        "100" : 0.000000,
        "250" : 0.000000,
        "500" : 0.000000,
        "750" : 0.000000,
        "1000" : 0.000000,
        "2000" : 0.000000,
        ">=2000" : 0.000000
      },
      "latency_depth" : 16,
      "latency_target" : 0,
      "latency_percentile" : 100.000000,
      "latency_window" : 0,
      "steadystate" : {
        "ss" : "iops:10.000000%",
        "duration" : 10,
        "attained" : 1,
        "criterion" : "1.778846%",
        "max_deviation" : 1422.100000,
        "slope" : 0.000000,
        "data" : {
          "bw_mean" : 327456975,
          "iops_mean" : 79945,