{
  "fio version" : "fio-3.33",
  "timestamp" : 1687915726,
  "timestamp_ms" : 1687915726107,
  "time" : "Wed Jun 28 01:28:46 2023",
  "jobs" : [
    {
      "jobname" : "FIOJOB",
      "groupid" : 0,
      "error" : 0,
      "eta" : 0,
      "elapsed" : 13,
      "job options" : {
        "ioengine" : "io_uring",
        "rw" : "randrw",
        "bs" : "4k",
        "iodepth" : "4",
        "numjobs" : "1",
        "rwmixread" : "95",
        "runtime" : "60",
        "loops" : "1",
        "direct" : "1",
        "steadystate" : "iops:10%%",
        "steadystate_duration" : "10",
        "steadystate_ramp_time" : "1",
        "log_avg_msec" : "1000",
        "invalidate" : "1",
        "write_bw_log" : "/home/user/benchmarks/512s/1x/nvme3n1/randrw95/4k/randrw-iodepth-4-numjobs-1",
        "write_lat_log" : "/home/user/benchmarks/512s/1x/nvme3n1/randrw95/4k/randrw-iodepth-4-numjobs-1",
        "write_iops_log" : "/home/user/benchmarks/512s/1x/nvme3n1/randrw95/4k/randrw-iodepth-4-numjobs-1",
        "filename" : "/dev/nvme3n1"
      },
      "read" : {
        "io_bytes" : 1895452672,
        "io_kbytes" : 1851028,
        "bw_bytes" : 159415699,
        "bw" : 155679,
        "iops" : 38919.848612,
        "runtime" : 11890,
        "total_ios" : 462757,
        "short_ios" : 0,
        "drop_ios" : 0,
        "slat_ns" : {
          "min" : 940,
          "max" : 43000,
          "mean" : 2645.194523,
          "stddev" : 631.716540,
          "N" : 462757
        },
        "clat_ns" : {
          "min" : 37230,
          "max" : 3872290,
          "mean" : 98291.109814,
          "stddev" : 56718.156992,
          "N" : 462757,
          "percentile" : {
            "1.000000" : 60672,
            "5.000000" : 62720,
            "10.000000" : 63744,
            "20.000000" : 65280,
            "30.000000" : 68096,
            "40.000000" : 76288,
            "50.000000" : 80384,
            "60.000000" : 95744,
            "70.000000" : 108032,
            "80.000000" : 123392,
            "90.000000" : 152576,
            "95.000000" : 179200,
            "99.000000" : 226304,
            "99.500000" : 240640,
            "99.900000" : 518144,
            "99.950000" : 1449984,
            "99.990000" : 1728512
          }
        },
        "lat_ns" : {
          "min" : 44940,
          "max" : 3874760,
          "mean" : 100936.304337,
          "stddev" : 56689.863411,
          "N" : 462757
        },
        "bw_min" : 153229,
        "bw_max" : 157780,
        "bw_agg" : 100.000000,
        "bw_mean" : 155694.454545,
        "bw_dev" : 1359.181324,
        "bw_samples" : 11,
        "iops_min" : 38307,
        "iops_max" : 39447,
        "iops_mean" : 38923.727273,
        "iops_stddev" : 340.293430,
        "iops_samples" : 11
      },
      "write" : {
        "io_bytes" : 99934208,
        "io_kbytes" : 97592,
        "bw_bytes" : 8404895,
        "bw" : 8207,
        "iops" : 2051.976451,
        "runtime" : 11890,
        "total_ios" : 24398,
        "short_ios" : 0,
        "drop_ios" : 0,
        "slat_ns" : {
          "min" : 1180,
          "max" : 22260,
          "mean" : 3122.558898,
          "stddev" : 668.557673,
          "N" : 24398
        },
        "clat_ns" : {
          "min" : 4329,
          "max" : 38100,
          "mean" : 11031.499836,
          "stddev" : 2703.498836,
          "N" : 24398,
          "percentile" : {
            "1.000000" : 5984,
            "5.000000" : 6816,
            "10.000000" : 8256,
            "20.000000" : 9664,
            "30.000000" : 9792,
            "40.000000" : 9920,
            "50.000000" : 10176,
            "60.000000" : 11200,
            "70.000000" : 11584,
            "80.000000" : 12352,
            "90.000000" : 15424,
            "95.000000" : 15936,
            "99.000000" : 19072,
            "99.500000" : 20864,
            "99.900000" : 27264,
            "99.950000" : 30080,
            "99.990000" : 33024
          }
        },
        "lat_ns" : {
          "min" : 7060,
          "max" : 40780,
          "mean" : 14154.058734,
          "stddev" : 2686.183488,
          "N" : 24398
        },
        "bw_min" : 7751,
        "bw_max" : 8644,
        "bw_agg" : 99.854954,
        "bw_mean" : 8196.545455,
        "bw_dev" : 255.688625,
        "bw_samples" : 11,
        "iops_min" : 1937,
        "iops_max" : 2161,
        "iops_mean" : 2049.000000,
        "iops_stddev" : 64.159177,
        "iops_samples" : 11
      },
      "trim" : {
        "io_bytes" : 0,
        "io_kbytes" : 0,
        "bw_bytes" : 0,
        "bw" : 0,
        "iops" : 0.000000,
        "runtime" : 0,
        "total_ios" : 0,
        "short_ios" : 0,
        "drop_ios" : 0,
        "slat_ns" : {
          "min" : 0,
          "max" : 0,
          "mean" : 0.000000,
          "stddev" : 0.000000,
          "N" : 0
        },
        "clat_ns" : {
          "min" : 0,
          "max" : 0,
          "mean" : 0.000000,
          "stddev" : 0.000000,
          "N" : 0
        },
        "lat_ns" : {
          "min" : 0,
          "max" : 0,
          "mean" : 0.000000,
          "stddev" : 0.000000,
          "N" : 0
        },
        "bw_min" : 0,
        "bw_max" : 0,
        "bw_agg" : 0.000000,
        "bw_mean" : 0.000000,
        "bw_dev" : 0.000000,
        "bw_samples" : 0,
        "iops_min" : 0,
        "iops_max" : 0,
        "iops_mean" : 0.000000,
        "iops_stddev" : 0.000000,
        "iops_samples" : 0
      },
      "sync" : {
        "total_ios" : 0,
        "lat_ns" : {
          "min" : 0,
          "max" : 0,
          "mean" : 0.000000,
          "stddev" : 0.000000,
          "N" : 0
        }
      },
      "job_runtime" : 11889,
      "usr_cpu" : 8.074691,
      "sys_cpu" : 20.817562,
      "ctx" : 375188,
      "majf" : 0,
      "minf" : 40,
      "iodepth_level" : {
        "1" : 0.100000,
        "2" : 0.100000,
        "4" : 99.999384,
        "8" : 0.000000,
        "16" : 0.000000,
        "32" : 0.000000,
        ">=64" : 0.000000
      },
      "iodepth_submit" : {
        "0" : 0.000000,
        "4" : 100.000000,
        "8" : 0.000000,
        "16" : 0.000000,
        "32" : 0.000000,
        "64" : 0.000000,
        ">=64" : 0.000000
      },
      "iodepth_complete" : {
        "0" : 0.000000,
        "4" : 100.000000,
        "8" : 0.000000,
        "16" : 0.000000,
        "32" : 0.000000,
        "64" : 0.000000,
        ">=64" : 0.000000
      },
      "latency_ns" : {
        "2" : 0.000000,
        "4" : 0.000000,
        "10" : 0.000000,
        "20" : 0.000000,
        "50" : 0.000000,
        "100" : 0.000000,
        "250" : 0.000000,
        "500" : 0.000000,
        "750" : 0.000000,
        "1000" : 0.000000
      },
      "latency_us" : {
        "2" : 0.000000,
        "4" : 0.000000,
        "10" : 2.158451,
        "20" : 2.813889,
        "50" : 0.367029,
        "100" : 61.552894,
        "250" : 32.966920,
        "500" : 0.045160,
        "750" : 0.010000,
        "1000" : 0.010000
      },
      "latency_ms" : {
        "2" : 0.079030,
        "4" : 0.010000,
        "10" : 0.000000,
        "20" : 0.000000,
        "50" : 0.000000,
        "100" : 0.000000,
        "250" : 0.000000,
        "500" : 0.000000,
        "750" : 0.000000,
        "1000" : 0.000000,
        "2000" : 0.000000,
        ">=2000" : 0.000000
      },
      "latency_depth" : 4,
      "latency_target" : 0,
      "latency_percentile" : 100.000000,
      "latency_window" : 0,
      "steadystate" : {
        "ss" : "iops:10.000000%",
        "duration" : 10,
        "attained" : 1,
        "criterion" : "1.623787%",
        "max_deviation" : 665.600000,
        "slope" : 0.000000,
        "data" : {
          "bw_mean" : 167898697,
          "iops_mean" : 40990,