{
  "fio version" : "fio-3.33",
  "timestamp" : 1687916734,
  "timestamp_ms" : 1687916734696,
  "time" : "Wed Jun 28 01:45:34 2023",
  "jobs" : [
    {
      "jobname" : "FIOJOB",
      "groupid" : 0,
      "error" : 0,
      "eta" : 0,
      "elapsed" : 13,
      "job options" : {
        "ioengine" : "io_uring",
        "rw" : "randrw",
        "bs" : "4k",
        "iodepth" : "8",
        "numjobs" : "2",
        "rwmixread" : "95",
        "runtime" : "60",
        "loops" : "1",
        "direct" : "1",
        "steadystate" : "iops:10%%",
        "steadystate_duration" : "10",
        "steadystate_ramp_time" : "1",
        "log_avg_msec" : "1000",
        "invalidate" : "1",
        "write_bw_log" : "/home/user/benchmarks/512s/1x/nvme3n1/randrw95/4k/randrw-iodepth-8-numjobs-2",
        "write_lat_log" : "/home/user/benchmarks/512s/1x/nvme3n1/randrw95/4k/randrw-iodepth-8-numjobs-2",
        "write_iops_log" : "/home/user/benchmarks/512s/1x/nvme3n1/randrw95/4k/randrw-iodepth-8-numjobs-2",
        "filename" : "/dev/nvme3n1"
      },
      "read" : {
        "io_bytes" : 2362945536,
        "io_kbytes" : 2307564,
        "bw_bytes" : 198767289,
        "bw" : 194108,
        "iops" : 48527.170256,
        "runtime" : 11888,
        "total_ios" : 576891,
        "short_ios" : 0,
        "drop_ios" : 0,
        "slat_ns" : {
          "min" : 940,
          "max" : 42990,
          "mean" : 2904.650469,
          "stddev" : 796.733983,
          "N" : 576891
        },
        "clat_ns" : {
          "min" : 43840,
          "max" : 5275440,
          "mean" : 159834.703452,
          "stddev" : 123773.145936,
          "N" : 576891,
          "percentile" : {
            "1.000000" : 66048,
            "5.000000" : 73216,
            "10.000000" : 80384,
            "20.000000" : 90624,
            "30.000000" : 101888,
            "40.000000" : 116224,
            "50.000000" : 132096,
            "60.000000" : 152576,
            "70.000000" : 179200,
            "80.000000" : 211968,
            "90.000000" : 257024,
            "95.000000" : 301056,
            "99.000000" : 444416,
            "99.500000" : 765952,
            "99.900000" : 1892352,
            "99.950000" : 2023424,
            "99.990000" : 2244608
          }
        },
        "lat_ns" : {
          "min" : 46210,
          "max" : 5280730,
          "mean" : 162739.353921,
          "stddev" : 123756.187331,
          "N" : 576891
        },
        "bw_min" : 187175,
        "bw_max" : 201101,
        "bw_agg" : 50.195706,
        "bw_mean" : 194102.363636,
        "bw_dev" : 3711.236782,
        "bw_samples" : 11,
        "iops_min" : 46793,
        "iops_max" : 50278,
        "iops_mean" : 48525.454545,
        "iops_stddev" : 928.523706,
        "iops_samples" : 11
      },
      "write" : {
        "io_bytes" : 125009920,
        "io_kbytes" : 122080,
        "bw_bytes" : 10515639,
        "bw" : 10269,
        "iops" : 2567.294751,
        "runtime" : 11888,
        "total_ios" : 30520,
        "short_ios" : 0,
        "drop_ios" : 0,
        "slat_ns" : {
          "min" : 1220,
          "max" : 18070,
          "mean" : 3419.799869,
          "stddev" : 858.617969,
          "N" : 30520
        },
        "clat_ns" : {
          "min" : 1130,
          "max" : 55880,
          "mean" : 15072.557929,
          "stddev" : 7402.739818,
          "N" : 30520,
          "percentile" : {
            "1.000000" : 6368,
            "5.000000" : 7264,
            "10.000000" : 9152,
            "20.000000" : 9920,
            "30.000000" : 10688,
            "40.000000" : 11712,
            "50.000000" : 12480,
            "60.000000" : 13120,
            "70.000000" : 14912,
            "80.000000" : 18304,
            "90.000000" : 30592,
            "95.000000" : 31872,
            "99.000000" : 34048,
            "99.500000" : 35584,
            "99.900000" : 40704,
            "99.950000" : 43264,
            "99.990000" : 45312
          }
        },
        "lat_ns" : {
          "min" : 7071,
          "max" : 59830,
          "mean" : 18492.357798,
          "stddev" : 7308.379656,
          "N" : 30520
        },
        "bw_min" : 9673,
        "bw_max" : 10846,
        "bw_agg" : 50.020096,
        "bw_mean" : 10259.363636,
        "bw_dev" : 364.288148,
        "bw_samples" : 11,
        "iops_min" : 2418,
        "iops_max" : 2711,
        "iops_mean" : 2564.545455,
        "iops_stddev" : 91.039951,
        "iops_samples" : 11
      },
      "trim" : {
        "io_bytes" : 0,
        "io_kbytes" : 0,
        "bw_bytes" : 0,
        "bw" : 0,
        "iops" : 0.000000,
        "runtime" : 0,
        "total_ios" : 0,
        "short_ios" : 0,
        "drop_ios" : 0,
        "slat_ns" : {
          "min" : 0,
          "max" : 0,
          "mean" : 0.000000,
          "stddev" : 0.000000,
          "N" : 0
        },
        "clat_ns" : {
          "min" : 0,
          "max" : 0,
          "mean" : 0.000000,
          "stddev" : 0.000000,
          "N" : 0
        },
        "lat_ns" : {
          "min" : 0,
          "max" : 0,
          "mean" : 0.000000,
          "stddev" : 0.000000,
          "N" : 0
        },
        "bw_min" : 0,
        "bw_max" : 0,
        "bw_agg" : 0.000000,
        "bw_mean" : 0.000000,
        "bw_dev" : 0.000000,
        "bw_samples" : 0,
        "iops_min" : 0,
        "iops_max" : 0,
        "iops_mean" : 0.000000,
        "iops_stddev" : 0.000000,
        "iops_samples" : 0
      },
      "sync" : {
        "total_ios" : 0,
        "lat_ns" : {
          "min" : 0,
          "max" : 0,
          "mean" : 0.000000,
          "stddev" : 0.000000,
          "N" : 0
        }
      },
      "job_runtime" : 11887,
      "usr_cpu" : 10.221250,
      "sys_cpu" : 25.633045,
      "ctx" : 360982,
      "majf" : 0,
      "minf" : 42,
      "iodepth_level" : {
        "1" : 0.100000,
        "2" : 0.100000,
        "4" : 0.100000,
        "8" : 99.998848,
        "16" : 0.000000,
        "32" : 0.000000,
        ">=64" : 0.000000
      },
      "iodepth_submit" : {
        "0" : 0.000000,
        "4" : 100.000000,
        "8" : 0.000000,
        "16" : 0.000000,
        "32" : 0.000000,
        "64" : 0.000000,
        ">=64" : 0.000000
      },
      "iodepth_complete" : {
        "0" : 0.000000,
        "4" : 99.999835,
        "8" : 0.100000,
        "16" : 0.000000,
        "32" : 0.000000,
        "64" : 0.000000,
        ">=64" : 0.000000
      },
      "latency_ns" : {
        "2" : 0.000000,
        "4" : 0.000000,
        "10" : 0.000000,
        "20" : 0.000000,
        "50" : 0.000000,
        "100" : 0.000000,
        "250" : 0.000000,
        "500" : 0.000000,
        "750" : 0.000000,
        "1000" : 0.000000
      },
      "latency_us" : {
        "2" : 0.010000,
        "4" : 0.010000,
        "10" : 1.024512,
        "20" : 3.104488,
        "50" : 0.903671,
        "100" : 26.742189,
        "250" : 57.494514,
        "500" : 10.014471,
        "750" : 0.237236,
        "1000" : 0.095323
      },
      "latency_ms" : {
        "2" : 0.328279,
        "4" : 0.054494,
        "10" : 0.010000,
        "20" : 0.000000,
        "50" : 0.000000,
        "100" : 0.000000,
        "250" : 0.000000,
        "500" : 0.000000,
        "750" : 0.000000,
        "1000" : 0.000000,
        "2000" : 0.000000,
        ">=2000" : 0.000000
      },
      "latency_depth" : 8,
      "latency_target" : 0,
      "latency_percentile" : 100.000000,
      "latency_window" : 0,
      "steadystate" : {
        "ss" : "iops:10.000000%",
        "duration" : 10,
        "attained" : 1,
        "criterion" : "5.351974%",
        "max_deviation" : 2727.500000,
        "slope" : 0.000000,
        "data" : {
          "bw_mean" : 208743715,
          "iops_mean" : 50962,