{
  "fio version" : "fio-3.33",
  "timestamp" : 1687914229,
  "timestamp_ms" : 1687914229560,
  "time" : "Wed Jun 28 01:03:49 2023",
  "jobs" : [
    {
      "jobname" : "FIOJOB",
      "groupid" : 0,
      "error" : 0,
      "eta" : 0,
      "elapsed" : 13,
      "job options" : {
        "ioengine" : "io_uring",
        "rw" : "randrw",
        "bs" : "4k",
        "iodepth" : "1",
        "numjobs" : "2",
        "rwmixread" : "95",
        "runtime" : "60",
        "loops" : "1",
        "direct" : "1",
        "steadystate" : "iops:10%%",
        "steadystate_duration" : "10",
        "steadystate_ramp_time" : "1",
        "log_avg_msec" : "1000",
        "invalidate" : "1",
        "write_bw_log" : "/home/user/benchmarks/512s/1x/nvme3n1/randrw95/4k/randrw-iodepth-1-numjobs-2",
        "write_lat_log" : "/home/user/benchmarks/512s/1x/nvme3n1/randrw95/4k/randrw-iodepth-1-numjobs-2",
        "write_iops_log" : "/home/user/benchmarks/512s/1x/nvme3n1/randrw95/4k/randrw-iodepth-1-numjobs-2",
        "filename" : "/dev/nvme3n1"
      },
      "read" : {
        "io_bytes" : 664190976,
        "io_kbytes" : 648624,
        "bw_bytes" : 55866008,
        "bw" : 54556,
        "iops" : 13639.162251,
        "runtime" : 11889,
        "total_ios" : 162156,
        "short_ios" : 0,
        "drop_ios" : 0,
        "slat_ns" : {
          "min" : 1070,
          "max" : 30940,
          "mean" : 2053.091918,
          "stddev" : 437.039208,
          "N" : 162156
        },
        "clat_ns" : {
          "min" : 43670,
          "max" : 1897110,
          "mean" : 69825.515238,
          "stddev" : 29475.266530,
          "N" : 162156,
          "percentile" : {
            "1.000000" : 46848,
            "5.000000" : 62208,
            "10.000000" : 62720,
            "20.000000" : 63232,
            "30.000000" : 63744,
            "40.000000" : 64256,
            "50.000000" : 65280,
            "60.000000" : 66048,
            "70.000000" : 74240,
            "80.000000" : 76288,
            "90.000000" : 77312,
            "95.000000" : 79360,
            "99.000000" : 109056,
            "99.500000" : 116224,
            "99.900000" : 134144,
            "99.950000" : 254976,
            "99.990000" : 1646592
          }
        },
        "lat_ns" : {
          "min" : 45330,
          "max" : 1899090,
          "mean" : 71878.607156,
          "stddev" : 29491.237883,
          "N" : 162156
        },
        "bw_min" : 52560,
        "bw_max" : 56524,
        "bw_agg" : 51.610315,
        "bw_mean" : 54748.636364,
        "bw_dev" : 1195.981126,
        "bw_samples" : 11,
        "iops_min" : 13140,
        "iops_max" : 14131,
        "iops_mean" : 13686.727273,
        "iops_stddev" : 298.830417,
        "iops_samples" : 11
      },
      "write" : {
        "io_bytes" : 34713600,
        "io_kbytes" : 33900,
        "bw_bytes" : 2919808,
        "bw" : 2851,
        "iops" : 712.843805,
        "runtime" : 11889,
        "total_ios" : 8475,
        "short_ios" : 0,
        "drop_ios" : 0,
        "slat_ns" : {
          "min" : 1360,
          "max" : 17590,
          "mean" : 2505.196578,
          "stddev" : 551.118822,
          "N" : 8475
        },
        "clat_ns" : {
          "min" : 720,
          "max" : 30190,
          "mean" : 8317.148791,
          "stddev" : 1077.275307,
          "N" : 8475,
          "percentile" : {
            "1.000000" : 7200,
            "5.000000" : 7264,
            "10.000000" : 7456,
            "20.000000" : 7584,
            "30.000000" : 7712,
            "40.000000" : 7840,
            "50.000000" : 7904,
            "60.000000" : 8032,
            "70.000000" : 8384,
            "80.000000" : 9536,
            "90.000000" : 9792,
            "95.000000" : 9920,
            "99.000000" : 10304,
            "99.500000" : 11072,
            "99.900000" : 19584,
            "99.950000" : 21376,
            "99.990000" : 30080
          }
        },
        "lat_ns" : {
          "min" : 7250,
          "max" : 33070,
          "mean" : 10822.345369,
          "stddev" : 1477.463110,
          "N" : 8475
        },
        "bw_min" : 2714,
        "bw_max" : 3123,
        "bw_agg" : 51.150269,
        "bw_mean" : 2865.000000,
        "bw_dev" : 127.720789,
        "bw_samples" : 11,
        "iops_min" : 678,
        "iops_max" : 780,
        "iops_mean" : 715.909091,
        "iops_stddev" : 31.901268,
        "iops_samples" : 11
      },
      "trim" : {
        "io_bytes" : 0,
        "io_kbytes" : 0,
        "bw_bytes" : 0,
        "bw" : 0,
        "iops" : 0.000000,
        "runtime" : 0,
        "total_ios" : 0,
        "short_ios" : 0,
        "drop_ios" : 0,
        "slat_ns" : {
          "min" : 0,
          "max" : 0,
          "mean" : 0.000000,
          "stddev" : 0.000000,
          "N" : 0
        },
        "clat_ns" : {
          "min" : 0,
          "max" : 0,
          "mean" : 0.000000,
          "stddev" : 0.000000,
          "N" : 0
        },
        "lat_ns" : {
          "min" : 0,
          "max" : 0,
          "mean" : 0.000000,
          "stddev" : 0.000000,
          "N" : 0
        },
        "bw_min" : 0,
        "bw_max" : 0,
        "bw_agg" : 0.000000,
        "bw_mean" : 0.000000,
        "bw_dev" : 0.000000,
        "bw_samples" : 0,
        "iops_min" : 0,
        "iops_max" : 0,
        "iops_mean" : 0.000000,
        "iops_stddev" : 0.000000,
        "iops_samples" : 0
      },
      "sync" : {
        "total_ios" : 0,
        "lat_ns" : {
          "min" : 0,
          "max" : 0,
          "mean" : 0.000000,
          "stddev" : 0.000000,
          "N" : 0
        }
      },
      "job_runtime" : 11888,
      "usr_cpu" : 2.691790,
      "sys_cpu" : 6.106999,
      "ctx" : 170630,
      "majf" : 0,
      "minf" : 40,
      "iodepth_level" : {
        "1" : 100.000000,
        "2" : 0.000000,
        "4" : 0.000000,
        "8" : 0.000000,
        "16" : 0.000000,
        "32" : 0.000000,
        ">=64" : 0.000000
      },
      "iodepth_submit" : {
        "0" : 0.000000,
        "4" : 100.000000,
        "8" : 0.000000,
        "16" : 0.000000,
        "32" : 0.000000,
        "64" : 0.000000,
        ">=64" : 0.000000
      },
      "iodepth_complete" : {
        "0" : 0.000000,
        "4" : 100.000000,
        "8" : 0.000000,
        "16" : 0.000000,
        "32" : 0.000000,
        "64" : 0.000000,
        ">=64" : 0.000000
      },
      "latency_ns" : {
        "2" : 0.000000,
        "4" : 0.000000,
        "10" : 0.000000,
        "20" : 0.000000,
        "50" : 0.000000,
        "100" : 0.000000,
        "250" : 0.000000,
        "500" : 0.000000,
        "750" : 0.010000,
        "1000" : 0.000000
      },
      "latency_us" : {
        "2" : 0.000000,
        "4" : 0.000000,
        "10" : 4.821515,
        "20" : 0.140068,
        "50" : 1.002163,
        "100" : 92.240566,
        "250" : 1.747045,
        "500" : 0.010000,
        "750" : 0.010000,
        "1000" : 0.010000
      },
      "latency_ms" : {
        "2" : 0.033405,
        "4" : 0.000000,
        "10" : 0.000000,
        "20" : 0.000000,
        "50" : 0.000000,
        "100" : 0.000000,
        "250" : 0.000000,
        "500" : 0.000000,
        "750" : 0.000000,
        "1000" : 0.000000,
        "2000" : 0.000000,
        ">=2000" : 0.000000
      },
      "latency_depth" : 1,
      "latency_target" : 0,
      "latency_percentile" : 100.000000,
      "latency_window" : 0,
      "steadystate" : {
        "ss" : "iops:10.000000%",
        "duration" : 10,
        "attained" : 1,
        "criterion" : "3.540885%",
        "max_deviation" : 507.600000,
        "slope" : 0.000000,
        "data" : {
          "bw_mean" : 58719487,
          "iops_mean" : 14335,
          "iops" : [
            14682,
            14401,
            14461,
            14504,
            14650,
            14843,
            14110,
            13956,
            13901,
            13846
          ],