{
  "fio version" : "fio-3.33",
  "timestamp" : 1687919944,
  "timestamp_ms" : 1687919944782,
  "time" : "Wed Jun 28 02:39:04 2023",
  "jobs" : [
    {
      "jobname" : "FIOJOB",
      "groupid" : 0,
      "error" : 0,
      "eta" : 0,
      "elapsed" : 13,
      "job options" : {
        "ioengine" : "io_uring",
        "rw" : "randrw",
        "bs" : "4k",
        "iodepth" : "64",
        "numjobs" : "1",
        "rwmixread" : "95",
        "runtime" : "60",
        "loops" : "1",
        "direct" : "1",
        "steadystate" : "iops:10%%",
        "steadystate_duration" : "10",
        "steadystate_ramp_time" : "1",
        "log_avg_msec" : "1000",
        "invalidate" : "1",
        "write_bw_log" : "/home/user/benchmarks/512s/1x/nvme3n1/randrw95/4k/randrw-iodepth-64-numjobs-1",
        "write_lat_log" : "/home/user/benchmarks/512s/1x/nvme3n1/randrw95/4k/randrw-iodepth-64-numjobs-1",
        "write_iops_log" : "/home/user/benchmarks/512s/1x/nvme3n1/randrw95/4k/randrw-iodepth-64-numjobs-1",
        "filename" : "/dev/nvme3n1"
      },
      "read" : {
        "io_bytes" : 8541204480,
        "io_kbytes" : 8341020,
        "bw_bytes" : 718351932,
        "bw" : 701515,
        "iops" : 175378.889823,
        "runtime" : 11890,
        "total_ios" : 2085255,
        "short_ios" : 0,
        "drop_ios" : 0,
        "slat_ns" : {
          "min" : 920,
          "max" : 39850,
          "mean" : 1807.362124,
          "stddev" : 1054.539698,
          "N" : 2085255
        },
        "clat_ns" : {
          "min" : 43900,
          "max" : 4729480,
          "mean" : 361538.704240,
          "stddev" : 249594.518188,
          "N" : 2085255,
          "percentile" : {
            "1.000000" : 84480,
            "5.000000" : 114176,
            "10.000000" : 138240,
            "20.000000" : 183296,
            "30.000000" : 228352,
            "40.000000" : 268288,
            "50.000000" : 305152,
            "60.000000" : 350208,
            "70.000000" : 407552,
            "80.000000" : 489472,
            "90.000000" : 626688,
            "95.000000" : 774144,
            "99.000000" : 1335296,
            "99.500000" : 1777664,
            "99.900000" : 2342912,
            "99.950000" : 2572288,
            "99.990000" : 3129344
          }
        },
        "lat_ns" : {
          "min" : 45270,
          "max" : 4730550,
          "mean" : 363346.066364,
          "stddev" : 249585.888794,
          "N" : 2085255
        },
        "bw_min" : 679391,
        "bw_max" : 719335,
        "bw_agg" : 99.973691,
        "bw_mean" : 701331.363636,
        "bw_dev" : 12448.151463,
        "bw_samples" : 11,
        "iops_min" : 169847,
        "iops_max" : 179833,
        "iops_mean" : 175333.454545,
        "iops_stddev" : 3112.786256,
        "iops_samples" : 11
      },
      "write" : {
        "io_bytes" : 450285568,
        "io_kbytes" : 439732,
        "bw_bytes" : 37870947,
        "bw" : 36983,
        "iops" : 9245.836838,
        "runtime" : 11890,
        "total_ios" : 109933,
        "short_ios" : 0,
        "drop_ios" : 0,
        "slat_ns" : {
          "min" : 1030,
          "max" : 29120,
          "mean" : 2181.476090,
          "stddev" : 1186.779329,
          "N" : 109933
        },
        "clat_ns" : {
          "min" : 160,
          "max" : 897420,
          "mean" : 13953.543340,
          "stddev" : 8432.510775,
          "N" : 109933,
          "percentile" : {
            "1.000000" : 5344,
            "5.000000" : 5984,
            "10.000000" : 6496,
            "20.000000" : 7072,
            "30.000000" : 8160,
            "40.000000" : 9024,
            "50.000000" : 10944,
            "60.000000" : 13376,
            "70.000000" : 17024,
            "80.000000" : 21376,
            "90.000000" : 26496,
            "95.000000" : 28544,
            "99.000000" : 36096,
            "99.500000" : 40704,
            "99.900000" : 51456,
            "99.950000" : 55552,
            "99.990000" : 72192
          }
        },
        "lat_ns" : {
          "min" : 6230,
          "max" : 899380,
          "mean" : 16135.019430,
          "stddev" : 8662.815570,
          "N" : 109933
        },
        "bw_min" : 35947,
        "bw_max" : 38226,
        "bw_agg" : 99.828716,
        "bw_mean" : 36920.545455,
        "bw_dev" : 602.779124,
        "bw_samples" : 11,
        "iops_min" : 8986,
        "iops_max" : 9556,
        "iops_mean" : 9230.000000,
        "iops_stddev" : 150.697047,
        "iops_samples" : 11
      },
      "trim" : {
        "io_bytes" : 0,
        "io_kbytes" : 0,
        "bw_bytes" : 0,
        "bw" : 0,
        "iops" : 0.000000,
        "runtime" : 0,
        "total_ios" : 0,
        "short_ios" : 0,
        "drop_ios" : 0,
        "slat_ns" : {
          "min" : 0,
          "max" : 0,
          "mean" : 0.000000,
          "stddev" : 0.000000,
          "N" : 0
        },
        "clat_ns" : {
          "min" : 0,
          "max" : 0,
          "mean" : 0.000000,
          "stddev" : 0.000000,
          "N" : 0
        },
        "lat_ns" : {
          "min" : 0,
          "max" : 0,
          "mean" : 0.000000,
          "stddev" : 0.000000,
          "N" : 0
        },
        "bw_min" : 0,
        "bw_max" : 0,
        "bw_agg" : 0.000000,
        "bw_mean" : 0.000000,
        "bw_dev" : 0.000000,
        "bw_samples" : 0,
        "iops_min" : 0,
        "iops_max" : 0,
        "iops_mean" : 0.000000,
        "iops_stddev" : 0.000000,
        "iops_samples" : 0
      },
      "sync" : {
        "total_ios" : 0,
        "lat_ns" : {
          "min" : 0,
          "max" : 0,
          "mean" : 0.000000,
          "stddev" : 0.000000,
          "N" : 0
        }
      },
      "job_runtime" : 11889,
      "usr_cpu" : 21.313819,
      "sys_cpu" : 39.322062,
      "ctx" : 547358,
      "majf" : 0,
      "minf" : 40,
      "iodepth_level" : {
        "1" : 0.100000,
        "2" : 0.100000,
        "4" : 0.100000,
        "8" : 0.100000,
        "16" : 0.100000,
        "32" : 0.100000,
        ">=64" : 99.997130
      },
      "iodepth_submit" : {
        "0" : 0.000000,
        "4" : 100.000000,
        "8" : 0.000000,
        "16" : 0.000000,
        "32" : 0.000000,
        "64" : 0.000000,
        ">=64" : 0.000000
      },
      "iodepth_complete" : {
        "0" : 0.000000,
        "4" : 99.999954,
        "8" : 0.000000,
        "16" : 0.000000,
        "32" : 0.000000,
        "64" : 0.100000,
        ">=64" : 0.000000
      },
      "latency_ns" : {
        "2" : 0.000000,
        "4" : 0.000000,
        "10" : 0.000000,
        "20" : 0.000000,
        "50" : 0.000000,
        "100" : 0.000000,
        "250" : 0.010000,
        "500" : 0.010000,
        "750" : 0.010000,
        "1000" : 0.000000
      },
      "latency_us" : {
        "2" : 0.000000,
        "4" : 0.010000,
        "10" : 2.282675,
        "20" : 1.559411,
        "50" : 1.159582,
        "100" : 2.732568,
        "250" : 30.693453,
        "500" : 43.499190,
        "750" : 12.862543,
        "1000" : 3.230156
      },
      "latency_ms" : {
        "2" : 1.701403,
        "4" : 0.277653,
        "10" : 0.010000,
        "20" : 0.000000,
        "50" : 0.000000,
        "100" : 0.000000,
        "250" : 0.000000,
        "500" : 0.000000,
        "750" : 0.000000,
        "1000" : 0.000000,
        "2000" : 0.000000,
        ">=2000" : 0.000000
      },
      "latency_depth" : 64,
      "latency_target" : 0,
      "latency_percentile" : 100.000000,
      "latency_window" : 0,
      "steadystate" : {
        "ss" : "iops:10.000000%",
        "duration" : 10,
        "attained" : 1,
        "criterion" : "2.108114%",
        "max_deviation" : 3890.600000,
        "slope" : 0.000000,
        "data" : {
          "bw_mean" : 755933010,
          "iops_mean" : 184553,