{
  "fio version" : "fio-3.33",
  "timestamp" : 1687918762,
  "timestamp_ms" : 1687918762475,
  "time" : "Wed Jun 28 02:19:22 2023",
  "jobs" : [
    {
      "jobname" : "FIOJOB",
      "groupid" : 0,
      "error" : 0,
      "eta" : 0,
      "elapsed" : 13,
      "job options" : {
        "ioengine" : "io_uring",
        "rw" : "randrw",
        "bs" : "4k",
        "iodepth" : "32",
        "numjobs" : "2",
        "rwmixread" : "95",
        "runtime" : "60",
        "loops" : "1",
        "direct" : "1",
        "steadystate" : "iops:10%%",
        "steadystate_duration" : "10",
        "steadystate_ramp_time" : "1",
        "log_avg_msec" : "1000",
        "invalidate" : "1",
        "write_bw_log" : "/home/user/benchmarks/512s/1x/nvme3n1/randrw95/4k/randrw-iodepth-32-numjobs-2",
        "write_lat_log" : "/home/user/benchmarks/512s/1x/nvme3n1/randrw95/4k/randrw-iodepth-32-numjobs-2",
        "write_iops_log" : "/home/user/benchmarks/512s/1x/nvme3n1/randrw95/4k/randrw-iodepth-32-numjobs-2",
        "filename" : "/dev/nvme3n1"
      },
      "read" : {
        "io_bytes" : 5006073856,
        "io_kbytes" : 4888744,
        "bw_bytes" : 421032283,
        "bw" : 411164,
        "iops" : 102791.084945,
        "runtime" : 11890,
        "total_ios" : 1222186,
        "short_ios" : 0,
        "drop_ios" : 0,
        "slat_ns" : {
          "min" : 900,
          "max" : 72180,
          "mean" : 2914.463512,
          "stddev" : 1339.031864,
          "N" : 1222186
        },
        "clat_ns" : {
          "min" : 47870,
          "max" : 4480470,
          "mean" : 306326.580861,
          "stddev" : 203030.095836,
          "N" : 1222186,
          "percentile" : {
            "1.000000" : 96768,
            "5.000000" : 129536,
            "10.000000" : 144384,
            "20.000000" : 166912,
            "30.000000" : 195584,
            "40.000000" : 230400,
            "50.000000" : 264192,
            "60.000000" : 301056,
            "70.000000" : 337920,
            "80.000000" : 395264,
            "90.000000" : 497664,
            "95.000000" : 610304,
            "99.000000" : 1155072,
            "99.500000" : 1581056,
            "99.900000" : 2088960,
            "99.950000" : 2244608,
            "99.990000" : 2736128
          }
        },
        "lat_ns" : {
          "min" : 50130,
          "max" : 4482150,
          "mean" : 309241.044373,
          "stddev" : 203009.096374,
          "N" : 1222186
        },
        "bw_min" : 396108,
        "bw_max" : 417409,
        "bw_agg" : 51.190753,
        "bw_mean" : 411305.818182,
        "bw_dev" : 5614.459704,
        "bw_samples" : 11,
        "iops_min" : 99027,
        "iops_max" : 104352,
        "iops_mean" : 102826.818182,
        "iops_stddev" : 1403.594088,
        "iops_samples" : 11
      },
      "write" : {
        "io_bytes" : 263626752,
        "io_kbytes" : 257448,
        "bw_bytes" : 22172140,
        "bw" : 21652,
        "iops" : 5413.120269,
        "runtime" : 11890,
        "total_ios" : 64362,
        "short_ios" : 0,
        "drop_ios" : 0,
        "slat_ns" : {
          "min" : 1080,
          "max" : 64600,
          "mean" : 3442.194292,
          "stddev" : 1502.608094,
          "N" : 64362
        },
        "clat_ns" : {
          "min" : 260,
          "max" : 90840,
          "mean" : 15323.612209,
          "stddev" : 7961.886549,
          "N" : 64362,
          "percentile" : {
            "1.000000" : 6176,
            "5.000000" : 7200,
            "10.000000" : 8096,
            "20.000000" : 9280,
            "30.000000" : 10048,
            "40.000000" : 10560,
            "50.000000" : 12480,
            "60.000000" : 14912,
            "70.000000" : 17280,
            "80.000000" : 20864,
            "90.000000" : 27264,
            "95.000000" : 32640,
            "99.000000" : 39168,
            "99.500000" : 43264,
            "99.900000" : 52992,
            "99.950000" : 58112,
            "99.990000" : 74240
          }
        },
        "lat_ns" : {
          "min" : 6370,
          "max" : 106170,
          "mean" : 18765.806501,
          "stddev" : 8319.595472,
          "N" : 64362
        },
        "bw_min" : 21109,
        "bw_max" : 22190,
        "bw_agg" : 51.190761,
        "bw_mean" : 21693.545455,
        "bw_dev" : 312.416505,
        "bw_samples" : 11,
        "iops_min" : 5277,
        "iops_max" : 5547,
        "iops_mean" : 5423.181818,
        "iops_stddev" : 78.088179,
        "iops_samples" : 11
      },
      "trim" : {
        "io_bytes" : 0,
        "io_kbytes" : 0,
        "bw_bytes" : 0,
        "bw" : 0,
        "iops" : 0.000000,
        "runtime" : 0,
        "total_ios" : 0,
        "short_ios" : 0,
        "drop_ios" : 0,
        "slat_ns" : {
          "min" : 0,
          "max" : 0,
          "mean" : 0.000000,
          "stddev" : 0.000000,
          "N" : 0
        },
        "clat_ns" : {
          "min" : 0,
          "max" : 0,
          "mean" : 0.000000,
          "stddev" : 0.000000,
          "N" : 0
        },
        "lat_ns" : {
          "min" : 0,
          "max" : 0,
          "mean" : 0.000000,
          "stddev" : 0.000000,
          "N" : 0
        },
        "bw_min" : 0,
        "bw_max" : 0,
        "bw_agg" : 0.000000,
        "bw_mean" : 0.000000,
        "bw_dev" : 0.000000,
        "bw_samples" : 0,
        "iops_min" : 0,
        "iops_max" : 0,
        "iops_mean" : 0.000000,
        "iops_stddev" : 0.000000,
        "iops_samples" : 0
      },
      "sync" : {
        "total_ios" : 0,
        "lat_ns" : {
          "min" : 0,
          "max" : 0,
          "mean" : 0.000000,
          "stddev" : 0.000000,
          "N" : 0
        }
      },
      "job_runtime" : 11889,
      "usr_cpu" : 18.664312,
      "sys_cpu" : 42.905206,
      "ctx" : 375168,
      "majf" : 0,
      "minf" : 42,
      "iodepth_level" : {
        "1" : 0.100000,
        "2" : 0.100000,
        "4" : 0.100000,
        "8" : 0.100000,
        "16" : 0.100000,
        "32" : 99.997590,
        ">=64" : 0.000000
      },
      "iodepth_submit" : {
        "0" : 0.000000,
        "4" : 100.000000,
        "8" : 0.000000,
        "16" : 0.000000,
        "32" : 0.000000,
        "64" : 0.000000,
        ">=64" : 0.000000
      },
      "iodepth_complete" : {
        "0" : 0.000000,
        "4" : 99.999922,
        "8" : 0.000000,
        "16" : 0.000000,
        "32" : 0.100000,
        "64" : 0.000000,
        ">=64" : 0.000000
      },
      "latency_ns" : {
        "2" : 0.000000,
        "4" : 0.000000,
        "10" : 0.000000,
        "20" : 0.000000,
        "50" : 0.000000,
        "100" : 0.000000,
        "250" : 0.000000,
        "500" : 0.010000,
        "750" : 0.000000,
        "1000" : 0.000000
      },
      "latency_us" : {
        "2" : 0.010000,
        "4" : 0.010000,
        "10" : 1.464539,
        "20" : 2.439785,
        "50" : 1.090204,
        "100" : 1.166299,
        "250" : 42.010248,
        "500" : 42.573616,
        "750" : 6.792129,
        "1000" : 1.232134
      },
      "latency_ms" : {
        "2" : 1.099298,
        "4" : 0.130349,
        "10" : 0.010000,
        "20" : 0.000000,
        "50" : 0.000000,
        "100" : 0.000000,
        "250" : 0.000000,
        "500" : 0.000000,
        "750" : 0.000000,
        "1000" : 0.000000,
        "2000" : 0.000000,
        ">=2000" : 0.000000
      },
      "latency_depth" : 32,
      "latency_target" : 0,
      "latency_percentile" : 100.000000,
      "latency_window" : 0,
      "steadystate" : {
        "ss" : "iops:10.000000%",
        "duration" : 10,
        "attained" : 1,
        "criterion" : "1.240236%",
        "max_deviation" : 1347.900000,
        "slope" : 0.000000,
        "data" : {
          "bw_mean" : 445158044,
          "iops_mean" : 108680,