{
  "fio version" : "fio-3.33",
  "timestamp" : 1687918699,
  "timestamp_ms" : 1687918699537,
  "time" : "Wed Jun 28 02:18:19 2023",
  "jobs" : [
    {
      "jobname" : "FIOJOB",
      "groupid" : 0,
      "error" : 0,
      "eta" : 0,
      "elapsed" : 13,
      "job options" : {
        "ioengine" : "io_uring",
        "rw" : "randrw",
        "bs" : "4k",
        "iodepth" : "32",
        "numjobs" : "1",
        "rwmixread" : "95",
        "runtime" : "60",
        "loops" : "1",
        "direct" : "1",
        "steadystate" : "iops:10%%",
        "steadystate_duration" : "10",
        "steadystate_ramp_time" : "1",
        "log_avg_msec" : "1000",
        "invalidate" : "1",
        "write_bw_log" : "/home/user/benchmarks/512s/1x/nvme3n1/randrw95/4k/randrw-iodepth-32-numjobs-1",
        "write_lat_log" : "/home/user/benchmarks/512s/1x/nvme3n1/randrw95/4k/randrw-iodepth-32-numjobs-1",
        "write_iops_log" : "/home/user/benchmarks/512s/1x/nvme3n1/randrw95/4k/randrw-iodepth-32-numjobs-1",
        "filename" : "/dev/nvme3n1"
      },
      "read" : {
        "io_bytes" : 5638438912,
        "io_kbytes" : 5506288,
        "bw_bytes" : 474216897,
        "bw" : 463102,
        "iops" : 115775.609756,
        "runtime" : 11890,
        "total_ios" : 1376572,
        "short_ios" : 0,
        "drop_ios" : 0,
        "slat_ns" : {
          "min" : 920,
          "max" : 35290,
          "mean" : 1899.914097,
          "stddev" : 944.612636,
          "N" : 1376572
        },
        "clat_ns" : {
          "min" : 42190,
          "max" : 4109629,
          "mean" : 272989.490598,
          "stddev" : 181517.454892,
          "N" : 1376572,
          "percentile" : {
            "1.000000" : 71168,
            "5.000000" : 83456,
            "10.000000" : 97792,
            "20.000000" : 129536,
            "30.000000" : 166912,
            "40.000000" : 207872,
            "50.000000" : 242688,
            "60.000000" : 276480,
            "70.000000" : 317440,
            "80.000000" : 374784,
            "90.000000" : 468992,
            "95.000000" : 569344,
            "99.000000" : 847872,
            "99.500000" : 1171456,
            "99.900000" : 1925120,
            "99.950000" : 2072576,
            "99.990000" : 2408448
          }
        },
        "lat_ns" : {
          "min" : 44090,
          "max" : 4110709,
          "mean" : 274889.404696,
          "stddev" : 181511.123322,
          "N" : 1376572
        },
        "bw_min" : 439023,
        "bw_max" : 478230,
        "bw_agg" : 100.000000,
        "bw_mean" : 463721.727273,
        "bw_dev" : 10104.793794,
        "bw_samples" : 11,
        "iops_min" : 109752,
        "iops_max" : 119557,
        "iops_mean" : 115930.272727,
        "iops_stddev" : 2527.064902,
        "iops_samples" : 11
      },
      "write" : {
        "io_bytes" : 296472576,
        "io_kbytes" : 289524,
        "bw_bytes" : 24934615,
        "bw" : 24350,
        "iops" : 6087.552565,
        "runtime" : 11890,
        "total_ios" : 72381,
        "short_ios" : 0,
        "drop_ios" : 0,
        "slat_ns" : {
          "min" : 1030,
          "max" : 27250,
          "mean" : 2305.308727,
          "stddev" : 1053.759162,
          "N" : 72381
        },
        "clat_ns" : {
          "min" : 160,
          "max" : 90990,
          "mean" : 11167.308921,
          "stddev" : 6314.710350,
          "N" : 72381,
          "percentile" : {
            "1.000000" : 5280,
            "5.000000" : 5984,
            "10.000000" : 6432,
            "20.000000" : 6816,
            "30.000000" : 7584,
            "40.000000" : 8256,
            "50.000000" : 8512,
            "60.000000" : 9664,
            "70.000000" : 11328,
            "80.000000" : 13888,
            "90.000000" : 20352,
            "95.000000" : 27520,
            "99.000000" : 31616,
            "99.500000" : 33024,
            "99.900000" : 39680,
            "99.950000" : 43264,
            "99.990000" : 51968
          }
        },
        "lat_ns" : {
          "min" : 6090,
          "max" : 93020,
          "mean" : 13472.617648,
          "stddev" : 6580.068582,
          "N" : 72381
        },
        "bw_min" : 23335,
        "bw_max" : 25204,
        "bw_agg" : 100.000000,
        "bw_mean" : 24396.000000,
        "bw_dev" : 556.625727,
        "bw_samples" : 11,
        "iops_min" : 5833,
        "iops_max" : 6301,
        "iops_mean" : 6098.909091,
        "iops_stddev" : 139.266977,
        "iops_samples" : 11
      },
      "trim" : {
        "io_bytes" : 0,
        "io_kbytes" : 0,
        "bw_bytes" : 0,
        "bw" : 0,
        "iops" : 0.000000,
        "runtime" : 0,
        "total_ios" : 0,
        "short_ios" : 0,
        "drop_ios" : 0,
        "slat_ns" : {
          "min" : 0,
          "max" : 0,
          "mean" : 0.000000,
          "stddev" : 0.000000,
          "N" : 0
        },
        "clat_ns" : {
          "min" : 0,
          "max" : 0,
          "mean" : 0.000000,
          "stddev" : 0.000000,
          "N" : 0
        },
        "lat_ns" : {
          "min" : 0,
          "max" : 0,
          "mean" : 0.000000,
          "stddev" : 0.000000,
          "N" : 0
        },
        "bw_min" : 0,
        "bw_max" : 0,
        "bw_agg" : 0.000000,
        "bw_mean" : 0.000000,
        "bw_dev" : 0.000000,
        "bw_samples" : 0,
        "iops_min" : 0,
        "iops_max" : 0,
        "iops_mean" : 0.000000,
        "iops_stddev" : 0.000000,
        "iops_samples" : 0
      },
      "sync" : {
        "total_ios" : 0,
        "lat_ns" : {
          "min" : 0,
          "max" : 0,
          "mean" : 0.000000,
          "stddev" : 0.000000,
          "N" : 0
        }
      },
      "job_runtime" : 11889,
      "usr_cpu" : 15.712003,
      "sys_cpu" : 32.197830,
      "ctx" : 566899,
      "majf" : 0,
      "minf" : 40,
      "iodepth_level" : {
        "1" : 0.100000,
        "2" : 0.100000,
        "4" : 0.100000,
        "8" : 0.100000,
        "16" : 0.100000,
        "32" : 99.997861,
        ">=64" : 0.000000
      },
      "iodepth_submit" : {
        "0" : 0.000000,
        "4" : 100.000000,
        "8" : 0.000000,
        "16" : 0.000000,
        "32" : 0.000000,
        "64" : 0.000000,
        ">=64" : 0.000000
      },
      "iodepth_complete" : {
        "0" : 0.000000,
        "4" : 99.999931,
        "8" : 0.000000,
        "16" : 0.000000,
        "32" : 0.100000,
        "64" : 0.000000,
        ">=64" : 0.000000
      },
      "latency_ns" : {
        "2" : 0.000000,
        "4" : 0.000000,
        "10" : 0.000000,
        "20" : 0.000000,
        "50" : 0.000000,
        "100" : 0.000000,
        "250" : 0.010000,
        "500" : 0.010000,
        "750" : 0.000000,
        "1000" : 0.000000
      },
      "latency_us" : {
        "2" : 0.000000,
        "4" : 0.010000,
        "10" : 3.130122,
        "20" : 1.351252,
        "50" : 0.518098,
        "100" : 10.069064,
        "250" : 39.637518,
        "500" : 37.683624,
        "750" : 6.096264,
        "1000" : 0.907069
      },
      "latency_ms" : {
        "2" : 0.536594,
        "4" : 0.069567,
        "10" : 0.010000,
        "20" : 0.000000,
        "50" : 0.000000,
        "100" : 0.000000,
        "250" : 0.000000,
        "500" : 0.000000,
        "750" : 0.000000,
        "1000" : 0.000000,
        "2000" : 0.000000,
        ">=2000" : 0.000000
      },
      "latency_depth" : 32,
      "latency_target" : 0,
      "latency_percentile" : 100.000000,
      "latency_window" : 0,
      "steadystate" : {
        "ss" : "iops:10.000000%",
        "duration" : 10,
        "attained" : 1,
        "criterion" : "2.820248%",
        "max_deviation" : 3456.400000,
        "slope" : 0.000000,
        "data" : {
          "bw_mean" : 501993274,
          "iops_mean" : 122556,