{
  "fio version" : "fio-3.33",
  "timestamp" : 1687920006,
  "timestamp_ms" : 1687920006718,
  "time" : "Wed Jun 28 02:40:06 2023",
  "jobs" : [
    {
      "jobname" : "FIOJOB",
      "groupid" : 0,
      "error" : 0,
      "eta" : 0,
      "elapsed" : 13,
      "job options" : {
        "ioengine" : "io_uring",
        "rw" : "randrw",
        "bs" : "4k",
        "iodepth" : "64",
        "numjobs" : "2",
        "rwmixread" : "95",
        "runtime" : "60",
        "loops" : "1",
        "direct" : "1",
        "steadystate" : "iops:10%%",
        "steadystate_duration" : "10",
        "steadystate_ramp_time" : "1",
        "log_avg_msec" : "1000",
        "invalidate" : "1",
        "write_bw_log" : "/home/user/benchmarks/512s/1x/nvme3n1/randrw95/4k/randrw-iodepth-64-numjobs-2",
        "write_lat_log" : "/home/user/benchmarks/512s/1x/nvme3n1/randrw95/4k/randrw-iodepth-64-numjobs-2",
        "write_iops_log" : "/home/user/benchmarks/512s/1x/nvme3n1/randrw95/4k/randrw-iodepth-64-numjobs-2",
        "filename" : "/dev/nvme3n1"
      },
      "read" : {
        "io_bytes" : 7794921472,
        "io_kbytes" : 7612228,
        "bw_bytes" : 655586330,
        "bw" : 640221,
        "iops" : 160055.256518,
        "runtime" : 11890,
        "total_ios" : 1903057,
        "short_ios" : 0,
        "drop_ios" : 0,
        "slat_ns" : {
          "min" : 890,
          "max" : 43320,
          "mean" : 1515.113765,
          "stddev" : 834.562885,
          "N" : 1903057
        },
        "clat_ns" : {
          "min" : 67160,
          "max" : 6474300,
          "mean" : 397078.745028,
          "stddev" : 294671.964844,
          "N" : 1903057,
          "percentile" : {
            "1.000000" : 105984,
            "5.000000" : 124416,
            "10.000000" : 144384,
            "20.000000" : 191488,
            "30.000000" : 238592,
            "40.000000" : 276480,
            "50.000000" : 317440,
            "60.000000" : 366592,
            "70.000000" : 440320,
            "80.000000" : 536576,
            "90.000000" : 708608,
            "95.000000" : 913408,
            "99.000000" : 1679360,
            "99.500000" : 1957888,
            "99.900000" : 2441216,
            "99.950000" : 2670592,
            "99.990000" : 3325952
          }
        },
        "lat_ns" : {
          "min" : 69200,
          "max" : 6475260,
          "mean" : 398593.858792,
          "stddev" : 294665.152651,
          "N" : 1903057
        },
        "bw_min" : 609496,
        "bw_max" : 658402,
        "bw_agg" : 51.680492,
        "bw_mean" : 643276.000000,
        "bw_dev" : 13721.485452,
        "bw_samples" : 11,
        "iops_min" : 152373,
        "iops_max" : 164599,
        "iops_mean" : 160819.272727,
        "iops_stddev" : 3430.356602,
        "iops_samples" : 11
      },
      "write" : {
        "io_bytes" : 410451968,
        "io_kbytes" : 400832,
        "bw_bytes" : 34520771,
        "bw" : 33711,
        "iops" : 8427.922624,
        "runtime" : 11890,
        "total_ios" : 100208,
        "short_ios" : 0,
        "drop_ios" : 0,
        "slat_ns" : {
          "min" : 1029,
          "max" : 30780,
          "mean" : 1850.647813,
          "stddev" : 941.323797,
          "N" : 100208
        },
        "clat_ns" : {
          "min" : 269,
          "max" : 125850,
          "mean" : 10661.129600,
          "stddev" : 6220.969095,
          "N" : 100208,
          "percentile" : {
            "1.000000" : 5216,
            "5.000000" : 5664,
            "10.000000" : 6112,
            "20.000000" : 6688,
            "30.000000" : 6880,
            "40.000000" : 7264,
            "50.000000" : 8096,
            "60.000000" : 9152,
            "70.000000" : 10432,
            "80.000000" : 13504,
            "90.000000" : 21376,
            "95.000000" : 25984,
            "99.000000" : 29056,
            "99.500000" : 30592,
            "99.900000" : 38144,
            "99.950000" : 42752,
            "99.990000" : 54016
          }
        },
        "lat_ns" : {
          "min" : 6230,
          "max" : 130100,
          "mean" : 12511.777413,
          "stddev" : 6366.485907,
          "N" : 100208
        },
        "bw_min" : 32136,
        "bw_max" : 34858,
        "bw_agg" : 51.610657,
        "bw_mean" : 33846.181818,
        "bw_dev" : 815.380257,
        "bw_samples" : 11,
        "iops_min" : 8034,
        "iops_max" : 8714,
        "iops_mean" : 8461.363636,
        "iops_stddev" : 203.732802,
        "iops_samples" : 11
      },
      "trim" : {
        "io_bytes" : 0,
        "io_kbytes" : 0,
        "bw_bytes" : 0,
        "bw" : 0,
        "iops" : 0.000000,
        "runtime" : 0,
        "total_ios" : 0,
        "short_ios" : 0,
        "drop_ios" : 0,
        "slat_ns" : {
          "min" : 0,
          "max" : 0,
          "mean" : 0.000000,
          "stddev" : 0.000000,
          "N" : 0
        },
        "clat_ns" : {
          "min" : 0,
          "max" : 0,
          "mean" : 0.000000,
          "stddev" : 0.000000,
          "N" : 0
        },
        "lat_ns" : {
          "min" : 0,
          "max" : 0,
          "mean" : 0.000000,
          "stddev" : 0.000000,
          "N" : 0
        },
        "bw_min" : 0,
        "bw_max" : 0,
        "bw_agg" : 0.000000,
        "bw_mean" : 0.000000,
        "bw_dev" : 0.000000,
        "bw_samples" : 0,
        "iops_min" : 0,
        "iops_max" : 0,
        "iops_mean" : 0.000000,
        "iops_stddev" : 0.000000,
        "iops_samples" : 0
      },
      "sync" : {
        "total_ios" : 0,
        "lat_ns" : {
          "min" : 0,
          "max" : 0,
          "mean" : 0.000000,
          "stddev" : 0.000000,
          "N" : 0
        }
      },
      "job_runtime" : 11889,
      "usr_cpu" : 14.803600,
      "sys_cpu" : 34.931449,
      "ctx" : 734656,
      "majf" : 0,
      "minf" : 41,
      "iodepth_level" : {
        "1" : 0.100000,
        "2" : 0.100000,
        "4" : 0.100000,
        "8" : 0.100000,
        "16" : 0.100000,
        "32" : 0.100000,
        ">=64" : 99.996855
      },
      "iodepth_submit" : {
        "0" : 0.000000,
        "4" : 100.000000,
        "8" : 0.000000,
        "16" : 0.000000,
        "32" : 0.000000,
        "64" : 0.000000,
        ">=64" : 0.000000
      },
      "iodepth_complete" : {
        "0" : 0.000000,
        "4" : 99.999950,
        "8" : 0.000000,
        "16" : 0.000000,
        "32" : 0.000000,
        "64" : 0.100000,
        ">=64" : 0.000000
      },
      "latency_ns" : {
        "2" : 0.000000,
        "4" : 0.000000,
        "10" : 0.000000,
        "20" : 0.000000,
        "50" : 0.000000,
        "100" : 0.000000,
        "250" : 0.000000,
        "500" : 0.010000,
        "750" : 0.000000,
        "1000" : 0.000000
      },
      "latency_us" : {
        "2" : 0.010000,
        "4" : 0.010000,
        "10" : 3.373493,
        "20" : 1.056475,
        "50" : 0.570319,
        "100" : 0.402293,
        "250" : 30.661196,
        "500" : 41.764819,
        "750" : 14.015370,
        "1000" : 4.505744
      },
      "latency_ms" : {
        "2" : 3.237964,
        "4" : 0.409781,
        "10" : 0.010000,
        "20" : 0.000000,
        "50" : 0.000000,
        "100" : 0.000000,
        "250" : 0.000000,
        "500" : 0.000000,
        "750" : 0.000000,
        "1000" : 0.000000,
        "2000" : 0.000000,
        ">=2000" : 0.000000
      },
      "latency_depth" : 64,
      "latency_target" : 0,
      "latency_percentile" : 100.000000,
      "latency_window" : 0,
      "steadystate" : {
        "ss" : "iops:10.000000%",
        "duration" : 10,
        "attained" : 1,
        "criterion" : "4.733862%",
        "max_deviation" : 8014.400000,
        "slope" : 0.000000,
        "data" : {
          "bw_mean" : 693451259,
          "iops_mean" : 169299,