{
  "fio version" : "fio-3.33",
  "timestamp" : 1687915809,
  "timestamp_ms" : 1687915809042,
  "time" : "Wed Jun 28 01:30:09 2023",
  "jobs" : [
    {
      "jobname" : "FIOJOB",
      "groupid" : 0,
      "error" : 0,
      "eta" : 0,
      "elapsed" : 13,
      "job options" : {
        "ioengine" : "io_uring",
        "rw" : "randrw",
        "bs" : "4k",
        "iodepth" : "4",
        "numjobs" : "2",
        "rwmixread" : "95",
        "runtime" : "60",
        "loops" : "1",
        "direct" : "1",
        "steadystate" : "iops:10%%",
        "steadystate_duration" : "10",
        "steadystate_ramp_time" : "1",
        "log_avg_msec" : "1000",
        "invalidate" : "1",
        "write_bw_log" : "/home/user/benchmarks/512s/1x/nvme3n1/randrw95/4k/randrw-iodepth-4-numjobs-2",
        "write_lat_log" : "/home/user/benchmarks/512s/1x/nvme3n1/randrw95/4k/randrw-iodepth-4-numjobs-2",
        "write_iops_log" : "/home/user/benchmarks/512s/1x/nvme3n1/randrw95/4k/randrw-iodepth-4-numjobs-2",
        "filename" : "/dev/nvme3n1"
      },
      "read" : {
        "io_bytes" : 1734832128,
        "io_kbytes" : 1694172,
        "bw_bytes" : 145919095,
        "bw" : 142499,
        "iops" : 35624.779208,
        "runtime" : 11889,
        "total_ios" : 423543,
        "short_ios" : 0,
        "drop_ios" : 0,
        "slat_ns" : {
          "min" : 900,
          "max" : 30220,
          "mean" : 2456.546948,
          "stddev" : 678.738997,
          "N" : 423543
        },
        "clat_ns" : {
          "min" : 42790,
          "max" : 2133010,
          "mean" : 108125.392241,
          "stddev" : 77068.955587,
          "N" : 423543,
          "percentile" : {
            "1.000000" : 62208,
            "5.000000" : 64256,
            "10.000000" : 66048,
            "20.000000" : 69120,
            "30.000000" : 76288,
            "40.000000" : 80384,
            "50.000000" : 91648,
            "60.000000" : 101888,
            "70.000000" : 115200,
            "80.000000" : 136192,
            "90.000000" : 168960,
            "95.000000" : 199680,
            "99.000000" : 264192,
            "99.500000" : 305152,
            "99.900000" : 1499136,
            "99.950000" : 1695744,
            "99.990000" : 1957888
          }
        },
        "lat_ns" : {
          "min" : 44500,
          "max" : 2135610,
          "mean" : 110581.939189,
          "stddev" : 77055.996450,
          "N" : 423543
        },
        "bw_min" : 139491,
        "bw_max" : 147496,
        "bw_agg" : 50.394696,
        "bw_mean" : 142821.454545,
        "bw_dev" : 2806.148192,
        "bw_samples" : 11,
        "iops_min" : 34872,
        "iops_max" : 36874,
        "iops_mean" : 35705.454545,
        "iops_stddev" : 701.918708,
        "iops_samples" : 11
      },
      "write" : {
        "io_bytes" : 91353088,
        "io_kbytes" : 89212,
        "bw_bytes" : 7683832,
        "bw" : 7503,
        "iops" : 1875.935739,
        "runtime" : 11889,
        "total_ios" : 22303,
        "short_ios" : 0,
        "drop_ios" : 0,
        "slat_ns" : {
          "min" : 1160,
          "max" : 18170,
          "mean" : 2910.772273,
          "stddev" : 753.423972,
          "N" : 22303
        },
        "clat_ns" : {
          "min" : 770,
          "max" : 47369,
          "mean" : 10438.125050,
          "stddev" : 2505.815083,
          "N" : 22303,
          "percentile" : {
            "1.000000" : 6048,
            "5.000000" : 7200,
            "10.000000" : 7968,
            "20.000000" : 8160,
            "30.000000" : 8512,
            "40.000000" : 9792,
            "50.000000" : 10304,
            "60.000000" : 11200,
            "70.000000" : 11456,
            "80.000000" : 11712,
            "90.000000" : 12864,
            "95.000000" : 15552,
            "99.000000" : 17536,
            "99.500000" : 19072,
            "99.900000" : 24192,
            "99.950000" : 27008,
            "99.990000" : 32128
          }
        },
        "lat_ns" : {
          "min" : 6860,
          "max" : 51369,
          "mean" : 13348.897323,
          "stddev" : 2784.610838,
          "N" : 22303
        },
        "bw_min" : 7116,
        "bw_max" : 8040,
        "bw_agg" : 50.342799,
        "bw_mean" : 7533.545455,
        "bw_dev" : 319.728123,
        "bw_samples" : 11,
        "iops_min" : 1779,
        "iops_max" : 2010,
        "iops_mean" : 1882.909091,
        "iops_stddev" : 79.983066,
        "iops_samples" : 11
      },
      "trim" : {
        "io_bytes" : 0,
        "io_kbytes" : 0,
        "bw_bytes" : 0,
        "bw" : 0,
        "iops" : 0.000000,
        "runtime" : 0,
        "total_ios" : 0,
        "short_ios" : 0,
        "drop_ios" : 0,
        "slat_ns" : {
          "min" : 0,
          "max" : 0,
          "mean" : 0.000000,
          "stddev" : 0.000000,
          "N" : 0
        },
        "clat_ns" : {
          "min" : 0,
          "max" : 0,
          "mean" : 0.000000,
          "stddev" : 0.000000,
          "N" : 0
        },
        "lat_ns" : {
          "min" : 0,
          "max" : 0,
          "mean" : 0.000000,
          "stddev" : 0.000000,
          "N" : 0
        },
        "bw_min" : 0,
        "bw_max" : 0,
        "bw_agg" : 0.000000,
        "bw_mean" : 0.000000,
        "bw_dev" : 0.000000,
        "bw_samples" : 0,
        "iops_min" : 0,
        "iops_max" : 0,
        "iops_mean" : 0.000000,
        "iops_stddev" : 0.000000,
        "iops_samples" : 0
      },
      "sync" : {
        "total_ios" : 0,
        "lat_ns" : {
          "min" : 0,
          "max" : 0,
          "mean" : 0.000000,
          "stddev" : 0.000000,
          "N" : 0
        }
      },
      "job_runtime" : 11888,
      "usr_cpu" : 6.779946,
      "sys_cpu" : 17.833109,
      "ctx" : 351836,
      "majf" : 0,
      "minf" : 42,
      "iodepth_level" : {
        "1" : 0.100000,
        "2" : 0.100000,
        "4" : 99.999327,
        "8" : 0.000000,
        "16" : 0.000000,
        "32" : 0.000000,
        ">=64" : 0.000000
      },
      "iodepth_submit" : {
        "0" : 0.000000,
        "4" : 100.000000,
        "8" : 0.000000,
        "16" : 0.000000,
        "32" : 0.000000,
        "64" : 0.000000,
        ">=64" : 0.000000
      },
      "iodepth_complete" : {
        "0" : 0.000000,
        "4" : 100.000000,
        "8" : 0.000000,
        "16" : 0.000000,
        "32" : 0.000000,
        "64" : 0.000000,
        ">=64" : 0.000000
      },
      "latency_ns" : {
        "2" : 0.000000,
        "4" : 0.000000,
        "10" : 0.000000,
        "20" : 0.000000,
        "50" : 0.000000,
        "100" : 0.000000,
        "250" : 0.000000,
        "500" : 0.000000,
        "750" : 0.000000,
        "1000" : 0.010000
      },
      "latency_us" : {
        "2" : 0.000000,
        "4" : 0.000000,
        "10" : 2.360456,
        "20" : 2.622430,
        "50" : 0.204555,
        "100" : 55.611579,
        "250" : 37.909502,
        "500" : 1.058213,
        "750" : 0.031625,
        "1000" : 0.037681
      },
      "latency_ms" : {
        "2" : 0.158351,
        "4" : 0.010000,
        "10" : 0.000000,
        "20" : 0.000000,
        "50" : 0.000000,
        "100" : 0.000000,
        "250" : 0.000000,
        "500" : 0.000000,
        "750" : 0.000000,
        "1000" : 0.000000,
        "2000" : 0.000000,
        ">=2000" : 0.000000
      },
      "latency_depth" : 4,
      "latency_target" : 0,
      "latency_percentile" : 100.000000,
      "latency_window" : 0,
      "steadystate" : {
        "ss" : "iops:10.000000%",
        "duration" : 10,
        "attained" : 1,
        "criterion" : "3.916045%",
        "max_deviation" : 1463.900000,
        "slope" : 0.000000,
        "data" : {
          "bw_mean" : 153118083,
          "iops_mean" : 37382,