{
  "fio version" : "fio-3.33",
  "timestamp" : 1687917640,
  "timestamp_ms" : 1687917640724,
  "time" : "Wed Jun 28 02:00:40 2023",
  "jobs" : [
    {
      "jobname" : "FIOJOB",
      "groupid" : 0,
      "error" : 0,
      "eta" : 0,
      "elapsed" : 13,
      "job options" : {
        "ioengine" : "io_uring",
        "rw" : "randrw",
        "bs" : "4k",
        "iodepth" : "16",
        "numjobs" : "2",
        "rwmixread" : "95",
        "runtime" : "60",
        "loops" : "1",
        "direct" : "1",
        "steadystate" : "iops:10%%",
        "steadystate_duration" : "10",
        "steadystate_ramp_time" : "1",
        "log_avg_msec" : "1000",
        "invalidate" : "1",
        "write_bw_log" : "/home/user/benchmarks/512s/1x/nvme3n1/randrw95/4k/randrw-iodepth-16-numjobs-2",
        "write_lat_log" : "/home/user/benchmarks/512s/1x/nvme3n1/randrw95/4k/randrw-iodepth-16-numjobs-2",
        "write_iops_log" : "/home/user/benchmarks/512s/1x/nvme3n1/randrw95/4k/randrw-iodepth-16-numjobs-2",
        "filename" : "/dev/nvme3n1"
      },
      "read" : {
        "io_bytes" : 3496878080,
        "io_kbytes" : 3414920,
        "bw_bytes" : 294127183,
        "bw" : 287233,
        "iops" : 71808.394314,
        "runtime" : 11889,
        "total_ios" : 853730,
        "short_ios" : 0,
        "drop_ios" : 0,
        "slat_ns" : {
          "min" : 920,
          "max" : 42811,
          "mean" : 2660.045799,
          "stddev" : 963.926827,
          "N" : 853730
        },
        "clat_ns" : {
          "min" : 43940,
          "max" : 3665880,
          "mean" : 218296.818122,
          "stddev" : 156034.250875,
          "N" : 853730,
          "percentile" : {
            "1.000000" : 74240,
            "5.000000" : 84480,
            "10.000000" : 94720,
            "20.000000" : 112128,
            "30.000000" : 132096,
            "40.000000" : 156672,
            "50.000000" : 185344,
            "60.000000" : 218112,
            "70.000000" : 250880,
            "80.000000" : 292864,
            "90.000000" : 358400,
            "95.000000" : 436224,
            "99.000000" : 733184,
            "99.500000" : 1220608,
            "99.900000" : 1810432,
            "99.950000" : 1925120,
            "99.990000" : 2244608
          }
        },
        "lat_ns" : {
          "min" : 46380,
          "max" : 3668050,
          "mean" : 220956.863921,
          "stddev" : 156018.152456,
          "N" : 853730
        },
        "bw_min" : 279571,
        "bw_max" : 294518,
        "bw_agg" : 51.148784,
        "bw_mean" : 286734.363636,
        "bw_dev" : 4548.966746,
        "bw_samples" : 11,
        "iops_min" : 69892,
        "iops_max" : 73629,
        "iops_mean" : 71683.909091,
        "iops_stddev" : 1137.089658,
        "iops_samples" : 11
      },
      "write" : {
        "io_bytes" : 184549376,
        "io_kbytes" : 180224,
        "bw_bytes" : 15522699,
        "bw" : 15158,
        "iops" : 3789.721591,
        "runtime" : 11889,
        "total_ios" : 45056,
        "short_ios" : 0,
        "drop_ios" : 0,
        "slat_ns" : {
          "min" : 1090,
          "max" : 42740,
          "mean" : 3149.406472,
          "stddev" : 1087.561435,
          "N" : 45056
        },
        "clat_ns" : {
          "min" : 340,
          "max" : 58489,
          "mean" : 12814.583385,
          "stddev" : 6222.733963,
          "N" : 45056,
          "percentile" : {
            "1.000000" : 6048,
            "5.000000" : 7008,
            "10.000000" : 7584,
            "20.000000" : 9024,
            "30.000000" : 9664,
            "40.000000" : 9920,
            "50.000000" : 10048,
            "60.000000" : 11072,
            "70.000000" : 13376,
            "80.000000" : 15680,
            "90.000000" : 21120,
            "95.000000" : 29824,
            "99.000000" : 33024,
            "99.500000" : 34560,
            "99.900000" : 39680,
            "99.950000" : 42240,
            "99.990000" : 48896
          }
        },
        "lat_ns" : {
          "min" : 6750,
          "max" : 61669,
          "mean" : 15963.989857,
          "stddev" : 6260.922647,
          "N" : 45056
        },
        "bw_min" : 14362,
        "bw_max" : 15803,
        "bw_agg" : 51.191754,
        "bw_mean" : 15153.181818,
        "bw_dev" : 410.103601,
        "bw_samples" : 11,
        "iops_min" : 3590,
        "iops_max" : 3950,
        "iops_mean" : 3787.818182,
        "iops_stddev" : 102.410759,
        "iops_samples" : 11
      },
      "trim" : {
        "io_bytes" : 0,
        "io_kbytes" : 0,
        "bw_bytes" : 0,
        "bw" : 0,
        "iops" : 0.000000,
        "runtime" : 0,
        "total_ios" : 0,
        "short_ios" : 0,
        "drop_ios" : 0,
        "slat_ns" : {
          "min" : 0,
          "max" : 0,
          "mean" : 0.000000,
          "stddev" : 0.000000,
          "N" : 0
        },
        "clat_ns" : {
          "min" : 0,
          "max" : 0,
          "mean" : 0.000000,
          "stddev" : 0.000000,
          "N" : 0
        },
        "lat_ns" : {
          "min" : 0,
          "max" : 0,
          "mean" : 0.000000,
          "stddev" : 0.000000,
          "N" : 0
        },
        "bw_min" : 0,
        "bw_max" : 0,
        "bw_agg" : 0.000000,
        "bw_mean" : 0.000000,
        "bw_dev" : 0.000000,
        "bw_samples" : 0,
        "iops_min" : 0,
        "iops_max" : 0,
        "iops_mean" : 0.000000,
        "iops_stddev" : 0.000000,
        "iops_samples" : 0
      },
      "sync" : {
        "total_ios" : 0,
        "lat_ns" : {
          "min" : 0,
          "max" : 0,
          "mean" : 0.000000,
          "stddev" : 0.000000,
          "N" : 0
        }
      },
      "job_runtime" : 11888,
      "usr_cpu" : 13.660834,
      "sys_cpu" : 31.536003,
      "ctx" : 410926,
      "majf" : 0,
      "minf" : 45,
      "iodepth_level" : {
        "1" : 0.100000,
        "2" : 0.100000,
        "4" : 0.100000,
        "8" : 0.100000,
        "16" : 99.998331,
        "32" : 0.000000,
        ">=64" : 0.000000
      },
      "iodepth_submit" : {
        "0" : 0.000000,
        "4" : 100.000000,
        "8" : 0.000000,
        "16" : 0.000000,
        "32" : 0.000000,
        "64" : 0.000000,
        ">=64" : 0.000000
      },
      "iodepth_complete" : {
        "0" : 0.000000,
        "4" : 99.999889,
        "8" : 0.000000,
        "16" : 0.100000,
        "32" : 0.000000,
        "64" : 0.000000,
        ">=64" : 0.000000
      },
      "latency_ns" : {
        "2" : 0.000000,
        "4" : 0.000000,
        "10" : 0.000000,
        "20" : 0.000000,
        "50" : 0.000000,
        "100" : 0.000000,
        "250" : 0.000000,
        "500" : 0.010000,
        "750" : 0.000000,
        "1000" : 0.000000
      },
      "latency_us" : {
        "2" : 0.000000,
        "4" : 0.010000,
        "10" : 2.362186,
        "20" : 2.088039,
        "50" : 0.565541,
        "100" : 12.585866,
        "250" : 53.432519,
        "500" : 26.105547,
        "750" : 1.950186,
        "1000" : 0.292172
      },
      "latency_ms" : {
        "2" : 0.586569,
        "4" : 0.030819,
        "10" : 0.000000,
        "20" : 0.000000,
        "50" : 0.000000,
        "100" : 0.000000,
        "250" : 0.000000,
        "500" : 0.000000,
        "750" : 0.000000,
        "1000" : 0.000000,
        "2000" : 0.000000,
        ">=2000" : 0.000000
      },
      "latency_depth" : 16,
      "latency_target" : 0,
      "latency_percentile" : 100.000000,
      "latency_window" : 0,
      "steadystate" : {
        "ss" : "iops:10.000000%",
        "duration" : 10,
        "attained" : 1,
        "criterion" : "3.039770%",
        "max_deviation" : 2306.000000,
        "slope" : 0.000000,
        "data" : {
          "bw_mean" : 310728148,
          "iops_mean" : 75861,