{
  "fio version" : "fio-3.33",
  "timestamp" : 1687914995,
  "timestamp_ms" : 1687914995743,
  "time" : "Wed Jun 28 01:16:35 2023",
  "jobs" : [
    {
      "jobname" : "FIOJOB",
      "groupid" : 0,
      "error" : 0,
      "eta" : 0,
      "elapsed" : 13,
      "job options" : {
        "ioengine" : "io_uring",
        "rw" : "randrw",
        "bs" : "4k",
        "iodepth" : "2",
        "numjobs" : "2",
        "rwmixread" : "95",
        "runtime" : "60",
        "loops" : "1",
        "direct" : "1",
        "steadystate" : "iops:10%%",
        "steadystate_duration" : "10",
        "steadystate_ramp_time" : "1",
        "log_avg_msec" : "1000",
        "invalidate" : "1",
        "write_bw_log" : "/home/user/benchmarks/512s/1x/nvme3n1/randrw95/4k/randrw-iodepth-2-numjobs-2",
        "write_lat_log" : "/home/user/benchmarks/512s/1x/nvme3n1/randrw95/4k/randrw-iodepth-2-numjobs-2",
        "write_iops_log" : "/home/user/benchmarks/512s/1x/nvme3n1/randrw95/4k/randrw-iodepth-2-numjobs-2",
        "filename" : "/dev/nvme3n1"
      },
      "read" : {
        "io_bytes" : 1113407488,
        "io_kbytes" : 1087312,
        "bw_bytes" : 93650221,
        "bw" : 91455,
        "iops" : 22863.823703,
        "runtime" : 11889,
        "total_ios" : 271828,
        "short_ios" : 0,
        "drop_ios" : 0,
        "slat_ns" : {
          "min" : 1000,
          "max" : 25780,
          "mean" : 2752.070482,
          "stddev" : 486.044418,
          "N" : 271828
        },
        "clat_ns" : {
          "min" : 44660,
          "max" : 2054730,
          "mean" : 82839.191945,
          "stddev" : 44308.361704,
          "N" : 271828,
          "percentile" : {
            "1.000000" : 63744,
            "5.000000" : 65280,
            "10.000000" : 66048,
            "20.000000" : 67072,
            "30.000000" : 68096,
            "40.000000" : 69120,
            "50.000000" : 77312,
            "60.000000" : 79360,
            "70.000000" : 81408,
            "80.000000" : 95744,
            "90.000000" : 112128,
            "95.000000" : 121344,
            "99.000000" : 160768,
            "99.500000" : 179200,
            "99.900000" : 254976,
            "99.950000" : 1384448,
            "99.990000" : 1744896
          }
        },
        "lat_ns" : {
          "min" : 47200,
          "max" : 2057300,
          "mean" : 85591.262427,
          "stddev" : 44290.278675,
          "N" : 271828
        },
        "bw_min" : 89789,
        "bw_max" : 92780,
        "bw_agg" : 49.431393,
        "bw_mean" : 91464.545455,
        "bw_dev" : 1026.270955,
        "bw_samples" : 11,
        "iops_min" : 22447,
        "iops_max" : 23195,
        "iops_mean" : 22866.090909,
        "iops_stddev" : 256.344867,
        "iops_samples" : 11
      },
      "write" : {
        "io_bytes" : 58372096,
        "io_kbytes" : 57004,
        "bw_bytes" : 4909756,
        "bw" : 4794,
        "iops" : 1198.671040,
        "runtime" : 11889,
        "total_ios" : 14251,
        "short_ios" : 0,
        "drop_ios" : 0,
        "slat_ns" : {
          "min" : 1270,
          "max" : 10670,
          "mean" : 3240.111641,
          "stddev" : 550.695096,
          "N" : 14251
        },
        "clat_ns" : {
          "min" : 5850,
          "max" : 39790,
          "mean" : 11711.918813,
          "stddev" : 1477.841313,
          "N" : 14251,
          "percentile" : {
            "1.000000" : 7776,
            "5.000000" : 9920,
            "10.000000" : 11072,
            "20.000000" : 11200,
            "30.000000" : 11328,
            "40.000000" : 11456,
            "50.000000" : 11456,
            "60.000000" : 11584,
            "70.000000" : 11712,
            "80.000000" : 12096,
            "90.000000" : 12608,
            "95.000000" : 14912,
            "99.000000" : 16768,
            "99.500000" : 17280,
            "99.900000" : 22912,
            "99.950000" : 25472,
            "99.990000" : 29568
          }
        },
        "lat_ns" : {
          "min" : 8250,
          "max" : 44780,
          "mean" : 14952.030454,
          "stddev" : 1570.177742,
          "N" : 14251
        },
        "bw_min" : 4408,
        "bw_max" : 5225,
        "bw_agg" : 49.082654,
        "bw_mean" : 4784.818182,
        "bw_dev" : 218.850094,
        "bw_samples" : 11,
        "iops_min" : 1102,
        "iops_max" : 1306,
        "iops_mean" : 1196.181818,
        "iops_stddev" : 54.662269,
        "iops_samples" : 11
      },
      "trim" : {
        "io_bytes" : 0,
        "io_kbytes" : 0,
        "bw_bytes" : 0,
        "bw" : 0,
        "iops" : 0.000000,
        "runtime" : 0,
        "total_ios" : 0,
        "short_ios" : 0,
        "drop_ios" : 0,
        "slat_ns" : {
          "min" : 0,
          "max" : 0,
          "mean" : 0.000000,
          "stddev" : 0.000000,
          "N" : 0
        },
        "clat_ns" : {
          "min" : 0,
          "max" : 0,
          "mean" : 0.000000,
          "stddev" : 0.000000,
          "N" : 0
        },
        "lat_ns" : {
          "min" : 0,
          "max" : 0,
          "mean" : 0.000000,
          "stddev" : 0.000000,
          "N" : 0
        },
        "bw_min" : 0,
        "bw_max" : 0,
        "bw_agg" : 0.000000,
        "bw_mean" : 0.000000,
        "bw_dev" : 0.000000,
        "bw_samples" : 0,
        "iops_min" : 0,
        "iops_max" : 0,
        "iops_mean" : 0.000000,
        "iops_stddev" : 0.000000,
        "iops_samples" : 0
      },
      "sync" : {
        "total_ios" : 0,
        "lat_ns" : {
          "min" : 0,
          "max" : 0,
          "mean" : 0.000000,
          "stddev" : 0.000000,
          "N" : 0
        }
      },
      "job_runtime" : 11888,
      "usr_cpu" : 4.634926,
      "sys_cpu" : 13.972073,
      "ctx" : 255394,
      "majf" : 0,
      "minf" : 39,
      "iodepth_level" : {
        "1" : 0.100000,
        "2" : 99.999650,
        "4" : 0.000000,
        "8" : 0.000000,
        "16" : 0.000000,
        "32" : 0.000000,
        ">=64" : 0.000000
      },
      "iodepth_submit" : {
        "0" : 0.000000,
        "4" : 100.000000,
        "8" : 0.000000,
        "16" : 0.000000,
        "32" : 0.000000,
        "64" : 0.000000,
        ">=64" : 0.000000
      },
      "iodepth_complete" : {
        "0" : 0.000000,
        "4" : 100.000000,
        "8" : 0.000000,
        "16" : 0.000000,
        "32" : 0.000000,
        "64" : 0.000000,
        ">=64" : 0.000000
      },
      "latency_ns" : {
        "2" : 0.000000,
        "4" : 0.000000,
        "10" : 0.000000,
        "20" : 0.000000,
        "50" : 0.000000,
        "100" : 0.000000,
        "250" : 0.000000,
        "500" : 0.000000,
        "750" : 0.000000,
        "1000" : 0.000000
      },
      "latency_us" : {
        "2" : 0.000000,
        "4" : 0.000000,
        "10" : 0.257621,
        "20" : 4.712335,
        "50" : 0.152755,
        "100" : 79.733221,
        "250" : 15.047941,
        "500" : 0.014681,
        "750" : 0.010487,
        "1000" : 0.010000
      },
      "latency_ms" : {
        "2" : 0.061521,
        "4" : 0.010000,
        "10" : 0.000000,
        "20" : 0.000000,
        "50" : 0.000000,
        "100" : 0.000000,
        "250" : 0.000000,
        "500" : 0.000000,
        "750" : 0.000000,
        "1000" : 0.000000,
        "2000" : 0.000000,
        ">=2000" : 0.000000
      },
      "latency_depth" : 2,
      "latency_target" : 0,
      "latency_percentile" : 100.000000,
      "latency_window" : 0,
      "steadystate" : {
        "ss" : "iops:10.000000%",
        "duration" : 10,
        "attained" : 1,
        "criterion" : "1.827080%",
        "max_deviation" : 441.300000,
        "slope" : 0.000000,
        "data" : {
          "bw_mean" : 98933328,
          "iops_mean" : 24153,