{
  "fio version" : "fio-3.33",
  "timestamp" : 1687916653,
  "timestamp_ms" : 1687916653755,
  "time" : "Wed Jun 28 01:44:13 2023",
  "jobs" : [
    {
      "jobname" : "FIOJOB",
      "groupid" : 0,
      "error" : 0,
      "eta" : 0,
      "elapsed" : 13,
      "job options" : {
        "ioengine" : "io_uring",
        "rw" : "randrw",
        "bs" : "4k",
        "iodepth" : "8",
        "numjobs" : "1",
        "rwmixread" : "95",
        "runtime" : "60",
        "loops" : "1",
        "direct" : "1",
        "steadystate" : "iops:10%%",
        "steadystate_duration" : "10",
        "steadystate_ramp_time" : "1",
        "log_avg_msec" : "1000",
        "invalidate" : "1",
        "write_bw_log" : "/home/user/benchmarks/512s/1x/nvme3n1/randrw95/4k/randrw-iodepth-8-numjobs-1",
        "write_lat_log" : "/home/user/benchmarks/512s/1x/nvme3n1/randrw95/4k/randrw-iodepth-8-numjobs-1",
        "write_iops_log" : "/home/user/benchmarks/512s/1x/nvme3n1/randrw95/4k/randrw-iodepth-8-numjobs-1",
        "filename" : "/dev/nvme3n1"
      },
      "read" : {
        "io_bytes" : 2609012736,
        "io_kbytes" : 2547864,
        "bw_bytes" : 219447618,
        "bw" : 214304,
        "iops" : 53576.078728,
        "runtime" : 11889,
        "total_ios" : 636966,
        "short_ios" : 0,
        "drop_ios" : 0,
        "slat_ns" : {
          "min" : 920,
          "max" : 38990,
          "mean" : 2769.783550,
          "stddev" : 845.630169,
          "N" : 636966
        },
        "clat_ns" : {
          "min" : 41831,
          "max" : 2112920,
          "mean" : 144629.993772,
          "stddev" : 86156.849779,
          "N" : 636966,
          "percentile" : {
            "1.000000" : 62720,
            "5.000000" : 65280,
            "10.000000" : 67072,
            "20.000000" : 75264,
            "30.000000" : 86528,
            "40.000000" : 102912,
            "50.000000" : 121344,
            "60.000000" : 146432,
            "70.000000" : 177152,
            "80.000000" : 207872,
            "90.000000" : 246784,
            "95.000000" : 284672,
            "99.000000" : 358400,
            "99.500000" : 382976,
            "99.900000" : 1105920,
            "99.950000" : 1482752,
            "99.990000" : 1777664
          }
        },
        "lat_ns" : {
          "min" : 42920,
          "max" : 2115280,
          "mean" : 147399.777323,
          "stddev" : 86131.753371,
          "N" : 636966
        },
        "bw_min" : 209861,
        "bw_max" : 219504,
        "bw_agg" : 100.000000,
        "bw_mean" : 214664.545455,
        "bw_dev" : 2649.688863,
        "bw_samples" : 11,
        "iops_min" : 52465,
        "iops_max" : 54877,
        "iops_mean" : 53665.909091,
        "iops_stddev" : 662.738328,
        "iops_samples" : 11
      },
      "write" : {
        "io_bytes" : 137936896,
        "io_kbytes" : 134704,
        "bw_bytes" : 11602060,
        "bw" : 11330,
        "iops" : 2832.534275,
        "runtime" : 11889,
        "total_ios" : 33676,
        "short_ios" : 0,
        "drop_ios" : 0,
        "slat_ns" : {
          "min" : 1070,
          "max" : 24090,
          "mean" : 3251.976185,
          "stddev" : 914.469959,
          "N" : 33676
        },
        "clat_ns" : {
          "min" : 450,
          "max" : 41330,
          "mean" : 11865.101794,
          "stddev" : 3350.010061,
          "N" : 33676,
          "percentile" : {
            "1.000000" : 6048,
            "5.000000" : 6944,
            "10.000000" : 7968,
            "20.000000" : 9792,
            "30.000000" : 10048,
            "40.000000" : 10688,
            "50.000000" : 11328,
            "60.000000" : 12096,
            "70.000000" : 12608,
            "80.000000" : 13888,
            "90.000000" : 16512,
            "95.000000" : 18048,
            "99.000000" : 21888,
            "99.500000" : 24448,
            "99.900000" : 30592,
            "99.950000" : 33024,
            "99.990000" : 35584
          }
        },
        "lat_ns" : {
          "min" : 6600,
          "max" : 44020,
          "mean" : 15117.077978,
          "stddev" : 3509.394309,
          "N" : 33676
        },
        "bw_min" : 10802,
        "bw_max" : 11748,
        "bw_agg" : 100.000000,
        "bw_mean" : 11359.909091,
        "bw_dev" : 248.960019,
        "bw_samples" : 11,
        "iops_min" : 2700,
        "iops_max" : 2937,
        "iops_mean" : 2839.454545,
        "iops_stddev" : 62.269356,
        "iops_samples" : 11
      },
      "trim" : {
        "io_bytes" : 0,
        "io_kbytes" : 0,
        "bw_bytes" : 0,
        "bw" : 0,
        "iops" : 0.000000,
        "runtime" : 0,
        "total_ios" : 0,
        "short_ios" : 0,
        "drop_ios" : 0,
        "slat_ns" : {
          "min" : 0,
          "max" : 0,
          "mean" : 0.000000,
          "stddev" : 0.000000,
          "N" : 0
        },
        "clat_ns" : {
          "min" : 0,
          "max" : 0,
          "mean" : 0.000000,
          "stddev" : 0.000000,
          "N" : 0
        },
        "lat_ns" : {
          "min" : 0,
          "max" : 0,
          "mean" : 0.000000,
          "stddev" : 0.000000,
          "N" : 0
        },
        "bw_min" : 0,
        "bw_max" : 0,
        "bw_agg" : 0.000000,
        "bw_mean" : 0.000000,
        "bw_dev" : 0.000000,
        "bw_samples" : 0,
        "iops_min" : 0,
        "iops_max" : 0,
        "iops_mean" : 0.000000,
        "iops_stddev" : 0.000000,
        "iops_samples" : 0
      },
      "sync" : {
        "total_ios" : 0,
        "lat_ns" : {
          "min" : 0,
          "max" : 0,
          "mean" : 0.000000,
          "stddev" : 0.000000,
          "N" : 0
        }
      },
      "job_runtime" : 11888,
      "usr_cpu" : 11.793405,
      "sys_cpu" : 27.086137,
      "ctx" : 417825,
      "majf" : 0,
      "minf" : 40,
      "iodepth_level" : {
        "1" : 0.100000,
        "2" : 0.100000,
        "4" : 0.100000,
        "8" : 99.998956,
        "16" : 0.000000,
        "32" : 0.000000,
        ">=64" : 0.000000
      },
      "iodepth_submit" : {
        "0" : 0.000000,
        "4" : 100.000000,
        "8" : 0.000000,
        "16" : 0.000000,
        "32" : 0.000000,
        "64" : 0.000000,
        ">=64" : 0.000000
      },
      "iodepth_complete" : {
        "0" : 0.000000,
        "4" : 99.999851,
        "8" : 0.100000,
        "16" : 0.000000,
        "32" : 0.000000,
        "64" : 0.000000,
        ">=64" : 0.000000
      },
      "latency_ns" : {
        "2" : 0.000000,
        "4" : 0.000000,
        "10" : 0.000000,
        "20" : 0.000000,
        "50" : 0.000000,
        "100" : 0.000000,
        "250" : 0.000000,
        "500" : 0.010000,
        "750" : 0.000000,
        "1000" : 0.000000
      },
      "latency_us" : {
        "2" : 0.010000,
        "4" : 0.010000,
        "10" : 1.496626,
        "20" : 3.409121,
        "50" : 0.352498,
        "100" : 36.078116,
        "250" : 49.719224,
        "500" : 8.785313,
        "750" : 0.031164,
        "1000" : 0.020876
      },
      "latency_ms" : {
        "2" : 0.105570,
        "4" : 0.010000,
        "10" : 0.000000,
        "20" : 0.000000,
        "50" : 0.000000,
        "100" : 0.000000,
        "250" : 0.000000,
        "500" : 0.000000,
        "750" : 0.000000,
        "1000" : 0.000000,
        "2000" : 0.000000,
        ">=2000" : 0.000000
      },
      "latency_depth" : 8,
      "latency_target" : 0,
      "latency_percentile" : 100.000000,
      "latency_window" : 0,
      "steadystate" : {
        "ss" : "iops:10.000000%",
        "duration" : 10,
        "attained" : 1,
        "criterion" : "2.346003%",
        "max_deviation" : 1321.400000,
        "slope" : 0.000000,
        "data" : {
          "bw_mean" : 230711293,
          "iops_mean" : 56325,