{
  "fio version" : "fio-3.33",
  "timestamp" : 1687914162,
  "timestamp_ms" : 1687914162625,
  "time" : "Wed Jun 28 01:02:42 2023",
  "jobs" : [
    {
      "jobname" : "FIOJOB",
      "groupid" : 0,
      "error" : 0,
      "eta" : 0,
      "elapsed" : 13,
      "job options" : {
        "ioengine" : "io_uring",
        "rw" : "randrw",
        "bs" : "4k",
        "iodepth" : "1",
        "numjobs" : "1",
        "rwmixread" : "95",
        "runtime" : "60",
        "loops" : "1",
        "direct" : "1",
        "steadystate" : "iops:10%%",
        "steadystate_duration" : "10",
        "steadystate_ramp_time" : "1",
        "log_avg_msec" : "1000",
        "invalidate" : "1",
        "write_bw_log" : "/home/user/benchmarks/512s/1x/nvme3n1/randrw95/4k/randrw-iodepth-1-numjobs-1",
        "write_lat_log" : "/home/user/benchmarks/512s/1x/nvme3n1/randrw95/4k/randrw-iodepth-1-numjobs-1",
        "write_iops_log" : "/home/user/benchmarks/512s/1x/nvme3n1/randrw95/4k/randrw-iodepth-1-numjobs-1",
        "filename" : "/dev/nvme3n1"
      },
      "read" : {
        "io_bytes" : 662638592,
        "io_kbytes" : 647108,
        "bw_bytes" : 55735435,
        "bw" : 54429,
        "iops" : 13607.284044,
        "runtime" : 11889,
        "total_ios" : 161777,
        "short_ios" : 0,
        "drop_ios" : 0,
        "slat_ns" : {
          "min" : 1060,
          "max" : 27960,
          "mean" : 2649.892791,
          "stddev" : 279.813327,
          "N" : 161777
        },
        "clat_ns" : {
          "min" : 44590,
          "max" : 1945340,
          "mean" : 69071.202649,
          "stddev" : 24459.094297,
          "N" : 161777,
          "percentile" : {
            "1.000000" : 62208,
            "5.000000" : 63232,
            "10.000000" : 63744,
            "20.000000" : 64256,
            "30.000000" : 64256,
            "40.000000" : 64768,
            "50.000000" : 65280,
            "60.000000" : 66048,
            "70.000000" : 75264,
            "80.000000" : 76288,
            "90.000000" : 77312,
            "95.000000" : 77312,
            "99.000000" : 79360,
            "99.500000" : 80384,
            "99.900000" : 98816,
            "99.950000" : 111104,
            "99.990000" : 1761280
          }
        },
        "lat_ns" : {
          "min" : 47110,
          "max" : 1947760,
          "mean" : 71721.095440,
          "stddev" : 24464.097964,
          "N" : 161777
        },
        "bw_min" : 53344,
        "bw_max" : 55932,
        "bw_agg" : 100.000000,
        "bw_mean" : 54471.181818,
        "bw_dev" : 741.375589,
        "bw_samples" : 11,
        "iops_min" : 13337,
        "iops_max" : 13983,
        "iops_mean" : 13617.636364,
        "iops_stddev" : 185.073106,
        "iops_samples" : 11
      },
      "write" : {
        "io_bytes" : 34619392,
        "io_kbytes" : 33808,
        "bw_bytes" : 2911884,
        "bw" : 2843,
        "iops" : 710.909244,
        "runtime" : 11889,
        "total_ios" : 8452,
        "short_ios" : 0,
        "drop_ios" : 0,
        "slat_ns" : {
          "min" : 1420,
          "max" : 16940,
          "mean" : 3173.201727,
          "stddev" : 353.309554,
          "N" : 8452
        },
        "clat_ns" : {
          "min" : 6320,
          "max" : 22490,
          "mean" : 9776.380502,
          "stddev" : 912.660952,
          "N" : 8452,
          "percentile" : {
            "1.000000" : 8384,
            "5.000000" : 8512,
            "10.000000" : 8640,
            "20.000000" : 8768,
            "30.000000" : 9664,
            "40.000000" : 9664,
            "50.000000" : 9792,
            "60.000000" : 9792,
            "70.000000" : 9920,
            "80.000000" : 10560,
            "90.000000" : 10688,
            "95.000000" : 10816,
            "99.000000" : 12224,
            "99.500000" : 12736,
            "99.900000" : 20608,
            "99.950000" : 21632,
            "99.990000" : 22400
          }
        },
        "lat_ns" : {
          "min" : 7790,
          "max" : 28440,
          "mean" : 12949.582229,
          "stddev" : 1008.527089,
          "N" : 8452
        },
        "bw_min" : 2654,
        "bw_max" : 3087,
        "bw_agg" : 100.000000,
        "bw_mean" : 2849.727273,
        "bw_dev" : 116.196464,
        "bw_samples" : 11,
        "iops_min" : 663,
        "iops_max" : 771,
        "iops_mean" : 712.090909,
        "iops_stddev" : 28.980871,
        "iops_samples" : 11
      },
      "trim" : {
        "io_bytes" : 0,
        "io_kbytes" : 0,
        "bw_bytes" : 0,
        "bw" : 0,
        "iops" : 0.000000,
        "runtime" : 0,
        "total_ios" : 0,
        "short_ios" : 0,
        "drop_ios" : 0,
        "slat_ns" : {
          "min" : 0,
          "max" : 0,
          "mean" : 0.000000,
          "stddev" : 0.000000,
          "N" : 0
        },
        "clat_ns" : {
          "min" : 0,
          "max" : 0,
          "mean" : 0.000000,
          "stddev" : 0.000000,
          "N" : 0
        },
        "lat_ns" : {
          "min" : 0,
          "max" : 0,
          "mean" : 0.000000,
          "stddev" : 0.000000,
          "N" : 0
        },
        "bw_min" : 0,
        "bw_max" : 0,
        "bw_agg" : 0.000000,
        "bw_mean" : 0.000000,
        "bw_dev" : 0.000000,
        "bw_samples" : 0,
        "iops_min" : 0,
        "iops_max" : 0,
        "iops_mean" : 0.000000,
        "iops_stddev" : 0.000000,
        "iops_samples" : 0
      },
      "sync" : {
        "total_ios" : 0,
        "lat_ns" : {
          "min" : 0,
          "max" : 0,
          "mean" : 0.000000,
          "stddev" : 0.000000,
          "N" : 0
        }
      },
      "job_runtime" : 11888,
      "usr_cpu" : 2.767497,
      "sys_cpu" : 8.739906,
      "ctx" : 170229,
      "majf" : 0,
      "minf" : 39,
      "iodepth_level" : {
        "1" : 100.000000,
        "2" : 0.000000,
        "4" : 0.000000,
        "8" : 0.000000,
        "16" : 0.000000,
        "32" : 0.000000,
        ">=64" : 0.000000
      },
      "iodepth_submit" : {
        "0" : 0.000000,
        "4" : 100.000000,
        "8" : 0.000000,
        "16" : 0.000000,
        "32" : 0.000000,
        "64" : 0.000000,
        ">=64" : 0.000000
      },
      "iodepth_complete" : {
        "0" : 0.000000,
        "4" : 100.000000,
        "8" : 0.000000,
        "16" : 0.000000,
        "32" : 0.000000,
        "64" : 0.000000,
        ">=64" : 0.000000
      },
      "latency_ns" : {
        "2" : 0.000000,
        "4" : 0.000000,
        "10" : 0.000000,
        "20" : 0.000000,
        "50" : 0.000000,
        "100" : 0.000000,
        "250" : 0.000000,
        "500" : 0.000000,
        "750" : 0.000000,
        "1000" : 0.000000
      },
      "latency_us" : {
        "2" : 0.000000,
        "4" : 0.000000,
        "10" : 3.507628,
        "20" : 1.452162,
        "50" : 0.014099,
        "100" : 94.939758,
        "250" : 0.058157,
        "500" : 0.010000,
        "750" : 0.010000,
        "1000" : 0.010000
      },
      "latency_ms" : {
        "2" : 0.020561,
        "4" : 0.000000,
        "10" : 0.000000,
        "20" : 0.000000,
        "50" : 0.000000,
        "100" : 0.000000,
        "250" : 0.000000,
        "500" : 0.000000,
        "750" : 0.000000,
        "1000" : 0.000000,
        "2000" : 0.000000,
        ">=2000" : 0.000000
      },
      "latency_depth" : 1,
      "latency_target" : 0,
      "latency_percentile" : 100.000000,
      "latency_window" : 0,
      "steadystate" : {
        "ss" : "iops:10.000000%",
        "duration" : 10,
        "attained" : 1,
        "criterion" : "2.255073%",
        "max_deviation" : 323.700000,
        "slope" : 0.000000,
        "data" : {
          "bw_mean" : 58796239,
          "iops_mean" : 14354,
          "iops" : [
            14298,
            14678,
            14579,
            14430,
            14221,
            14301,
            14265,
            14309,
            14128,
            14334
          ],