{
  "fio version" : "fio-3.33",
  "timestamp" : 1687914899,
  "timestamp_ms" : 1687914899813,
  "time" : "Wed Jun 28 01:14:59 2023",
  "jobs" : [
    {
      "jobname" : "FIOJOB",
      "groupid" : 0,
      "error" : 0,
      "eta" : 0,
      "elapsed" : 13,
      "job options" : {
        "ioengine" : "io_uring",
        "rw" : "randrw",
        "bs" : "4k",
        "iodepth" : "2",
        "numjobs" : "1",
        "rwmixread" : "95",
        "runtime" : "60",
        "loops" : "1",
        "direct" : "1",
        "steadystate" : "iops:10%%",
        "steadystate_duration" : "10",
        "steadystate_ramp_time" : "1",
        "log_avg_msec" : "1000",
        "invalidate" : "1",
        "write_bw_log" : "/home/user/benchmarks/512s/1x/nvme3n1/randrw95/4k/randrw-iodepth-2-numjobs-1",
        "write_lat_log" : "/home/user/benchmarks/512s/1x/nvme3n1/randrw95/4k/randrw-iodepth-2-numjobs-1",
        "write_iops_log" : "/home/user/benchmarks/512s/1x/nvme3n1/randrw95/4k/randrw-iodepth-2-numjobs-1",
        "filename" : "/dev/nvme3n1"
      },
      "read" : {
        "io_bytes" : 1206464512,
        "io_kbytes" : 1178188,
        "bw_bytes" : 101468840,
        "bw" : 99090,
        "iops" : 24772.666106,
        "runtime" : 11890,
        "total_ios" : 294547,
        "short_ios" : 0,
        "drop_ios" : 0,
        "slat_ns" : {
          "min" : 950,
          "max" : 25390,
          "mean" : 2455.966800,
          "stddev" : 487.344816,
          "N" : 294547
        },
        "clat_ns" : {
          "min" : 42810,
          "max" : 2688700,
          "mean" : 76586.669173,
          "stddev" : 31074.258890,
          "N" : 294547,
          "percentile" : {
            "1.000000" : 61696,
            "5.000000" : 63232,
            "10.000000" : 63744,
            "20.000000" : 64768,
            "30.000000" : 65280,
            "40.000000" : 66048,
            "50.000000" : 68096,
            "60.000000" : 76288,
            "70.000000" : 77312,
            "80.000000" : 82432,
            "90.000000" : 98816,
            "95.000000" : 115200,
            "99.000000" : 132096,
            "99.500000" : 136192,
            "99.900000" : 148480,
            "99.950000" : 187392,
            "99.990000" : 1581056
          }
        },
        "lat_ns" : {
          "min" : 45170,
          "max" : 2691100,
          "mean" : 79042.635973,
          "stddev" : 31056.741660,
          "N" : 294547
        },
        "bw_min" : 97148,
        "bw_max" : 100428,
        "bw_agg" : 100.000000,
        "bw_mean" : 99124.909091,
        "bw_dev" : 1033.697582,
        "bw_samples" : 11,
        "iops_min" : 24287,
        "iops_max" : 25107,
        "iops_mean" : 24781.000000,
        "iops_stddev" : 258.404721,
        "iops_samples" : 11
      },
      "write" : {
        "io_bytes" : 63438848,
        "io_kbytes" : 61952,
        "bw_bytes" : 5335479,
        "bw" : 5210,
        "iops" : 1302.607233,
        "runtime" : 11890,
        "total_ios" : 15488,
        "short_ios" : 0,
        "drop_ios" : 0,
        "slat_ns" : {
          "min" : 1150,
          "max" : 19610,
          "mean" : 2958.820635,
          "stddev" : 518.837522,
          "N" : 15488
        },
        "clat_ns" : {
          "min" : 4060,
          "max" : 29660,
          "mean" : 9513.247740,
          "stddev" : 2101.862930,
          "N" : 15488,
          "percentile" : {
            "1.000000" : 5472,
            "5.000000" : 5728,
            "10.000000" : 5920,
            "20.000000" : 9280,
            "30.000000" : 9280,
            "40.000000" : 9408,
            "50.000000" : 9408,
            "60.000000" : 9536,
            "70.000000" : 9664,
            "80.000000" : 9792,
            "90.000000" : 11200,
            "95.000000" : 14784,
            "99.000000" : 15296,
            "99.500000" : 15936,
            "99.900000" : 20608,
            "99.950000" : 25216,
            "99.990000" : 26752
          }
        },
        "lat_ns" : {
          "min" : 6890,
          "max" : 37640,
          "mean" : 12472.068376,
          "stddev" : 2029.034377,
          "N" : 15488
        },
        "bw_min" : 4828,
        "bw_max" : 5452,
        "bw_agg" : 99.723080,
        "bw_mean" : 5196.545455,
        "bw_dev" : 186.344500,
        "bw_samples" : 11,
        "iops_min" : 1207,
        "iops_max" : 1363,
        "iops_mean" : 1299.000000,
        "iops_stddev" : 46.557491,
        "iops_samples" : 11
      },
      "trim" : {
        "io_bytes" : 0,
        "io_kbytes" : 0,
        "bw_bytes" : 0,
        "bw" : 0,
        "iops" : 0.000000,
        "runtime" : 0,
        "total_ios" : 0,
        "short_ios" : 0,
        "drop_ios" : 0,
        "slat_ns" : {
          "min" : 0,
          "max" : 0,
          "mean" : 0.000000,
          "stddev" : 0.000000,
          "N" : 0
        },
        "clat_ns" : {
          "min" : 0,
          "max" : 0,
          "mean" : 0.000000,
          "stddev" : 0.000000,
          "N" : 0
        },
        "lat_ns" : {
          "min" : 0,
          "max" : 0,
          "mean" : 0.000000,
          "stddev" : 0.000000,
          "N" : 0
        },
        "bw_min" : 0,
        "bw_max" : 0,
        "bw_agg" : 0.000000,
        "bw_mean" : 0.000000,
        "bw_dev" : 0.000000,
        "bw_samples" : 0,
        "iops_min" : 0,
        "iops_max" : 0,
        "iops_mean" : 0.000000,
        "iops_stddev" : 0.000000,
        "iops_samples" : 0
      },
      "sync" : {
        "total_ios" : 0,
        "lat_ns" : {
          "min" : 0,
          "max" : 0,
          "mean" : 0.000000,
          "stddev" : 0.000000,
          "N" : 0
        }
      },
      "job_runtime" : 11889,
      "usr_cpu" : 5.408361,
      "sys_cpu" : 12.852216,
      "ctx" : 269862,
      "majf" : 0,
      "minf" : 39,
      "iodepth_level" : {
        "1" : 0.100000,
        "2" : 99.999677,
        "4" : 0.000000,
        "8" : 0.000000,
        "16" : 0.000000,
        "32" : 0.000000,
        ">=64" : 0.000000
      },
      "iodepth_submit" : {
        "0" : 0.000000,
        "4" : 100.000000,
        "8" : 0.000000,
        "16" : 0.000000,
        "32" : 0.000000,
        "64" : 0.000000,
        ">=64" : 0.000000
      },
      "iodepth_complete" : {
        "0" : 0.000000,
        "4" : 100.000000,
        "8" : 0.000000,
        "16" : 0.000000,
        "32" : 0.000000,
        "64" : 0.000000,
        ">=64" : 0.000000
      },
      "latency_ns" : {
        "2" : 0.000000,
        "4" : 0.000000,
        "10" : 0.000000,
        "20" : 0.000000,
        "50" : 0.000000,
        "100" : 0.000000,
        "250" : 0.000000,
        "500" : 0.000000,
        "750" : 0.000000,
        "1000" : 0.000000
      },
      "latency_us" : {
        "2" : 0.000000,
        "4" : 0.000000,
        "10" : 4.240812,
        "20" : 0.747980,
        "50" : 0.316416,
        "100" : 85.552599,
        "250" : 9.096070,
        "500" : 0.010000,
        "750" : 0.010000,
        "1000" : 0.010000
      },
      "latency_ms" : {
        "2" : 0.029352,
        "4" : 0.010000,
        "10" : 0.000000,
        "20" : 0.000000,
        "50" : 0.000000,
        "100" : 0.000000,
        "250" : 0.000000,
        "500" : 0.000000,
        "750" : 0.000000,
        "1000" : 0.000000,
        "2000" : 0.000000,
        ">=2000" : 0.000000
      },
      "latency_depth" : 2,
      "latency_target" : 0,
      "latency_percentile" : 100.000000,
      "latency_window" : 0,
      "steadystate" : {
        "ss" : "iops:10.000000%",
        "duration" : 10,
        "attained" : 1,
        "criterion" : "2.203614%",
        "max_deviation" : 575.800000,
        "slope" : 0.000000,
        "data" : {
          "bw_mean" : 107028877,
          "iops_mean" : 26129,