{
  "fio version" : "fio-3.33",
  "timestamp" : 1687936029,
  "timestamp_ms" : 1687936029371,
  "time" : "Wed Jun 28 07:07:09 2023",
  "jobs" : [
    {
      "jobname" : "FIOJOB",
      "groupid" : 0,
      "error" : 0,
      "eta" : 0,
      "elapsed" : 13,
      "job options" : {
        "ioengine" : "io_uring",
        "rw" : "randrw",
        "bs" : "4k",
        "iodepth" : "1",
        "numjobs" : "1",
        "rwmixread" : "35",
        "runtime" : "60",
        "loops" : "1",
        "direct" : "1",
        "steadystate" : "iops:10%%",
        "steadystate_duration" : "10",
        "steadystate_ramp_time" : "1",
        "log_avg_msec" : "1000",
        "invalidate" : "1",
        "write_bw_log" : "/home/user/benchmarks/4096s/1x/nvme2n1/randrw35/4k/randrw-iodepth-1-numjobs-1",
        "write_lat_log" : "/home/user/benchmarks/4096s/1x/nvme2n1/randrw35/4k/randrw-iodepth-1-numjobs-1",
        "write_iops_log" : "/home/user/benchmarks/4096s/1x/nvme2n1/randrw35/4k/randrw-iodepth-1-numjobs-1",
        "filename" : "/dev/nvme2n1"
      },
      "read" : {
        "io_bytes" : 433827840,
        "io_kbytes" : 423660,
        "bw_bytes" : 36499061,
        "bw" : 35643,
        "iops" : 8910.903584,
        "runtime" : 11886,
        "total_ios" : 105915,
        "short_ios" : 0,
        "drop_ios" : 0,
        "slat_ns" : {
          "min" : 1080,
          "max" : 21960,
          "mean" : 2473.246254,
          "stddev" : 184.424444,
          "N" : 105915
        },
        "clat_ns" : {
          "min" : 44720,
          "max" : 5251330,
          "mean" : 83165.118680,
          "stddev" : 105479.001698,
          "N" : 105915,
          "percentile" : {
            "1.000000" : 58112,
            "5.000000" : 63232,
            "10.000000" : 63744,
            "20.000000" : 64256,
            "30.000000" : 64768,
            "40.000000" : 66048,
            "50.000000" : 66048,
            "60.000000" : 76288,
            "70.000000" : 77312,
            "80.000000" : 78336,
            "90.000000" : 98816,
            "95.000000" : 109056,
            "99.000000" : 158720,
            "99.500000" : 847872,
            "99.900000" : 1761280,
            "99.950000" : 1859584,
            "99.990000" : 2146304
          }
        },
        "lat_ns" : {
          "min" : 47180,
          "max" : 5253790,
          "mean" : 85638.364934,
          "stddev" : 105481.034764,
          "N" : 105915
        },
        "bw_min" : 33204,
        "bw_max" : 37292,
        "bw_agg" : 99.790666,
        "bw_mean" : 35569.545455,
        "bw_dev" : 1291.148277,
        "bw_samples" : 11,
        "iops_min" : 8302,
        "iops_max" : 9323,
        "iops_mean" : 8892.181818,
        "iops_stddev" : 322.600936,
        "iops_samples" : 11
      },
      "write" : {
        "io_bytes" : 802402304,
        "io_kbytes" : 783596,
        "bw_bytes" : 67508186,
        "bw" : 65925,
        "iops" : 16481.490830,
        "runtime" : 11886,
        "total_ios" : 195899,
        "short_ios" : 0,
        "drop_ios" : 0,
        "slat_ns" : {
          "min" : 1140,
          "max" : 27870,
          "mean" : 2748.869254,
          "stddev" : 207.661710,
          "N" : 195899
        },
        "clat_ns" : {
          "min" : 351,
          "max" : 34570,
          "mean" : 10106.228669,
          "stddev" : 1225.179777,
          "N" : 195899,
          "percentile" : {
            "1.000000" : 8256,
            "5.000000" : 8512,
            "10.000000" : 8640,
            "20.000000" : 8640,
            "30.000000" : 8896,
            "40.000000" : 10432,
            "50.000000" : 10688,
            "60.000000" : 10688,
            "70.000000" : 10816,
            "80.000000" : 10816,
            "90.000000" : 10944,
            "95.000000" : 11072,
            "99.000000" : 12736,
            "99.500000" : 13504,
            "99.900000" : 21120,
            "99.950000" : 21376,
            "99.990000" : 22912
          }
        },
        "lat_ns" : {
          "min" : 7560,
          "max" : 58600,
          "mean" : 12855.097923,
          "stddev" : 1277.588733,
          "N" : 195899
        },
        "bw_min" : 61624,
        "bw_max" : 70956,
        "bw_agg" : 99.796798,
        "bw_mean" : 65792.363636,
        "bw_dev" : 2782.846610,
        "bw_samples" : 11,
        "iops_min" : 15406,
        "iops_max" : 17739,
        "iops_mean" : 16447.909091,
        "iops_stddev" : 695.685195,
        "iops_samples" : 11
      },
      "trim" : {
        "io_bytes" : 0,
        "io_kbytes" : 0,
        "bw_bytes" : 0,
        "bw" : 0,
        "iops" : 0.000000,
        "runtime" : 0,
        "total_ios" : 0,
        "short_ios" : 0,
        "drop_ios" : 0,
        "slat_ns" : {
          "min" : 0,
          "max" : 0,
          "mean" : 0.000000,
          "stddev" : 0.000000,
          "N" : 0
        },
        "clat_ns" : {
          "min" : 0,
          "max" : 0,
          "mean" : 0.000000,
          "stddev" : 0.000000,
          "N" : 0
        },
        "lat_ns" : {
          "min" : 0,
          "max" : 0,
          "mean" : 0.000000,
          "stddev" : 0.000000,
          "N" : 0
        },
        "bw_min" : 0,
        "bw_max" : 0,
        "bw_agg" : 0.000000,
        "bw_mean" : 0.000000,
        "bw_dev" : 0.000000,
        "bw_samples" : 0,
        "iops_min" : 0,
        "iops_max" : 0,
        "iops_mean" : 0.000000,
        "iops_stddev" : 0.000000,
        "iops_samples" : 0
      },
      "sync" : {
        "total_ios" : 0,
        "lat_ns" : {
          "min" : 0,
          "max" : 0,
          "mean" : 0.000000,
          "stddev" : 0.000000,
          "N" : 0
        }
      },
      "job_runtime" : 11885,
      "usr_cpu" : 4.955827,
      "sys_cpu" : 14.774926,
      "ctx" : 301787,
      "majf" : 0,
      "minf" : 40,
      "iodepth_level" : {
        "1" : 100.000000,
        "2" : 0.000000,
        "4" : 0.000000,
        "8" : 0.000000,
        "16" : 0.000000,
        "32" : 0.000000,
        ">=64" : 0.000000
      },
      "iodepth_submit" : {
        "0" : 0.000000,
        "4" : 100.000000,
        "8" : 0.000000,
        "16" : 0.000000,
        "32" : 0.000000,
        "64" : 0.000000,
        ">=64" : 0.000000
      },
      "iodepth_complete" : {
        "0" : 0.000000,
        "4" : 100.000000,
        "8" : 0.000000,
        "16" : 0.000000,
        "32" : 0.000000,
        "64" : 0.000000,
        ">=64" : 0.000000
      },
      "latency_ns" : {
        "2" : 0.000000,
        "4" : 0.000000,
        "10" : 0.000000,
        "20" : 0.000000,
        "50" : 0.000000,
        "100" : 0.000000,
        "250" : 0.000000,
        "500" : 0.010000,
        "750" : 0.010000,
        "1000" : 0.010000
      },
      "latency_us" : {
        "2" : 0.010000,
        "4" : 0.000000,
        "10" : 22.506577,
        "20" : 42.280345,
        "50" : 0.121598,
        "100" : 32.487559,
        "250" : 2.318978,
        "500" : 0.050693,
        "750" : 0.035784,
        "1000" : 0.045392
      },
      "latency_ms" : {
        "2" : 0.141809,
        "4" : 0.010000,
        "10" : 0.010000,
        "20" : 0.000000,
        "50" : 0.000000,
        "100" : 0.000000,
        "250" : 0.000000,
        "500" : 0.000000,
        "750" : 0.000000,
        "1000" : 0.000000,
        "2000" : 0.000000,
        ">=2000" : 0.000000
      },
      "latency_depth" : 1,
      "latency_target" : 0,
      "latency_percentile" : 100.000000,
      "latency_window" : 0,
      "steadystate" : {
        "ss" : "iops:10.000000%",
        "duration" : 10,
        "attained" : 1,
        "criterion" : "5.808882%",
        "max_deviation" : 1486.400000,
        "slope" : 0.000000,
        "data" : {
          "bw_mean" : 104811304,
          "iops_mean" : 25588,