{
  "fio version" : "fio-3.33",
  "timestamp" : 1687937017,
  "timestamp_ms" : 1687937017901,
  "time" : "Wed Jun 28 07:23:37 2023",
  "jobs" : [
    {
      "jobname" : "FIOJOB",
      "groupid" : 0,
      "error" : 0,
      "eta" : 0,
      "elapsed" : 23,
      "job options" : {
        "ioengine" : "io_uring",
        "rw" : "randrw",
        "bs" : "4k",
        "iodepth" : "2",
        "numjobs" : "2",
        "rwmixread" : "35",
        "runtime" : "60",
        "loops" : "1",
        "direct" : "1",
        "steadystate" : "iops:10%%",
        "steadystate_duration" : "10",
        "steadystate_ramp_time" : "1",
        "log_avg_msec" : "1000",
        "invalidate" : "1",
        "write_bw_log" : "/home/user/benchmarks/4096s/1x/nvme2n1/randrw35/4k/randrw-iodepth-2-numjobs-2",
        "write_lat_log" : "/home/user/benchmarks/4096s/1x/nvme2n1/randrw35/4k/randrw-iodepth-2-numjobs-2",
        "write_iops_log" : "/home/user/benchmarks/4096s/1x/nvme2n1/randrw35/4k/randrw-iodepth-2-numjobs-2",
        "filename" : "/dev/nvme2n1"
      },
      "read" : {
        "io_bytes" : 523485184,
        "io_kbytes" : 511216,
        "bw_bytes" : 44038460,
        "bw" : 43006,
        "iops" : 10751.577353,
        "runtime" : 11887,
        "total_ios" : 127804,
        "short_ios" : 0,
        "drop_ios" : 0,
        "slat_ns" : {
          "min" : 960,
          "max" : 35730,
          "mean" : 2637.122774,
          "stddev" : 614.894305,
          "N" : 127804
        },
        "clat_ns" : {
          "min" : 44190,
          "max" : 5577440,
          "mean" : 157351.398790,
          "stddev" : 245793.505862,
          "N" : 127804,
          "percentile" : {
            "1.000000" : 61696,
            "5.000000" : 63744,
            "10.000000" : 64768,
            "20.000000" : 70144,
            "30.000000" : 79360,
            "40.000000" : 91648,
            "50.000000" : 96768,
            "60.000000" : 105984,
            "70.000000" : 116224,
            "80.000000" : 134144,
            "90.000000" : 191488,
            "95.000000" : 552960,
            "99.000000" : 1531904,
            "99.500000" : 1728512,
            "99.900000" : 1990656,
            "99.950000" : 2146304,
            "99.990000" : 3260416
          }
        },
        "lat_ns" : {
          "min" : 46650,
          "max" : 5579880,
          "mean" : 159988.521564,
          "stddev" : 245788.112334,
          "N" : 127804
        },
        "bw_min" : 40056,
        "bw_max" : 46574,
        "bw_agg" : 59.092714,
        "bw_mean" : 42843.272727,
        "bw_dev" : 2245.879119,
        "bw_samples" : 11,
        "iops_min" : 10014,
        "iops_max" : 11643,
        "iops_mean" : 10710.636364,
        "iops_stddev" : 561.377818,
        "iops_samples" : 11
      },
      "write" : {
        "io_bytes" : 966938624,
        "io_kbytes" : 944276,
        "bw_bytes" : 81344209,
        "bw" : 79437,
        "iops" : 19859.426264,
        "runtime" : 11887,
        "total_ios" : 236069,
        "short_ios" : 0,
        "drop_ios" : 0,
        "slat_ns" : {
          "min" : 1070,
          "max" : 37940,
          "mean" : 2955.103711,
          "stddev" : 670.524642,
          "N" : 236069
        },
        "clat_ns" : {
          "min" : 290,
          "max" : 63770,
          "mean" : 9564.732820,
          "stddev" : 1854.119328,
          "N" : 236069,
          "percentile" : {
            "1.000000" : 5792,
            "5.000000" : 6112,
            "10.000000" : 6624,
            "20.000000" : 9280,
            "30.000000" : 9536,
            "40.000000" : 9536,
            "50.000000" : 9664,
            "60.000000" : 9792,
            "70.000000" : 9792,
            "80.000000" : 9920,
            "90.000000" : 11072,
            "95.000000" : 11584,
            "99.000000" : 16320,
            "99.500000" : 16768,
            "99.900000" : 21376,
            "99.950000" : 24960,
            "99.990000" : 33024
          }
        },
        "lat_ns" : {
          "min" : 6860,
          "max" : 67000,
          "mean" : 12519.836531,
          "stddev" : 1692.479614,
          "N" : 236069
        },
        "bw_min" : 73777,
        "bw_max" : 84676,
        "bw_agg" : 58.724714,
        "bw_mean" : 79161.818182,
        "bw_dev" : 3750.920629,
        "bw_samples" : 11,
        "iops_min" : 18444,
        "iops_max" : 21169,
        "iops_mean" : 19790.181818,
        "iops_stddev" : 937.589016,
        "iops_samples" : 11
      },
      "trim" : {
        "io_bytes" : 0,
        "io_kbytes" : 0,
        "bw_bytes" : 0,
        "bw" : 0,
        "iops" : 0.000000,
        "runtime" : 0,
        "total_ios" : 0,
        "short_ios" : 0,
        "drop_ios" : 0,
        "slat_ns" : {
          "min" : 0,
          "max" : 0,
          "mean" : 0.000000,
          "stddev" : 0.000000,
          "N" : 0
        },
        "clat_ns" : {
          "min" : 0,
          "max" : 0,
          "mean" : 0.000000,
          "stddev" : 0.000000,
          "N" : 0
        },
        "lat_ns" : {
          "min" : 0,
          "max" : 0,
          "mean" : 0.000000,
          "stddev" : 0.000000,
          "N" : 0
        },
        "bw_min" : 0,
        "bw_max" : 0,
        "bw_agg" : 0.000000,
        "bw_mean" : 0.000000,
        "bw_dev" : 0.000000,
        "bw_samples" : 0,
        "iops_min" : 0,
        "iops_max" : 0,
        "iops_mean" : 0.000000,
        "iops_stddev" : 0.000000,
        "iops_samples" : 0
      },
      "sync" : {
        "total_ios" : 0,
        "lat_ns" : {
          "min" : 0,
          "max" : 0,
          "mean" : 0.000000,
          "stddev" : 0.000000,
          "N" : 0
        }
      },
      "job_runtime" : 11886,
      "usr_cpu" : 6.150093,
      "sys_cpu" : 16.515228,
      "ctx" : 299180,
      "majf" : 0,
      "minf" : 42,
      "iodepth_level" : {
        "1" : 0.100000,
        "2" : 99.999725,
        "4" : 0.000000,
        "8" : 0.000000,
        "16" : 0.000000,
        "32" : 0.000000,
        ">=64" : 0.000000
      },
      "iodepth_submit" : {
        "0" : 0.000000,
        "4" : 100.000000,
        "8" : 0.000000,
        "16" : 0.000000,
        "32" : 0.000000,
        "64" : 0.000000,
        ">=64" : 0.000000
      },
      "iodepth_complete" : {
        "0" : 0.000000,
        "4" : 100.000000,
        "8" : 0.000000,
        "16" : 0.000000,
        "32" : 0.000000,
        "64" : 0.000000,
        ">=64" : 0.000000
      },
      "latency_ns" : {
        "2" : 0.000000,
        "4" : 0.000000,
        "10" : 0.000000,
        "20" : 0.000000,
        "50" : 0.000000,
        "100" : 0.000000,
        "250" : 0.000000,
        "500" : 0.010000,
        "750" : 0.000000,
        "1000" : 0.010000
      },
      "latency_us" : {
        "2" : 0.010000,
        "4" : 0.010000,
        "10" : 52.722791,
        "20" : 12.015731,
        "50" : 0.132739,
        "100" : 19.297942,
        "250" : 13.331300,
        "500" : 0.612302,
        "750" : 0.576850,
        "1000" : 0.421576
      },
      "latency_ms" : {
        "2" : 0.846999,
        "4" : 0.032979,
        "10" : 0.010000,
        "20" : 0.000000,
        "50" : 0.000000,
        "100" : 0.000000,
        "250" : 0.000000,
        "500" : 0.000000,
        "750" : 0.000000,
        "1000" : 0.000000,
        "2000" : 0.000000,
        ">=2000" : 0.000000
      },
      "latency_depth" : 2,
      "latency_target" : 0,
      "latency_percentile" : 100.000000,
      "latency_window" : 0,
      "steadystate" : {
        "ss" : "iops:10.000000%",
        "duration" : 10,
        "attained" : 1,
        "criterion" : "7.492653%",
        "max_deviation" : 2299.600000,
        "slope" : 0.000000,
        "data" : {
          "bw_mean" : 125714054,
          "iops_mean" : 30691,