{
  "fio version" : "fio-3.33",
  "timestamp" : 1687938949,
  "timestamp_ms" : 1687938949547,
  "time" : "Wed Jun 28 07:55:49 2023",
  "jobs" : [
    {
      "jobname" : "FIOJOB",
      "groupid" : 0,
      "error" : 0,
      "eta" : 0,
      "elapsed" : 23,
      "job options" : {
        "ioengine" : "io_uring",
        "rw" : "randrw",
        "bs" : "4k",
        "iodepth" : "8",
        "numjobs" : "2",
        "rwmixread" : "35",
        "runtime" : "60",
        "loops" : "1",
        "direct" : "1",
        "steadystate" : "iops:10%%",
        "steadystate_duration" : "10",
        "steadystate_ramp_time" : "1",
        "log_avg_msec" : "1000",
        "invalidate" : "1",
        "write_bw_log" : "/home/user/benchmarks/4096s/1x/nvme2n1/randrw35/4k/randrw-iodepth-8-numjobs-2",
        "write_lat_log" : "/home/user/benchmarks/4096s/1x/nvme2n1/randrw35/4k/randrw-iodepth-8-numjobs-2",
        "write_iops_log" : "/home/user/benchmarks/4096s/1x/nvme2n1/randrw35/4k/randrw-iodepth-8-numjobs-2",
        "filename" : "/dev/nvme2n1"
      },
      "read" : {
        "io_bytes" : 2162962432,
        "io_kbytes" : 2112268,
        "bw_bytes" : 98819555,
        "bw" : 96503,
        "iops" : 24125.868056,
        "runtime" : 21888,
        "total_ios" : 528067,
        "short_ios" : 0,
        "drop_ios" : 0,
        "slat_ns" : {
          "min" : 920,
          "max" : 31820,
          "mean" : 2696.396558,
          "stddev" : 995.204519,
          "N" : 528067
        },
        "clat_ns" : {
          "min" : 43040,
          "max" : 9017939,
          "mean" : 297570.450719,
          "stddev" : 331258.116592,
          "N" : 528067,
          "percentile" : {
            "1.000000" : 63744,
            "5.000000" : 73216,
            "10.000000" : 87552,
            "20.000000" : 115200,
            "30.000000" : 144384,
            "40.000000" : 175104,
            "50.000000" : 207872,
            "60.000000" : 236544,
            "70.000000" : 272384,
            "80.000000" : 325632,
            "90.000000" : 602112,
            "95.000000" : 978944,
            "99.000000" : 1744896,
            "99.500000" : 1908736,
            "99.900000" : 2736128,
            "99.950000" : 3162112,
            "99.990000" : 4292608
          }
        },
        "lat_ns" : {
          "min" : 45060,
          "max" : 9020319,
          "mean" : 300266.847277,
          "stddev" : 331203.114772,
          "N" : 528067
        },
        "bw_min" : 67620,
        "bw_max" : 121713,
        "bw_agg" : 67.500206,
        "bw_mean" : 95694.333333,
        "bw_dev" : 19569.744900,
        "bw_samples" : 21,
        "iops_min" : 16905,
        "iops_max" : 30428,
        "iops_mean" : 23923.333333,
        "iops_stddev" : 4892.532630,
        "iops_samples" : 21
      },
      "write" : {
        "io_bytes" : 4013436928,
        "io_kbytes" : 3919372,
        "bw_bytes" : 183362432,
        "bw" : 179064,
        "iops" : 44766.218933,
        "runtime" : 21888,
        "total_ios" : 979843,
        "short_ios" : 0,
        "drop_ios" : 0,
        "slat_ns" : {
          "min" : 980,
          "max" : 44900,
          "mean" : 3042.619508,
          "stddev" : 1065.179027,
          "N" : 979843
        },
        "clat_ns" : {
          "min" : 150,
          "max" : 289160,
          "mean" : 12279.182164,
          "stddev" : 6797.560996,
          "N" : 979843,
          "percentile" : {
            "1.000000" : 5856,
            "5.000000" : 6176,
            "10.000000" : 6688,
            "20.000000" : 7776,
            "30.000000" : 8768,
            "40.000000" : 9536,
            "50.000000" : 9664,
            "60.000000" : 9920,
            "70.000000" : 12224,
            "80.000000" : 15552,
            "90.000000" : 22656,
            "95.000000" : 30336,
            "99.000000" : 33024,
            "99.500000" : 34560,
            "99.900000" : 38144,
            "99.950000" : 41216,
            "99.990000" : 45824
          }
        },
        "lat_ns" : {
          "min" : 6110,
          "max" : 291790,
          "mean" : 15321.801672,
          "stddev" : 6951.356068,
          "N" : 979843
        },
        "bw_min" : 125812,
        "bw_max" : 228004,
        "bw_agg" : 67.441188,
        "bw_mean" : 177692.285714,
        "bw_dev" : 36809.620210,
        "bw_samples" : 21,
        "iops_min" : 31453,
        "iops_max" : 57001,
        "iops_mean" : 44422.952381,
        "iops_stddev" : 9202.510845,
        "iops_samples" : 21
      },
      "trim" : {
        "io_bytes" : 0,
        "io_kbytes" : 0,
        "bw_bytes" : 0,
        "bw" : 0,
        "iops" : 0.000000,
        "runtime" : 0,
        "total_ios" : 0,
        "short_ios" : 0,
        "drop_ios" : 0,
        "slat_ns" : {
          "min" : 0,
          "max" : 0,
          "mean" : 0.000000,
          "stddev" : 0.000000,
          "N" : 0
        },
        "clat_ns" : {
          "min" : 0,
          "max" : 0,
          "mean" : 0.000000,
          "stddev" : 0.000000,
          "N" : 0
        },
        "lat_ns" : {
          "min" : 0,
          "max" : 0,
          "mean" : 0.000000,
          "stddev" : 0.000000,
          "N" : 0
        },
        "bw_min" : 0,
        "bw_max" : 0,
        "bw_agg" : 0.000000,
        "bw_mean" : 0.000000,
        "bw_dev" : 0.000000,
        "bw_samples" : 0,
        "iops_min" : 0,
        "iops_max" : 0,
        "iops_mean" : 0.000000,
        "iops_stddev" : 0.000000,
        "iops_samples" : 0
      },
      "sync" : {
        "total_ios" : 0,
        "lat_ns" : {
          "min" : 0,
          "max" : 0,
          "mean" : 0.000000,
          "stddev" : 0.000000,
          "N" : 0
        }
      },
      "job_runtime" : 21887,
      "usr_cpu" : 13.830127,
      "sys_cpu" : 28.624298,
      "ctx" : 628169,
      "majf" : 0,
      "minf" : 40,
      "iodepth_level" : {
        "1" : 0.100000,
        "2" : 0.100000,
        "4" : 0.100000,
        "8" : 99.999536,
        "16" : 0.000000,
        "32" : 0.000000,
        ">=64" : 0.000000
      },
      "iodepth_submit" : {
        "0" : 0.000000,
        "4" : 100.000000,
        "8" : 0.000000,
        "16" : 0.000000,
        "32" : 0.000000,
        "64" : 0.000000,
        ">=64" : 0.000000
      },
      "iodepth_complete" : {
        "0" : 0.000000,
        "4" : 99.999934,
        "8" : 0.100000,
        "16" : 0.000000,
        "32" : 0.000000,
        "64" : 0.000000,
        ">=64" : 0.000000
      },
      "latency_ns" : {
        "2" : 0.000000,
        "4" : 0.000000,
        "10" : 0.000000,
        "20" : 0.000000,
        "50" : 0.000000,
        "100" : 0.000000,
        "250" : 0.010000,
        "500" : 0.010000,
        "750" : 0.010000,
        "1000" : 0.010000
      },
      "latency_us" : {
        "2" : 0.010000,
        "4" : 0.010000,
        "10" : 39.947079,
        "20" : 17.209117,
        "50" : 7.822748,
        "100" : 5.024305,
        "250" : 17.471069,
        "500" : 8.206193,
        "750" : 1.713166,
        "1000" : 0.895610
      },
      "latency_ms" : {
        "2" : 1.571181,
        "4" : 0.127461,
        "10" : 0.010000,
        "20" : 0.000000,
        "50" : 0.000000,
        "100" : 0.000000,
        "250" : 0.000000,
        "500" : 0.000000,
        "750" : 0.000000,
        "1000" : 0.000000,
        "2000" : 0.000000,
        ">=2000" : 0.000000
      },
      "latency_depth" : 8,
      "latency_target" : 0,
      "latency_percentile" : 100.000000,
      "latency_window" : 0,
      "steadystate" : {
        "ss" : "iops:10.000000%",
        "duration" : 10,
        "attained" : 1,
        "criterion" : "4.764298%",
        "max_deviation" : 3981.700000,
        "slope" : 0.000000,
        "data" : {
          "bw_mean" : 342319764,
          "iops_mean" : 83573,