{
  "fio version" : "fio-3.33",
  "timestamp" : 1687937893,
  "timestamp_ms" : 1687937893445,
  "time" : "Wed Jun 28 07:38:13 2023",
  "jobs" : [
    {
      "jobname" : "FIOJOB",
      "groupid" : 0,
      "error" : 0,
      "eta" : 0,
      "elapsed" : 23,
      "job options" : {
        "ioengine" : "io_uring",
        "rw" : "randrw",
        "bs" : "4k",
        "iodepth" : "4",
        "numjobs" : "2",
        "rwmixread" : "35",
        "runtime" : "60",
        "loops" : "1",
        "direct" : "1",
        "steadystate" : "iops:10%%",
        "steadystate_duration" : "10",
        "steadystate_ramp_time" : "1",
        "log_avg_msec" : "1000",
        "invalidate" : "1",
        "write_bw_log" : "/home/user/benchmarks/4096s/1x/nvme2n1/randrw35/4k/randrw-iodepth-4-numjobs-2",
        "write_lat_log" : "/home/user/benchmarks/4096s/1x/nvme2n1/randrw35/4k/randrw-iodepth-4-numjobs-2",
        "write_iops_log" : "/home/user/benchmarks/4096s/1x/nvme2n1/randrw35/4k/randrw-iodepth-4-numjobs-2",
        "filename" : "/dev/nvme2n1"
      },
      "read" : {
        "io_bytes" : 1462579200,
        "io_kbytes" : 1428300,
        "bw_bytes" : 66824105,
        "bw" : 65257,
        "iops" : 16314.478914,
        "runtime" : 21887,
        "total_ios" : 357075,
        "short_ios" : 0,
        "drop_ios" : 0,
        "slat_ns" : {
          "min" : 970,
          "max" : 26620,
          "mean" : 2747.985051,
          "stddev" : 769.441577,
          "N" : 357075
        },
        "clat_ns" : {
          "min" : 40151,
          "max" : 7177199,
          "mean" : 215242.071027,
          "stddev" : 262887.088886,
          "N" : 357075,
          "percentile" : {
            "1.000000" : 62208,
            "5.000000" : 65280,
            "10.000000" : 74240,
            "20.000000" : 98816,
            "30.000000" : 120320,
            "40.000000" : 142336,
            "50.000000" : 158720,
            "60.000000" : 177152,
            "70.000000" : 195584,
            "80.000000" : 218112,
            "90.000000" : 284672,
            "95.000000" : 643072,
            "99.000000" : 1630208,
            "99.500000" : 1826816,
            "99.900000" : 2179072,
            "99.950000" : 2506752,
            "99.990000" : 3588096
          }
        },
        "lat_ns" : {
          "min" : 44631,
          "max" : 7179839,
          "mean" : 217990.056078,
          "stddev" : 262862.952758,
          "N" : 357075
        },
        "bw_min" : 52328,
        "bw_max" : 79351,
        "bw_agg" : 66.532495,
        "bw_mean" : 64864.380952,
        "bw_dev" : 10606.879185,
        "bw_samples" : 21,
        "iops_min" : 13082,
        "iops_max" : 19837,
        "iops_mean" : 16215.952381,
        "iops_stddev" : 2651.579369,
        "iops_samples" : 21
      },
      "write" : {
        "io_bytes" : 2713325568,
        "io_kbytes" : 2649732,
        "bw_bytes" : 123969733,
        "bw" : 121064,
        "iops" : 30266.048339,
        "runtime" : 21887,
        "total_ios" : 662433,
        "short_ios" : 0,
        "drop_ios" : 0,
        "slat_ns" : {
          "min" : 1040,
          "max" : 51451,
          "mean" : 3134.262910,
          "stddev" : 842.817006,
          "N" : 662433
        },
        "clat_ns" : {
          "min" : 269,
          "max" : 118480,
          "mean" : 9986.906884,
          "stddev" : 2687.416955,
          "N" : 662433,
          "percentile" : {
            "1.000000" : 5920,
            "5.000000" : 6240,
            "10.000000" : 6432,
            "20.000000" : 8256,
            "30.000000" : 9536,
            "40.000000" : 9792,
            "50.000000" : 9792,
            "60.000000" : 9920,
            "70.000000" : 10048,
            "80.000000" : 11072,
            "90.000000" : 12864,
            "95.000000" : 15936,
            "99.000000" : 18304,
            "99.500000" : 20352,
            "99.900000" : 26240,
            "99.950000" : 28032,
            "99.990000" : 34048
          }
        },
        "lat_ns" : {
          "min" : 6770,
          "max" : 121620,
          "mean" : 13121.169794,
          "stddev" : 2663.464607,
          "N" : 662433
        },
        "bw_min" : 97200,
        "bw_max" : 148396,
        "bw_agg" : 66.344896,
        "bw_mean" : 120316.428571,
        "bw_dev" : 19853.819427,
        "bw_samples" : 21,
        "iops_min" : 24299,
        "iops_max" : 37099,
        "iops_mean" : 30078.904762,
        "iops_stddev" : 4963.496801,
        "iops_samples" : 21
      },
      "trim" : {
        "io_bytes" : 0,
        "io_kbytes" : 0,
        "bw_bytes" : 0,
        "bw" : 0,
        "iops" : 0.000000,
        "runtime" : 0,
        "total_ios" : 0,
        "short_ios" : 0,
        "drop_ios" : 0,
        "slat_ns" : {
          "min" : 0,
          "max" : 0,
          "mean" : 0.000000,
          "stddev" : 0.000000,
          "N" : 0
        },
        "clat_ns" : {
          "min" : 0,
          "max" : 0,
          "mean" : 0.000000,
          "stddev" : 0.000000,
          "N" : 0
        },
        "lat_ns" : {
          "min" : 0,
          "max" : 0,
          "mean" : 0.000000,
          "stddev" : 0.000000,
          "N" : 0
        },
        "bw_min" : 0,
        "bw_max" : 0,
        "bw_agg" : 0.000000,
        "bw_mean" : 0.000000,
        "bw_dev" : 0.000000,
        "bw_samples" : 0,
        "iops_min" : 0,
        "iops_max" : 0,
        "iops_mean" : 0.000000,
        "iops_stddev" : 0.000000,
        "iops_samples" : 0
      },
      "sync" : {
        "total_ios" : 0,
        "lat_ns" : {
          "min" : 0,
          "max" : 0,
          "mean" : 0.000000,
          "stddev" : 0.000000,
          "N" : 0
        }
      },
      "job_runtime" : 21886,
      "usr_cpu" : 10.088641,
      "sys_cpu" : 22.964452,
      "ctx" : 672392,
      "majf" : 0,
      "minf" : 42,
      "iodepth_level" : {
        "1" : 0.100000,
        "2" : 0.100000,
        "4" : 99.999706,
        "8" : 0.000000,
        "16" : 0.000000,
        "32" : 0.000000,
        ">=64" : 0.000000
      },
      "iodepth_submit" : {
        "0" : 0.000000,
        "4" : 100.000000,
        "8" : 0.000000,
        "16" : 0.000000,
        "32" : 0.000000,
        "64" : 0.000000,
        ">=64" : 0.000000
      },
      "iodepth_complete" : {
        "0" : 0.000000,
        "4" : 100.000000,
        "8" : 0.000000,
        "16" : 0.000000,
        "32" : 0.000000,
        "64" : 0.000000,
        ">=64" : 0.000000
      },
      "latency_ns" : {
        "2" : 0.000000,
        "4" : 0.000000,
        "10" : 0.000000,
        "20" : 0.000000,
        "50" : 0.000000,
        "100" : 0.000000,
        "250" : 0.000000,
        "500" : 0.010000,
        "750" : 0.010000,
        "1000" : 0.010000
      },
      "latency_us" : {
        "2" : 0.010000,
        "4" : 0.010000,
        "10" : 43.645562,
        "20" : 20.921464,
        "50" : 0.428834,
        "100" : 7.151096,
        "250" : 23.685248,
        "500" : 1.948587,
        "750" : 0.757915,
        "1000" : 0.473562
      },
      "latency_ms" : {
        "2" : 0.904064,
        "4" : 0.070328,
        "10" : 0.010000,
        "20" : 0.000000,
        "50" : 0.000000,
        "100" : 0.000000,
        "250" : 0.000000,
        "500" : 0.000000,
        "750" : 0.000000,
        "1000" : 0.000000,
        "2000" : 0.000000,
        ">=2000" : 0.000000
      },
      "latency_depth" : 4,
      "latency_target" : 0,
      "latency_percentile" : 100.000000,
      "latency_window" : 0,
      "steadystate" : {
        "ss" : "iops:10.000000%",
        "duration" : 10,
        "attained" : 1,
        "criterion" : "6.291318%",
        "max_deviation" : 3426.000000,
        "slope" : 0.000000,
        "data" : {
          "bw_mean" : 223053769,
          "iops_mean" : 54456,