{
  "fio version" : "fio-3.33",
  "timestamp" : 1687938878,
  "timestamp_ms" : 1687938878606,
  "time" : "Wed Jun 28 07:54:38 2023",
  "jobs" : [
    {
      "jobname" : "FIOJOB",
      "groupid" : 0,
      "error" : 0,
      "eta" : 0,
      "elapsed" : 13,
      "job options" : {
        "ioengine" : "io_uring",
        "rw" : "randrw",
        "bs" : "4k",
        "iodepth" : "8",
        "numjobs" : "1",
        "rwmixread" : "35",
        "runtime" : "60",
        "loops" : "1",
        "direct" : "1",
        "steadystate" : "iops:10%%",
        "steadystate_duration" : "10",
        "steadystate_ramp_time" : "1",
        "log_avg_msec" : "1000",
        "invalidate" : "1",
        "write_bw_log" : "/home/user/benchmarks/4096s/1x/nvme2n1/randrw35/4k/randrw-iodepth-8-numjobs-1",
        "write_lat_log" : "/home/user/benchmarks/4096s/1x/nvme2n1/randrw35/4k/randrw-iodepth-8-numjobs-1",
        "write_iops_log" : "/home/user/benchmarks/4096s/1x/nvme2n1/randrw35/4k/randrw-iodepth-8-numjobs-1",
        "filename" : "/dev/nvme2n1"
      },
      "read" : {
        "io_bytes" : 1268166656,
        "io_kbytes" : 1238444,
        "bw_bytes" : 106685173,
        "bw" : 104184,
        "iops" : 26046.184908,
        "runtime" : 11887,
        "total_ios" : 309611,
        "short_ios" : 0,
        "drop_ios" : 0,
        "slat_ns" : {
          "min" : 960,
          "max" : 29670,
          "mean" : 2871.310509,
          "stddev" : 887.951190,
          "N" : 309611
        },
        "clat_ns" : {
          "min" : 43270,
          "max" : 5077960,
          "mean" : 272974.664976,
          "stddev" : 264029.364465,
          "N" : 309611,
          "percentile" : {
            "1.000000" : 63744,
            "5.000000" : 72192,
            "10.000000" : 95744,
            "20.000000" : 134144,
            "30.000000" : 177152,
            "40.000000" : 211968,
            "50.000000" : 236544,
            "60.000000" : 259072,
            "70.000000" : 284672,
            "80.000000" : 309248,
            "90.000000" : 362496,
            "95.000000" : 536576,
            "99.000000" : 1712128,
            "99.500000" : 1925120,
            "99.900000" : 2310144,
            "99.950000" : 2637824,
            "99.990000" : 4046848
          }
        },
        "lat_ns" : {
          "min" : 45870,
          "max" : 5080620,
          "mean" : 275845.975485,
          "stddev" : 263989.303857,
          "N" : 309611
        },
        "bw_min" : 102658,
        "bw_max" : 107343,
        "bw_agg" : 100.000000,
        "bw_mean" : 104455.636364,
        "bw_dev" : 1434.781814,
        "bw_samples" : 11,
        "iops_min" : 25664,
        "iops_max" : 26835,
        "iops_mean" : 26113.636364,
        "iops_stddev" : 358.782183,
        "iops_samples" : 11
      },
      "write" : {
        "io_bytes" : 2350710784,
        "io_kbytes" : 2295616,
        "bw_bytes" : 197754755,
        "bw" : 193119,
        "iops" : 48279.969715,
        "runtime" : 11887,
        "total_ios" : 573904,
        "short_ios" : 0,
        "drop_ios" : 0,
        "slat_ns" : {
          "min" : 1030,
          "max" : 30350,
          "mean" : 3200.024947,
          "stddev" : 929.471535,
          "N" : 573904
        },
        "clat_ns" : {
          "min" : 260,
          "max" : 115580,
          "mean" : 12002.703689,
          "stddev" : 4226.642304,
          "N" : 573904,
          "percentile" : {
            "1.000000" : 6048,
            "5.000000" : 6752,
            "10.000000" : 7776,
            "20.000000" : 8768,
            "30.000000" : 9792,
            "40.000000" : 10048,
            "50.000000" : 11200,
            "60.000000" : 11584,
            "70.000000" : 12864,
            "80.000000" : 15680,
            "90.000000" : 17536,
            "95.000000" : 19840,
            "99.000000" : 26240,
            "99.500000" : 28800,
            "99.900000" : 34560,
            "99.950000" : 37120,
            "99.990000" : 42240
          }
        },
        "lat_ns" : {
          "min" : 6630,
          "max" : 119040,
          "mean" : 15202.728636,
          "stddev" : 4544.395380,
          "N" : 573904
        },
        "bw_min" : 189401,
        "bw_max" : 198702,
        "bw_agg" : 100.000000,
        "bw_mean" : 193468.363636,
        "bw_dev" : 2765.656605,
        "bw_samples" : 11,
        "iops_min" : 47350,
        "iops_max" : 49675,
        "iops_mean" : 48366.909091,
        "iops_stddev" : 691.394599,
        "iops_samples" : 11
      },
      "trim" : {
        "io_bytes" : 0,
        "io_kbytes" : 0,
        "bw_bytes" : 0,
        "bw" : 0,
        "iops" : 0.000000,
        "runtime" : 0,
        "total_ios" : 0,
        "short_ios" : 0,
        "drop_ios" : 0,
        "slat_ns" : {
          "min" : 0,
          "max" : 0,
          "mean" : 0.000000,
          "stddev" : 0.000000,
          "N" : 0
        },
        "clat_ns" : {
          "min" : 0,
          "max" : 0,
          "mean" : 0.000000,
          "stddev" : 0.000000,
          "N" : 0
        },
        "lat_ns" : {
          "min" : 0,
          "max" : 0,
          "mean" : 0.000000,
          "stddev" : 0.000000,
          "N" : 0
        },
        "bw_min" : 0,
        "bw_max" : 0,
        "bw_agg" : 0.000000,
        "bw_mean" : 0.000000,
        "bw_dev" : 0.000000,
        "bw_samples" : 0,
        "iops_min" : 0,
        "iops_max" : 0,
        "iops_mean" : 0.000000,
        "iops_stddev" : 0.000000,
        "iops_samples" : 0
      },
      "sync" : {
        "total_ios" : 0,
        "lat_ns" : {
          "min" : 0,
          "max" : 0,
          "mean" : 0.000000,
          "stddev" : 0.000000,
          "N" : 0
        }
      },
      "job_runtime" : 11886,
      "usr_cpu" : 16.279657,
      "sys_cpu" : 33.089349,
      "ctx" : 409024,
      "majf" : 0,
      "minf" : 44,
      "iodepth_level" : {
        "1" : 0.100000,
        "2" : 0.100000,
        "4" : 0.100000,
        "8" : 99.999208,
        "16" : 0.000000,
        "32" : 0.000000,
        ">=64" : 0.000000
      },
      "iodepth_submit" : {
        "0" : 0.000000,
        "4" : 100.000000,
        "8" : 0.000000,
        "16" : 0.000000,
        "32" : 0.000000,
        "64" : 0.000000,
        ">=64" : 0.000000
      },
      "iodepth_complete" : {
        "0" : 0.000000,
        "4" : 99.999887,
        "8" : 0.100000,
        "16" : 0.000000,
        "32" : 0.000000,
        "64" : 0.000000,
        ">=64" : 0.000000
      },
      "latency_ns" : {
        "2" : 0.000000,
        "4" : 0.000000,
        "10" : 0.000000,
        "20" : 0.000000,
        "50" : 0.000000,
        "100" : 0.000000,
        "250" : 0.000000,
        "500" : 0.010000,
        "750" : 0.000000,
        "1000" : 0.000000
      },
      "latency_us" : {
        "2" : 0.010000,
        "4" : 0.010000,
        "10" : 25.218361,
        "20" : 36.741199,
        "50" : 3.001873,
        "100" : 3.865243,
        "250" : 15.700243,
        "500" : 13.625009,
        "750" : 0.519176,
        "1000" : 0.333441
      },
      "latency_ms" : {
        "2" : 0.869368,
        "4" : 0.118391,
        "10" : 0.010000,
        "20" : 0.000000,
        "50" : 0.000000,
        "100" : 0.000000,
        "250" : 0.000000,
        "500" : 0.000000,
        "750" : 0.000000,
        "1000" : 0.000000,
        "2000" : 0.000000,
        ">=2000" : 0.000000
      },
      "latency_depth" : 8,
      "latency_target" : 0,
      "latency_percentile" : 100.000000,
      "latency_window" : 0,
      "steadystate" : {
        "ss" : "iops:10.000000%",
        "duration" : 10,
        "attained" : 1,
        "criterion" : "2.633031%",
        "max_deviation" : 1956.000000,
        "slope" : 0.000000,
        "data" : {
          "bw_mean" : 304280962,
          "iops_mean" : 74287,