{
  "fio version" : "fio-3.33",
  "timestamp" : 1687936934,
  "timestamp_ms" : 1687936934970,
  "time" : "Wed Jun 28 07:22:14 2023",
  "jobs" : [
    {
      "jobname" : "FIOJOB",
      "groupid" : 0,
      "error" : 0,
      "eta" : 0,
      "elapsed" : 13,
      "job options" : {
        "ioengine" : "io_uring",
        "rw" : "randrw",
        "bs" : "4k",
        "iodepth" : "2",
        "numjobs" : "1",
        "rwmixread" : "35",
        "runtime" : "60",
        "loops" : "1",
        "direct" : "1",
        "steadystate" : "iops:10%%",
        "steadystate_duration" : "10",
        "steadystate_ramp_time" : "1",
        "log_avg_msec" : "1000",
        "invalidate" : "1",
        "write_bw_log" : "/home/user/benchmarks/4096s/1x/nvme2n1/randrw35/4k/randrw-iodepth-2-numjobs-1",
        "write_lat_log" : "/home/user/benchmarks/4096s/1x/nvme2n1/randrw35/4k/randrw-iodepth-2-numjobs-1",
        "write_iops_log" : "/home/user/benchmarks/4096s/1x/nvme2n1/randrw35/4k/randrw-iodepth-2-numjobs-1",
        "filename" : "/dev/nvme2n1"
      },
      "read" : {
        "io_bytes" : 719486976,
        "io_kbytes" : 702624,
        "bw_bytes" : 60527212,
        "bw" : 59108,
        "iops" : 14777.151510,
        "runtime" : 11887,
        "total_ios" : 175656,
        "short_ios" : 0,
        "drop_ios" : 0,
        "slat_ns" : {
          "min" : 940,
          "max" : 27149,
          "mean" : 2143.958527,
          "stddev" : 648.469210,
          "N" : 175656
        },
        "clat_ns" : {
          "min" : 40580,
          "max" : 3811199,
          "mean" : 110311.026580,
          "stddev" : 153296.704843,
          "N" : 175656,
          "percentile" : {
            "1.000000" : 60160,
            "5.000000" : 61696,
            "10.000000" : 62720,
            "20.000000" : 66048,
            "30.000000" : 75264,
            "40.000000" : 82432,
            "50.000000" : 92672,
            "60.000000" : 95744,
            "70.000000" : 100864,
            "80.000000" : 110080,
            "90.000000" : 122368,
            "95.000000" : 144384,
            "99.000000" : 1056768,
            "99.500000" : 1466368,
            "99.900000" : 1761280,
            "99.950000" : 1826816,
            "99.990000" : 2342912
          }
        },
        "lat_ns" : {
          "min" : 42190,
          "max" : 3812870,
          "mean" : 112454.985107,
          "stddev" : 153288.307629,
          "N" : 175656
        },
        "bw_min" : 55623,
        "bw_max" : 61624,
        "bw_agg" : 99.953297,
        "bw_mean" : 59081.818182,
        "bw_dev" : 2110.316792,
        "bw_samples" : 11,
        "iops_min" : 13905,
        "iops_max" : 15406,
        "iops_mean" : 14770.272727,
        "iops_stddev" : 527.691973,
        "iops_samples" : 11
      },
      "write" : {
        "io_bytes" : 1334243328,
        "io_kbytes" : 1302972,
        "bw_bytes" : 112243907,
        "bw" : 109613,
        "iops" : 27403.297720,
        "runtime" : 11887,
        "total_ios" : 325743,
        "short_ios" : 0,
        "drop_ios" : 0,
        "slat_ns" : {
          "min" : 1030,
          "max" : 26790,
          "mean" : 2381.516340,
          "stddev" : 684.974855,
          "N" : 325743
        },
        "clat_ns" : {
          "min" : 180,
          "max" : 56090,
          "mean" : 8700.835229,
          "stddev" : 2036.422811,
          "N" : 325743,
          "percentile" : {
            "1.000000" : 5536,
            "5.000000" : 5856,
            "10.000000" : 6624,
            "20.000000" : 7648,
            "30.000000" : 7776,
            "40.000000" : 7840,
            "50.000000" : 7968,
            "60.000000" : 8256,
            "70.000000" : 9408,
            "80.000000" : 9792,
            "90.000000" : 11072,
            "95.000000" : 11456,
            "99.000000" : 16192,
            "99.500000" : 16512,
            "99.900000" : 20608,
            "99.950000" : 22400,
            "99.990000" : 29056
          }
        },
        "lat_ns" : {
          "min" : 5931,
          "max" : 58040,
          "mean" : 11082.351569,
          "stddev" : 2243.699523,
          "N" : 325743
        },
        "bw_min" : 103171,
        "bw_max" : 114172,
        "bw_agg" : 99.854771,
        "bw_mean" : 109454.272727,
        "bw_dev" : 3739.566769,
        "bw_samples" : 11,
        "iops_min" : 25792,
        "iops_max" : 28543,
        "iops_mean" : 27363.454545,
        "iops_stddev" : 935.008167,
        "iops_samples" : 11
      },
      "trim" : {
        "io_bytes" : 0,
        "io_kbytes" : 0,
        "bw_bytes" : 0,
        "bw" : 0,
        "iops" : 0.000000,
        "runtime" : 0,
        "total_ios" : 0,
        "short_ios" : 0,
        "drop_ios" : 0,
        "slat_ns" : {
          "min" : 0,
          "max" : 0,
          "mean" : 0.000000,
          "stddev" : 0.000000,
          "N" : 0
        },
        "clat_ns" : {
          "min" : 0,
          "max" : 0,
          "mean" : 0.000000,
          "stddev" : 0.000000,
          "N" : 0
        },
        "lat_ns" : {
          "min" : 0,
          "max" : 0,
          "mean" : 0.000000,
          "stddev" : 0.000000,
          "N" : 0
        },
        "bw_min" : 0,
        "bw_max" : 0,
        "bw_agg" : 0.000000,
        "bw_mean" : 0.000000,
        "bw_dev" : 0.000000,
        "bw_samples" : 0,
        "iops_min" : 0,
        "iops_max" : 0,
        "iops_mean" : 0.000000,
        "iops_stddev" : 0.000000,
        "iops_samples" : 0
      },
      "sync" : {
        "total_ios" : 0,
        "lat_ns" : {
          "min" : 0,
          "max" : 0,
          "mean" : 0.000000,
          "stddev" : 0.000000,
          "N" : 0
        }
      },
      "job_runtime" : 11886,
      "usr_cpu" : 6.806327,
      "sys_cpu" : 18.694262,
      "ctx" : 437699,
      "majf" : 0,
      "minf" : 41,
      "iodepth_level" : {
        "1" : 0.100000,
        "2" : 99.999801,
        "4" : 0.000000,
        "8" : 0.000000,
        "16" : 0.000000,
        "32" : 0.000000,
        ">=64" : 0.000000
      },
      "iodepth_submit" : {
        "0" : 0.000000,
        "4" : 100.000000,
        "8" : 0.000000,
        "16" : 0.000000,
        "32" : 0.000000,
        "64" : 0.000000,
        ">=64" : 0.000000
      },
      "iodepth_complete" : {
        "0" : 0.000000,
        "4" : 100.000000,
        "8" : 0.000000,
        "16" : 0.000000,
        "32" : 0.000000,
        "64" : 0.000000,
        ">=64" : 0.000000
      },
      "latency_ns" : {
        "2" : 0.000000,
        "4" : 0.000000,
        "10" : 0.000000,
        "20" : 0.000000,
        "50" : 0.000000,
        "100" : 0.000000,
        "250" : 0.010000,
        "500" : 0.010000,
        "750" : 0.000000,
        "1000" : 0.010000
      },
      "latency_us" : {
        "2" : 0.000000,
        "4" : 0.010000,
        "10" : 52.347532,
        "20" : 12.532933,
        "50" : 0.218987,
        "100" : 23.896936,
        "250" : 10.272857,
        "500" : 0.142601,
        "750" : 0.110291,
        "1000" : 0.099920
      },
      "latency_ms" : {
        "2" : 0.365976,
        "4" : 0.010000,
        "10" : 0.000000,
        "20" : 0.000000,
        "50" : 0.000000,
        "100" : 0.000000,
        "250" : 0.000000,
        "500" : 0.000000,
        "750" : 0.000000,
        "1000" : 0.000000,
        "2000" : 0.000000,
        ">=2000" : 0.000000
      },
      "latency_depth" : 2,
      "latency_target" : 0,
      "latency_percentile" : 100.000000,
      "latency_window" : 0,
      "steadystate" : {
        "ss" : "iops:10.000000%",
        "duration" : 10,
        "attained" : 1,
        "criterion" : "5.752786%",
        "max_deviation" : 2418.500000,
        "slope" : 0.000000,
        "data" : {
          "bw_mean" : 172198869,
          "iops_mean" : 42040,