{
  "fio version" : "fio-3.33",
  "timestamp" : 1687941164,
  "timestamp_ms" : 1687941164162,
  "time" : "Wed Jun 28 08:32:44 2023",
  "jobs" : [
    {
      "jobname" : "FIOJOB",
      "groupid" : 0,
      "error" : 0,
      "eta" : 0,
      "elapsed" : 13,
      "job options" : {
        "ioengine" : "io_uring",
        "rw" : "randrw",
        "bs" : "4k",
        "iodepth" : "32",
        "numjobs" : "2",
        "rwmixread" : "35",
        "runtime" : "60",
        "loops" : "1",
        "direct" : "1",
        "steadystate" : "iops:10%%",
        "steadystate_duration" : "10",
        "steadystate_ramp_time" : "1",
        "log_avg_msec" : "1000",
        "invalidate" : "1",
        "write_bw_log" : "/home/user/benchmarks/4096s/1x/nvme2n1/randrw35/4k/randrw-iodepth-32-numjobs-2",
        "write_lat_log" : "/home/user/benchmarks/4096s/1x/nvme2n1/randrw35/4k/randrw-iodepth-32-numjobs-2",
        "write_iops_log" : "/home/user/benchmarks/4096s/1x/nvme2n1/randrw35/4k/randrw-iodepth-32-numjobs-2",
        "filename" : "/dev/nvme2n1"
      },
      "read" : {
        "io_bytes" : 1996492800,
        "io_kbytes" : 1949700,
        "bw_bytes" : 167970116,
        "bw" : 164033,
        "iops" : 41008.329127,
        "runtime" : 11886,
        "total_ios" : 487425,
        "short_ios" : 0,
        "drop_ios" : 0,
        "slat_ns" : {
          "min" : 950,
          "max" : 37680,
          "mean" : 2455.754859,
          "stddev" : 1244.864715,
          "N" : 487425
        },
        "clat_ns" : {
          "min" : 49270,
          "max" : 12475449,
          "mean" : 718296.430230,
          "stddev" : 621556.798477,
          "N" : 487425,
          "percentile" : {
            "1.000000" : 84480,
            "5.000000" : 113152,
            "10.000000" : 144384,
            "20.000000" : 209920,
            "30.000000" : 272384,
            "40.000000" : 350208,
            "50.000000" : 497664,
            "60.000000" : 724992,
            "70.000000" : 937984,
            "80.000000" : 1187840,
            "90.000000" : 1581056,
            "95.000000" : 1875968,
            "99.000000" : 2703360,
            "99.500000" : 3129344,
            "99.900000" : 4292608,
            "99.950000" : 4685824,
            "99.990000" : 6258688
          }
        },
        "lat_ns" : {
          "min" : 51960,
          "max" : 12480009,
          "mean" : 720752.185089,
          "stddev" : 621449.066598,
          "N" : 487425
        },
        "bw_min" : 151371,
        "bw_max" : 176488,
        "bw_agg" : 51.667495,
        "bw_mean" : 165433.363636,
        "bw_dev" : 6977.748724,
        "bw_samples" : 11,
        "iops_min" : 37842,
        "iops_max" : 44122,
        "iops_mean" : 41358.363636,
        "iops_stddev" : 1745.116058,
        "iops_samples" : 11
      },
      "write" : {
        "io_bytes" : 3706732544,
        "io_kbytes" : 3619856,
        "bw_bytes" : 311857020,
        "bw" : 304547,
        "iops" : 76136.967861,
        "runtime" : 11886,
        "total_ios" : 904964,
        "short_ios" : 0,
        "drop_ios" : 0,
        "slat_ns" : {
          "min" : 1040,
          "max" : 43820,
          "mean" : 2763.138892,
          "stddev" : 1341.730601,
          "N" : 904964
        },
        "clat_ns" : {
          "min" : 220,
          "max" : 2030780,
          "mean" : 27927.787518,
          "stddev" : 51819.398315,
          "N" : 904964,
          "percentile" : {
            "1.000000" : 6304,
            "5.000000" : 6944,
            "10.000000" : 7904,
            "20.000000" : 8256,
            "30.000000" : 9792,
            "40.000000" : 12224,
            "50.000000" : 16768,
            "60.000000" : 24192,
            "70.000000" : 30336,
            "80.000000" : 36608,
            "90.000000" : 57088,
            "95.000000" : 82432,
            "99.000000" : 122368,
            "99.500000" : 136192,
            "99.900000" : 921600,
            "99.950000" : 1286144,
            "99.990000" : 1679360
          }
        },
        "lat_ns" : {
          "min" : 6830,
          "max" : 2032800,
          "mean" : 30690.926409,
          "stddev" : 52034.640955,
          "N" : 904964
        },
        "bw_min" : 281777,
        "bw_max" : 326018,
        "bw_agg" : 51.625796,
        "bw_mean" : 307261.363636,
        "bw_dev" : 11943.014320,
        "bw_samples" : 11,
        "iops_min" : 70444,
        "iops_max" : 81503,
        "iops_mean" : 76815.181818,
        "iops_stddev" : 2985.710127,
        "iops_samples" : 11
      },
      "trim" : {
        "io_bytes" : 0,
        "io_kbytes" : 0,
        "bw_bytes" : 0,
        "bw" : 0,
        "iops" : 0.000000,
        "runtime" : 0,
        "total_ios" : 0,
        "short_ios" : 0,
        "drop_ios" : 0,
        "slat_ns" : {
          "min" : 0,
          "max" : 0,
          "mean" : 0.000000,
          "stddev" : 0.000000,
          "N" : 0
        },
        "clat_ns" : {
          "min" : 0,
          "max" : 0,
          "mean" : 0.000000,
          "stddev" : 0.000000,
          "N" : 0
        },
        "lat_ns" : {
          "min" : 0,
          "max" : 0,
          "mean" : 0.000000,
          "stddev" : 0.000000,
          "N" : 0
        },
        "bw_min" : 0,
        "bw_max" : 0,
        "bw_agg" : 0.000000,
        "bw_mean" : 0.000000,
        "bw_dev" : 0.000000,
        "bw_samples" : 0,
        "iops_min" : 0,
        "iops_max" : 0,
        "iops_mean" : 0.000000,
        "iops_stddev" : 0.000000,
        "iops_samples" : 0
      },
      "sync" : {
        "total_ios" : 0,
        "lat_ns" : {
          "min" : 0,
          "max" : 0,
          "mean" : 0.000000,
          "stddev" : 0.000000,
          "N" : 0
        }
      },
      "job_runtime" : 11885,
      "usr_cpu" : 19.158603,
      "sys_cpu" : 35.161969,
      "ctx" : 331936,
      "majf" : 0,
      "minf" : 42,
      "iodepth_level" : {
        "1" : 0.100000,
        "2" : 0.100000,
        "4" : 0.100000,
        "8" : 0.100000,
        "16" : 0.100000,
        "32" : 99.997774,
        ">=64" : 0.000000
      },
      "iodepth_submit" : {
        "0" : 0.000000,
        "4" : 100.000000,
        "8" : 0.000000,
        "16" : 0.000000,
        "32" : 0.000000,
        "64" : 0.000000,
        ">=64" : 0.000000
      },
      "iodepth_complete" : {
        "0" : 0.000000,
        "4" : 99.999928,
        "8" : 0.000000,
        "16" : 0.000000,
        "32" : 0.100000,
        "64" : 0.000000,
        ">=64" : 0.000000
      },
      "latency_ns" : {
        "2" : 0.000000,
        "4" : 0.000000,
        "10" : 0.000000,
        "20" : 0.000000,
        "50" : 0.000000,
        "100" : 0.000000,
        "250" : 0.010000,
        "500" : 0.010000,
        "750" : 0.010000,
        "1000" : 0.010000
      },
      "latency_us" : {
        "2" : 0.010000,
        "4" : 0.010000,
        "10" : 20.254828,
        "20" : 15.286964,
        "50" : 21.423754,
        "100" : 7.313761,
        "250" : 9.753381,
        "500" : 8.400095,
        "750" : 3.916865,
        "1000" : 4.017196
      },
      "latency_ms" : {
        "2" : 8.354562,
        "4" : 1.222575,
        "10" : 0.050776,
        "20" : 0.010000,
        "50" : 0.000000,
        "100" : 0.000000,
        "250" : 0.000000,
        "500" : 0.000000,
        "750" : 0.000000,
        "1000" : 0.000000,
        "2000" : 0.000000,
        ">=2000" : 0.000000
      },
      "latency_depth" : 32,
      "latency_target" : 0,
      "latency_percentile" : 100.000000,
      "latency_window" : 0,
      "steadystate" : {
        "ss" : "iops:10.000000%",
        "duration" : 10,
        "attained" : 1,
        "criterion" : "8.955458%",
        "max_deviation" : 10386.200000,
        "slope" : 0.000000,
        "data" : {
          "bw_mean" : 475040002,
          "iops_mean" : 115976,