{
  "fio version" : "fio-3.33",
  "timestamp" : 1687942294,
  "timestamp_ms" : 1687942294114,
  "time" : "Wed Jun 28 08:51:34 2023",
  "jobs" : [
    {
      "jobname" : "FIOJOB",
      "groupid" : 0,
      "error" : 0,
      "eta" : 0,
      "elapsed" : 13,
      "job options" : {
        "ioengine" : "io_uring",
        "rw" : "randrw",
        "bs" : "4k",
        "iodepth" : "64",
        "numjobs" : "1",
        "rwmixread" : "35",
        "runtime" : "60",
        "loops" : "1",
        "direct" : "1",
        "steadystate" : "iops:10%%",
        "steadystate_duration" : "10",
        "steadystate_ramp_time" : "1",
        "log_avg_msec" : "1000",
        "invalidate" : "1",
        "write_bw_log" : "/home/user/benchmarks/4096s/1x/nvme2n1/randrw35/4k/randrw-iodepth-64-numjobs-1",
        "write_lat_log" : "/home/user/benchmarks/4096s/1x/nvme2n1/randrw35/4k/randrw-iodepth-64-numjobs-1",
        "write_iops_log" : "/home/user/benchmarks/4096s/1x/nvme2n1/randrw35/4k/randrw-iodepth-64-numjobs-1",
        "filename" : "/dev/nvme2n1"
      },
      "read" : {
        "io_bytes" : 4529586176,
        "io_kbytes" : 4423424,
        "bw_bytes" : 380989669,
        "bw" : 372060,
        "iops" : 93015.055934,
        "runtime" : 11889,
        "total_ios" : 1105856,
        "short_ios" : 0,
        "drop_ios" : 0,
        "slat_ns" : {
          "min" : 920,
          "max" : 20130,
          "mean" : 1109.108796,
          "stddev" : 527.095847,
          "N" : 1105856
        },
        "clat_ns" : {
          "min" : 61590,
          "max" : 12990239,
          "mean" : 627571.650015,
          "stddev" : 586856.100079,
          "N" : 1105856,
          "percentile" : {
            "1.000000" : 93696,
            "5.000000" : 115200,
            "10.000000" : 150528,
            "20.000000" : 226304,
            "30.000000" : 292864,
            "40.000000" : 354304,
            "50.000000" : 419840,
            "60.000000" : 509952,
            "70.000000" : 659456,
            "80.000000" : 937984,
            "90.000000" : 1433600,
            "95.000000" : 1826816,
            "99.000000" : 2736128,
            "99.500000" : 3260416,
            "99.900000" : 4423680,
            "99.950000" : 4816896,
            "99.990000" : 6193152
          }
        },
        "lat_ns" : {
          "min" : 62580,
          "max" : 12991209,
          "mean" : 628680.758811,
          "stddev" : 586838.984107,
          "N" : 1105856
        },
        "bw_min" : 354250,
        "bw_max" : 386194,
        "bw_agg" : 99.769332,
        "bw_mean" : 371202.272727,
        "bw_dev" : 10923.045446,
        "bw_samples" : 11,
        "iops_min" : 88562,
        "iops_max" : 96546,
        "iops_mean" : 92800.272727,
        "iops_stddev" : 2730.313465,
        "iops_samples" : 11
      },
      "write" : {
        "io_bytes" : 8407564288,
        "io_kbytes" : 8210512,
        "bw_bytes" : 707171695,
        "bw" : 690597,
        "iops" : 172649.339726,
        "runtime" : 11889,
        "total_ios" : 2052628,
        "short_ios" : 0,
        "drop_ios" : 0,
        "slat_ns" : {
          "min" : 989,
          "max" : 30500,
          "mean" : 1279.844510,
          "stddev" : 570.974155,
          "N" : 2052628
        },
        "clat_ns" : {
          "min" : 390,
          "max" : 5634209,
          "mean" : 30037.443837,
          "stddev" : 75561.246496,
          "N" : 2052628,
          "percentile" : {
            "1.000000" : 7648,
            "5.000000" : 18560,
            "10.000000" : 20352,
            "20.000000" : 21888,
            "30.000000" : 23168,
            "40.000000" : 24192,
            "50.000000" : 25472,
            "60.000000" : 26752,
            "70.000000" : 27776,
            "80.000000" : 28800,
            "90.000000" : 31616,
            "95.000000" : 36096,
            "99.000000" : 70144,
            "99.500000" : 92672,
            "99.900000" : 1548288,
            "99.950000" : 1794048,
            "99.990000" : 2039808
          }
        },
        "lat_ns" : {
          "min" : 6130,
          "max" : 5635459,
          "mean" : 31317.288347,
          "stddev" : 75569.967365,
          "N" : 2052628
        },
        "bw_min" : 657729,
        "bw_max" : 719891,
        "bw_agg" : 99.806782,
        "bw_mean" : 689263.363636,
        "bw_dev" : 21290.383605,
        "bw_samples" : 11,
        "iops_min" : 164432,
        "iops_max" : 179971,
        "iops_mean" : 172315.636364,
        "iops_stddev" : 5322.275233,
        "iops_samples" : 11
      },
      "trim" : {
        "io_bytes" : 0,
        "io_kbytes" : 0,
        "bw_bytes" : 0,
        "bw" : 0,
        "iops" : 0.000000,
        "runtime" : 0,
        "total_ios" : 0,
        "short_ios" : 0,
        "drop_ios" : 0,
        "slat_ns" : {
          "min" : 0,
          "max" : 0,
          "mean" : 0.000000,
          "stddev" : 0.000000,
          "N" : 0
        },
        "clat_ns" : {
          "min" : 0,
          "max" : 0,
          "mean" : 0.000000,
          "stddev" : 0.000000,
          "N" : 0
        },
        "lat_ns" : {
          "min" : 0,
          "max" : 0,
          "mean" : 0.000000,
          "stddev" : 0.000000,
          "N" : 0
        },
        "bw_min" : 0,
        "bw_max" : 0,
        "bw_agg" : 0.000000,
        "bw_mean" : 0.000000,
        "bw_dev" : 0.000000,
        "bw_samples" : 0,
        "iops_min" : 0,
        "iops_max" : 0,
        "iops_mean" : 0.000000,
        "iops_stddev" : 0.000000,
        "iops_samples" : 0
      },
      "sync" : {
        "total_ios" : 0,
        "lat_ns" : {
          "min" : 0,
          "max" : 0,
          "mean" : 0.000000,
          "stddev" : 0.000000,
          "N" : 0
        }
      },
      "job_runtime" : 11888,
      "usr_cpu" : 18.657470,
      "sys_cpu" : 34.648385,
      "ctx" : 378419,
      "majf" : 0,
      "minf" : 41,
      "iodepth_level" : {
        "1" : 0.100000,
        "2" : 0.100000,
        "4" : 0.100000,
        "8" : 0.100000,
        "16" : 0.100000,
        "32" : 0.100000,
        ">=64" : 99.998005
      },
      "iodepth_submit" : {
        "0" : 0.000000,
        "4" : 100.000000,
        "8" : 0.000000,
        "16" : 0.000000,
        "32" : 0.000000,
        "64" : 0.000000,
        ">=64" : 0.000000
      },
      "iodepth_complete" : {
        "0" : 0.000000,
        "4" : 99.999968,
        "8" : 0.000000,
        "16" : 0.000000,
        "32" : 0.000000,
        "64" : 0.100000,
        ">=64" : 0.000000
      },
      "latency_ns" : {
        "2" : 0.000000,
        "4" : 0.000000,
        "10" : 0.000000,
        "20" : 0.000000,
        "50" : 0.000000,
        "100" : 0.000000,
        "250" : 0.000000,
        "500" : 0.010000,
        "750" : 0.000000,
        "1000" : 0.000000
      },
      "latency_us" : {
        "2" : 0.010000,
        "4" : 0.010000,
        "10" : 1.107747,
        "20" : 4.236241,
        "50" : 58.332700,
        "100" : 1.701038,
        "250" : 7.535735,
        "500" : 12.640273,
        "750" : 5.165263,
        "1000" : 2.718361
      },
      "latency_ms" : {
        "2" : 5.303715,
        "4" : 1.191616,
        "10" : 0.066646,
        "20" : 0.010000,
        "50" : 0.000000,
        "100" : 0.000000,
        "250" : 0.000000,
        "500" : 0.000000,
        "750" : 0.000000,
        "1000" : 0.000000,
        "2000" : 0.000000,
        ">=2000" : 0.000000
      },
      "latency_depth" : 64,
      "latency_target" : 0,
      "latency_percentile" : 100.000000,
      "latency_window" : 0,
      "steadystate" : {
        "ss" : "iops:10.000000%",
        "duration" : 10,
        "attained" : 1,
        "criterion" : "4.658049%",
        "max_deviation" : 12378.900000,
        "slope" : 0.000000,
        "data" : {
          "bw_mean" : 1088525345,
          "iops_mean" : 265752,