{
  "fio version" : "fio-3.33",
  "timestamp" : 1687936100,
  "timestamp_ms" : 1687936100311,
  "time" : "Wed Jun 28 07:08:20 2023",
  "jobs" : [
    {
      "jobname" : "FIOJOB",
      "groupid" : 0,
      "error" : 0,
      "eta" : 0,
      "elapsed" : 23,
      "job options" : {
        "ioengine" : "io_uring",
        "rw" : "randrw",
        "bs" : "4k",
        "iodepth" : "1",
        "numjobs" : "2",
        "rwmixread" : "35",
        "runtime" : "60",
        "loops" : "1",
        "direct" : "1",
        "steadystate" : "iops:10%%",
        "steadystate_duration" : "10",
        "steadystate_ramp_time" : "1",
        "log_avg_msec" : "1000",
        "invalidate" : "1",
        "write_bw_log" : "/home/user/benchmarks/4096s/1x/nvme2n1/randrw35/4k/randrw-iodepth-1-numjobs-2",
        "write_lat_log" : "/home/user/benchmarks/4096s/1x/nvme2n1/randrw35/4k/randrw-iodepth-1-numjobs-2",
        "write_iops_log" : "/home/user/benchmarks/4096s/1x/nvme2n1/randrw35/4k/randrw-iodepth-1-numjobs-2",
        "filename" : "/dev/nvme2n1"
      },
      "read" : {
        "io_bytes" : 351649792,
        "io_kbytes" : 343408,
        "bw_bytes" : 29587698,
        "bw" : 28894,
        "iops" : 7223.559108,
        "runtime" : 11885,
        "total_ios" : 85852,
        "short_ios" : 0,
        "drop_ios" : 0,
        "slat_ns" : {
          "min" : 1040,
          "max" : 29640,
          "mean" : 2591.028048,
          "stddev" : 295.229250,
          "N" : 85852
        },
        "clat_ns" : {
          "min" : 45310,
          "max" : 5743600,
          "mean" : 108369.295800,
          "stddev" : 199549.471845,
          "N" : 85852,
          "percentile" : {
            "1.000000" : 61696,
            "5.000000" : 63232,
            "10.000000" : 63744,
            "20.000000" : 64768,
            "30.000000" : 66048,
            "40.000000" : 66048,
            "50.000000" : 68096,
            "60.000000" : 76288,
            "70.000000" : 78336,
            "80.000000" : 95744,
            "90.000000" : 108032,
            "95.000000" : 119296,
            "99.000000" : 1368064,
            "99.500000" : 1630208,
            "99.900000" : 1908736,
            "99.950000" : 2023424,
            "99.990000" : 2506752
          }
        },
        "lat_ns" : {
          "min" : 48150,
          "max" : 5746060,
          "mean" : 110960.323848,
          "stddev" : 199552.924752,
          "N" : 85852
        },
        "bw_min" : 26106,
        "bw_max" : 31175,
        "bw_agg" : 59.924125,
        "bw_mean" : 28842.454545,
        "bw_dev" : 1721.286807,
        "bw_samples" : 11,
        "iops_min" : 6526,
        "iops_max" : 7793,
        "iops_mean" : 7210.181818,
        "iops_stddev" : 430.352371,
        "iops_samples" : 11
      },
      "write" : {
        "io_bytes" : 649928704,
        "io_kbytes" : 634696,
        "bw_bytes" : 54684787,
        "bw" : 53403,
        "iops" : 13350.778292,
        "runtime" : 11885,
        "total_ios" : 158674,
        "short_ios" : 0,
        "drop_ios" : 0,
        "slat_ns" : {
          "min" : 1130,
          "max" : 37549,
          "mean" : 2910.634389,
          "stddev" : 336.913666,
          "N" : 158674
        },
        "clat_ns" : {
          "min" : 420,
          "max" : 61770,
          "mean" : 10386.349761,
          "stddev" : 1316.872807,
          "N" : 158674,
          "percentile" : {
            "1.000000" : 7968,
            "5.000000" : 8640,
            "10.000000" : 8768,
            "20.000000" : 9280,
            "30.000000" : 9536,
            "40.000000" : 9792,
            "50.000000" : 10816,
            "60.000000" : 10944,
            "70.000000" : 11200,
            "80.000000" : 11456,
            "90.000000" : 11584,
            "95.000000" : 11840,
            "99.000000" : 13504,
            "99.500000" : 14016,
            "99.900000" : 22144,
            "99.950000" : 22912,
            "99.990000" : 30336
          }
        },
        "lat_ns" : {
          "min" : 6980,
          "max" : 64990,
          "mean" : 13296.984150,
          "stddev" : 1454.929783,
          "N" : 158674
        },
        "bw_min" : 48056,
        "bw_max" : 57837,
        "bw_agg" : 59.276912,
        "bw_mean" : 53160.545455,
        "bw_dev" : 3245.709487,
        "bw_samples" : 11,
        "iops_min" : 12014,
        "iops_max" : 14459,
        "iops_mean" : 13290.000000,
        "iops_stddev" : 811.339017,
        "iops_samples" : 11
      },
      "trim" : {
        "io_bytes" : 0,
        "io_kbytes" : 0,
        "bw_bytes" : 0,
        "bw" : 0,
        "iops" : 0.000000,
        "runtime" : 0,
        "total_ios" : 0,
        "short_ios" : 0,
        "drop_ios" : 0,
        "slat_ns" : {
          "min" : 0,
          "max" : 0,
          "mean" : 0.000000,
          "stddev" : 0.000000,
          "N" : 0
        },
        "clat_ns" : {
          "min" : 0,
          "max" : 0,
          "mean" : 0.000000,
          "stddev" : 0.000000,
          "N" : 0
        },
        "lat_ns" : {
          "min" : 0,
          "max" : 0,
          "mean" : 0.000000,
          "stddev" : 0.000000,
          "N" : 0
        },
        "bw_min" : 0,
        "bw_max" : 0,
        "bw_agg" : 0.000000,
        "bw_mean" : 0.000000,
        "bw_dev" : 0.000000,
        "bw_samples" : 0,
        "iops_min" : 0,
        "iops_max" : 0,
        "iops_mean" : 0.000000,
        "iops_stddev" : 0.000000,
        "iops_samples" : 0
      },
      "sync" : {
        "total_ios" : 0,
        "lat_ns" : {
          "min" : 0,
          "max" : 0,
          "mean" : 0.000000,
          "stddev" : 0.000000,
          "N" : 0
        }
      },
      "job_runtime" : 11884,
      "usr_cpu" : 4.678559,
      "sys_cpu" : 11.755301,
      "ctx" : 244503,
      "majf" : 0,
      "minf" : 44,
      "iodepth_level" : {
        "1" : 100.000000,
        "2" : 0.000000,
        "4" : 0.000000,
        "8" : 0.000000,
        "16" : 0.000000,
        "32" : 0.000000,
        ">=64" : 0.000000
      },
      "iodepth_submit" : {
        "0" : 0.000000,
        "4" : 100.000000,
        "8" : 0.000000,
        "16" : 0.000000,
        "32" : 0.000000,
        "64" : 0.000000,
        ">=64" : 0.000000
      },
      "iodepth_complete" : {
        "0" : 0.000000,
        "4" : 100.000000,
        "8" : 0.000000,
        "16" : 0.000000,
        "32" : 0.000000,
        "64" : 0.000000,
        ">=64" : 0.000000
      },
      "latency_ns" : {
        "2" : 0.000000,
        "4" : 0.000000,
        "10" : 0.000000,
        "20" : 0.000000,
        "50" : 0.000000,
        "100" : 0.000000,
        "250" : 0.000000,
        "500" : 0.010000,
        "750" : 0.000000,
        "1000" : 0.010000
      },
      "latency_us" : {
        "2" : 0.010000,
        "4" : 0.010000,
        "10" : 29.259874,
        "20" : 35.513606,
        "50" : 0.336161,
        "100" : 30.322747,
        "250" : 3.475295,
        "500" : 0.152131,
        "750" : 0.150086,
        "1000" : 0.162764
      },
      "latency_ms" : {
        "2" : 0.601572,
        "4" : 0.020039,
        "10" : 0.010000,
        "20" : 0.000000,
        "50" : 0.000000,
        "100" : 0.000000,
        "250" : 0.000000,
        "500" : 0.000000,
        "750" : 0.000000,
        "1000" : 0.000000,
        "2000" : 0.000000,
        ">=2000" : 0.000000
      },
      "latency_depth" : 1,
      "latency_target" : 0,
      "latency_percentile" : 100.000000,
      "latency_window" : 0,
      "steadystate" : {
        "ss" : "iops:10.000000%",
        "duration" : 10,
        "attained" : 1,
        "criterion" : "7.462113%",
        "max_deviation" : 1515.600000,
        "slope" : 0.000000,
        "data" : {
          "bw_mean" : 83193617,
          "iops_mean" : 20310,