{
  "fio version" : "fio-3.33",
  "timestamp" : 1687937810,
  "timestamp_ms" : 1687937810504,
  "time" : "Wed Jun 28 07:36:50 2023",
  "jobs" : [
    {
      "jobname" : "FIOJOB",
      "groupid" : 0,
      "error" : 0,
      "eta" : 0,
      "elapsed" : 13,
      "job options" : {
        "ioengine" : "io_uring",
        "rw" : "randrw",
        "bs" : "4k",
        "iodepth" : "4",
        "numjobs" : "1",
        "rwmixread" : "35",
        "runtime" : "60",
        "loops" : "1",
        "direct" : "1",
        "steadystate" : "iops:10%%",
        "steadystate_duration" : "10",
        "steadystate_ramp_time" : "1",
        "log_avg_msec" : "1000",
        "invalidate" : "1",
        "write_bw_log" : "/home/user/benchmarks/4096s/1x/nvme2n1/randrw35/4k/randrw-iodepth-4-numjobs-1",
        "write_lat_log" : "/home/user/benchmarks/4096s/1x/nvme2n1/randrw35/4k/randrw-iodepth-4-numjobs-1",
        "write_iops_log" : "/home/user/benchmarks/4096s/1x/nvme2n1/randrw35/4k/randrw-iodepth-4-numjobs-1",
        "filename" : "/dev/nvme2n1"
      },
      "read" : {
        "io_bytes" : 912211968,
        "io_kbytes" : 890832,
        "bw_bytes" : 76740301,
        "bw" : 74941,
        "iops" : 18735.425254,
        "runtime" : 11887,
        "total_ios" : 222708,
        "short_ios" : 0,
        "drop_ios" : 0,
        "slat_ns" : {
          "min" : 960,
          "max" : 25080,
          "mean" : 2653.940887,
          "stddev" : 717.556051,
          "N" : 222708
        },
        "clat_ns" : {
          "min" : 45660,
          "max" : 5649900,
          "mean" : 185060.487050,
          "stddev" : 196096.768440,
          "N" : 222708,
          "percentile" : {
            "1.000000" : 62208,
            "5.000000" : 65280,
            "10.000000" : 77312,
            "20.000000" : 107008,
            "30.000000" : 130560,
            "40.000000" : 146432,
            "50.000000" : 162816,
            "60.000000" : 179200,
            "70.000000" : 191488,
            "80.000000" : 205824,
            "90.000000" : 232448,
            "95.000000" : 246784,
            "99.000000" : 1400832,
            "99.500000" : 1728512,
            "99.900000" : 2023424,
            "99.950000" : 2146304,
            "99.990000" : 2932736
          }
        },
        "lat_ns" : {
          "min" : 48050,
          "max" : 5652400,
          "mean" : 187714.427937,
          "stddev" : 196066.276236,
          "N" : 222708
        },
        "bw_min" : 72468,
        "bw_max" : 78190,
        "bw_agg" : 99.984388,
        "bw_mean" : 74930.181818,
        "bw_dev" : 1906.682817,
        "bw_samples" : 11,
        "iops_min" : 18117,
        "iops_max" : 19547,
        "iops_mean" : 18732.363636,
        "iops_stddev" : 476.598421,
        "iops_samples" : 11
      },
      "write" : {
        "io_bytes" : 1690193920,
        "io_kbytes" : 1650580,
        "bw_bytes" : 142188434,
        "bw" : 138855,
        "iops" : 34713.973248,
        "runtime" : 11887,
        "total_ios" : 412645,
        "short_ios" : 0,
        "drop_ios" : 0,
        "slat_ns" : {
          "min" : 1020,
          "max" : 33030,
          "mean" : 2977.353728,
          "stddev" : 798.134856,
          "N" : 412645
        },
        "clat_ns" : {
          "min" : 270,
          "max" : 1199890,
          "mean" : 9429.104388,
          "stddev" : 3874.150546,
          "N" : 412645,
          "percentile" : {
            "1.000000" : 5728,
            "5.000000" : 5984,
            "10.000000" : 6240,
            "20.000000" : 7904,
            "30.000000" : 9280,
            "40.000000" : 9408,
            "50.000000" : 9536,
            "60.000000" : 9664,
            "70.000000" : 9792,
            "80.000000" : 9920,
            "90.000000" : 10944,
            "95.000000" : 14912,
            "99.000000" : 17280,
            "99.500000" : 19584,
            "99.900000" : 25472,
            "99.950000" : 26752,
            "99.990000" : 33536
          }
        },
        "lat_ns" : {
          "min" : 6310,
          "max" : 1202580,
          "mean" : 12406.458115,
          "stddev" : 3854.735023,
          "N" : 412645
        },
        "bw_min" : 134368,
        "bw_max" : 142222,
        "bw_agg" : 99.963349,
        "bw_mean" : 138805.181818,
        "bw_dev" : 2492.948007,
        "bw_samples" : 11,
        "iops_min" : 33592,
        "iops_max" : 35555,
        "iops_mean" : 34701.000000,
        "iops_stddev" : 623.201573,
        "iops_samples" : 11
      },
      "trim" : {
        "io_bytes" : 0,
        "io_kbytes" : 0,
        "bw_bytes" : 0,
        "bw" : 0,
        "iops" : 0.000000,
        "runtime" : 0,
        "total_ios" : 0,
        "short_ios" : 0,
        "drop_ios" : 0,
        "slat_ns" : {
          "min" : 0,
          "max" : 0,
          "mean" : 0.000000,
          "stddev" : 0.000000,
          "N" : 0
        },
        "clat_ns" : {
          "min" : 0,
          "max" : 0,
          "mean" : 0.000000,
          "stddev" : 0.000000,
          "N" : 0
        },
        "lat_ns" : {
          "min" : 0,
          "max" : 0,
          "mean" : 0.000000,
          "stddev" : 0.000000,
          "N" : 0
        },
        "bw_min" : 0,
        "bw_max" : 0,
        "bw_agg" : 0.000000,
        "bw_mean" : 0.000000,
        "bw_dev" : 0.000000,
        "bw_samples" : 0,
        "iops_min" : 0,
        "iops_max" : 0,
        "iops_mean" : 0.000000,
        "iops_stddev" : 0.000000,
        "iops_samples" : 0
      },
      "sync" : {
        "total_ios" : 0,
        "lat_ns" : {
          "min" : 0,
          "max" : 0,
          "mean" : 0.000000,
          "stddev" : 0.000000,
          "N" : 0
        }
      },
      "job_runtime" : 11886,
      "usr_cpu" : 10.306243,
      "sys_cpu" : 26.829884,
      "ctx" : 430811,
      "majf" : 0,
      "minf" : 40,
      "iodepth_level" : {
        "1" : 0.100000,
        "2" : 0.100000,
        "4" : 99.999528,
        "8" : 0.000000,
        "16" : 0.000000,
        "32" : 0.000000,
        ">=64" : 0.000000
      },
      "iodepth_submit" : {
        "0" : 0.000000,
        "4" : 100.000000,
        "8" : 0.000000,
        "16" : 0.000000,
        "32" : 0.000000,
        "64" : 0.000000,
        ">=64" : 0.000000
      },
      "iodepth_complete" : {
        "0" : 0.000000,
        "4" : 100.000000,
        "8" : 0.000000,
        "16" : 0.000000,
        "32" : 0.000000,
        "64" : 0.000000,
        ">=64" : 0.000000
      },
      "latency_ns" : {
        "2" : 0.000000,
        "4" : 0.000000,
        "10" : 0.000000,
        "20" : 0.000000,
        "50" : 0.000000,
        "100" : 0.000000,
        "250" : 0.000000,
        "500" : 0.010000,
        "750" : 0.000000,
        "1000" : 0.010000
      },
      "latency_us" : {
        "2" : 0.010000,
        "4" : 0.010000,
        "10" : 55.717688,
        "20" : 8.959114,
        "50" : 0.262059,
        "100" : 6.124942,
        "250" : 27.286091,
        "500" : 0.801129,
        "750" : 0.153458,
        "1000" : 0.134571
      },
      "latency_ms" : {
        "2" : 0.511841,
        "4" : 0.037617,
        "10" : 0.010000,
        "20" : 0.000000,
        "50" : 0.000000,
        "100" : 0.000000,
        "250" : 0.000000,
        "500" : 0.000000,
        "750" : 0.000000,
        "1000" : 0.000000,
        "2000" : 0.000000,
        ">=2000" : 0.000000
      },
      "latency_depth" : 4,
      "latency_target" : 0,
      "latency_percentile" : 100.000000,
      "latency_window" : 0,
      "steadystate" : {
        "ss" : "iops:10.000000%",
        "duration" : 10,
        "attained" : 1,
        "criterion" : "4.681524%",
        "max_deviation" : 2504.400000,
        "slope" : 0.000000,
        "data" : {
          "bw_mean" : 219118123,
          "iops_mean" : 53495,