{
  "fio version" : "fio-3.33",
  "timestamp" : 1687939929,
  "timestamp_ms" : 1687939929438,
  "time" : "Wed Jun 28 08:12:09 2023",
  "jobs" : [
    {
      "jobname" : "FIOJOB",
      "groupid" : 0,
      "error" : 0,
      "eta" : 0,
      "elapsed" : 13,
      "job options" : {
        "ioengine" : "io_uring",
        "rw" : "randrw",
        "bs" : "4k",
        "iodepth" : "16",
        "numjobs" : "1",
        "rwmixread" : "35",
        "runtime" : "60",
        "loops" : "1",
        "direct" : "1",
        "steadystate" : "iops:10%%",
        "steadystate_duration" : "10",
        "steadystate_ramp_time" : "1",
        "log_avg_msec" : "1000",
        "invalidate" : "1",
        "write_bw_log" : "/home/user/benchmarks/4096s/1x/nvme2n1/randrw35/4k/randrw-iodepth-16-numjobs-1",
        "write_lat_log" : "/home/user/benchmarks/4096s/1x/nvme2n1/randrw35/4k/randrw-iodepth-16-numjobs-1",
        "write_iops_log" : "/home/user/benchmarks/4096s/1x/nvme2n1/randrw35/4k/randrw-iodepth-16-numjobs-1",
        "filename" : "/dev/nvme2n1"
      },
      "read" : {
        "io_bytes" : 1979039744,
        "io_kbytes" : 1932656,
        "bw_bytes" : 166487738,
        "bw" : 162585,
        "iops" : 40646.420459,
        "runtime" : 11887,
        "total_ios" : 483164,
        "short_ios" : 0,
        "drop_ios" : 0,
        "slat_ns" : {
          "min" : 910,
          "max" : 25540,
          "mean" : 1900.528011,
          "stddev" : 866.764087,
          "N" : 483164
        },
        "clat_ns" : {
          "min" : 55150,
          "max" : 6122700,
          "mean" : 335699.165859,
          "stddev" : 322556.170865,
          "N" : 483164,
          "percentile" : {
            "1.000000" : 80384,
            "5.000000" : 94720,
            "10.000000" : 112128,
            "20.000000" : 152576,
            "30.000000" : 195584,
            "40.000000" : 232448,
            "50.000000" : 268288,
            "60.000000" : 296960,
            "70.000000" : 333824,
            "80.000000" : 382976,
            "90.000000" : 522240,
            "95.000000" : 962560,
            "99.000000" : 1826816,
            "99.500000" : 2023424,
            "99.900000" : 2834432,
            "99.950000" : 3162112,
            "99.990000" : 4620288
          }
        },
        "lat_ns" : {
          "min" : 56120,
          "max" : 6125620,
          "mean" : 337599.693870,
          "stddev" : 322566.682837,
          "N" : 483164
        },
        "bw_min" : 156196,
        "bw_max" : 179496,
        "bw_agg" : 100.000000,
        "bw_mean" : 163039.000000,
        "bw_dev" : 7160.964823,
        "bw_samples" : 11,
        "iops_min" : 39049,
        "iops_max" : 44874,
        "iops_mean" : 40759.454545,
        "iops_stddev" : 1790.084879,
        "iops_samples" : 11
      },
      "write" : {
        "io_bytes" : 3674701824,
        "io_kbytes" : 3588576,
        "bw_bytes" : 309136184,
        "bw" : 301890,
        "iops" : 75472.701270,
        "runtime" : 11887,
        "total_ios" : 897144,
        "short_ios" : 0,
        "drop_ios" : 0,
        "slat_ns" : {
          "min" : 989,
          "max" : 38140,
          "mean" : 2147.511113,
          "stddev" : 942.439530,
          "N" : 897144
        },
        "clat_ns" : {
          "min" : 140,
          "max" : 422010,
          "mean" : 26974.516857,
          "stddev" : 8459.929026,
          "N" : 897144,
          "percentile" : {
            "1.000000" : 5472,
            "5.000000" : 6688,
            "10.000000" : 8768,
            "20.000000" : 23936,
            "30.000000" : 26240,
            "40.000000" : 27520,
            "50.000000" : 28288,
            "60.000000" : 30336,
            "70.000000" : 31360,
            "80.000000" : 32384,
            "90.000000" : 34560,
            "95.000000" : 37120,
            "99.000000" : 42752,
            "99.500000" : 45312,
            "99.900000" : 50944,
            "99.950000" : 54016,
            "99.990000" : 62720
          }
        },
        "lat_ns" : {
          "min" : 6020,
          "max" : 424620,
          "mean" : 29122.027970,
          "stddev" : 8854.037839,
          "N" : 897144
        },
        "bw_min" : 286806,
        "bw_max" : 331484,
        "bw_agg" : 100.000000,
        "bw_mean" : 302870.272727,
        "bw_dev" : 12783.240818,
        "bw_samples" : 11,
        "iops_min" : 71701,
        "iops_max" : 82871,
        "iops_mean" : 75717.363636,
        "iops_stddev" : 3196.001323,
        "iops_samples" : 11
      },
      "trim" : {
        "io_bytes" : 0,
        "io_kbytes" : 0,
        "bw_bytes" : 0,
        "bw" : 0,
        "iops" : 0.000000,
        "runtime" : 0,
        "total_ios" : 0,
        "short_ios" : 0,
        "drop_ios" : 0,
        "slat_ns" : {
          "min" : 0,
          "max" : 0,
          "mean" : 0.000000,
          "stddev" : 0.000000,
          "N" : 0
        },
        "clat_ns" : {
          "min" : 0,
          "max" : 0,
          "mean" : 0.000000,
          "stddev" : 0.000000,
          "N" : 0
        },
        "lat_ns" : {
          "min" : 0,
          "max" : 0,
          "mean" : 0.000000,
          "stddev" : 0.000000,
          "N" : 0
        },
        "bw_min" : 0,
        "bw_max" : 0,
        "bw_agg" : 0.000000,
        "bw_mean" : 0.000000,
        "bw_dev" : 0.000000,
        "bw_samples" : 0,
        "iops_min" : 0,
        "iops_max" : 0,
        "iops_mean" : 0.000000,
        "iops_stddev" : 0.000000,
        "iops_samples" : 0
      },
      "sync" : {
        "total_ios" : 0,
        "lat_ns" : {
          "min" : 0,
          "max" : 0,
          "mean" : 0.000000,
          "stddev" : 0.000000,
          "N" : 0
        }
      },
      "job_runtime" : 11886,
      "usr_cpu" : 14.319367,
      "sys_cpu" : 30.254080,
      "ctx" : 363427,
      "majf" : 0,
      "minf" : 41,
      "iodepth_level" : {
        "1" : 0.100000,
        "2" : 0.100000,
        "4" : 0.100000,
        "8" : 0.100000,
        "16" : 99.998913,
        "32" : 0.000000,
        ">=64" : 0.000000
      },
      "iodepth_submit" : {
        "0" : 0.000000,
        "4" : 100.000000,
        "8" : 0.000000,
        "16" : 0.000000,
        "32" : 0.000000,
        "64" : 0.000000,
        ">=64" : 0.000000
      },
      "iodepth_complete" : {
        "0" : 0.000000,
        "4" : 99.999928,
        "8" : 0.000000,
        "16" : 0.100000,
        "32" : 0.000000,
        "64" : 0.000000,
        ">=64" : 0.000000
      },
      "latency_ns" : {
        "2" : 0.000000,
        "4" : 0.000000,
        "10" : 0.000000,
        "20" : 0.000000,
        "50" : 0.000000,
        "100" : 0.000000,
        "250" : 0.010000,
        "500" : 0.010000,
        "750" : 0.000000,
        "1000" : 0.000000
      },
      "latency_us" : {
        "2" : 0.010000,
        "4" : 0.010000,
        "10" : 7.043500,
        "20" : 1.538352,
        "50" : 56.326559,
        "100" : 2.321294,
        "250" : 13.410992,
        "500" : 15.601953,
        "750" : 1.403382,
        "1000" : 0.698540
      },
      "latency_ms" : {
        "2" : 1.461848,
        "4" : 0.185249,
        "10" : 0.010000,
        "20" : 0.000000,
        "50" : 0.000000,
        "100" : 0.000000,
        "250" : 0.000000,
        "500" : 0.000000,
        "750" : 0.000000,
        "1000" : 0.000000,
        "2000" : 0.000000,
        ">=2000" : 0.000000
      },
      "latency_depth" : 16,
      "latency_target" : 0,
      "latency_percentile" : 100.000000,
      "latency_window" : 0,
      "steadystate" : {
        "ss" : "iops:10.000000%",
        "duration" : 10,
        "attained" : 1,
        "criterion" : "5.678547%",
        "max_deviation" : 6513.600000,
        "slope" : 0.000000,
        "data" : {
          "bw_mean" : 469834728,
          "iops_mean" : 114705,