{
  "fio version" : "fio-3.33",
  "timestamp" : 1687941101,
  "timestamp_ms" : 1687941101226,
  "time" : "Wed Jun 28 08:31:41 2023",
  "jobs" : [
    {
      "jobname" : "FIOJOB",
      "groupid" : 0,
      "error" : 0,
      "eta" : 0,
      "elapsed" : 13,
      "job options" : {
        "ioengine" : "io_uring",
        "rw" : "randrw",
        "bs" : "4k",
        "iodepth" : "32",
        "numjobs" : "1",
        "rwmixread" : "35",
        "runtime" : "60",
        "loops" : "1",
        "direct" : "1",
        "steadystate" : "iops:10%%",
        "steadystate_duration" : "10",
        "steadystate_ramp_time" : "1",
        "log_avg_msec" : "1000",
        "invalidate" : "1",
        "write_bw_log" : "/home/user/benchmarks/4096s/1x/nvme2n1/randrw35/4k/randrw-iodepth-32-numjobs-1",
        "write_lat_log" : "/home/user/benchmarks/4096s/1x/nvme2n1/randrw35/4k/randrw-iodepth-32-numjobs-1",
        "write_iops_log" : "/home/user/benchmarks/4096s/1x/nvme2n1/randrw35/4k/randrw-iodepth-32-numjobs-1",
        "filename" : "/dev/nvme2n1"
      },
      "read" : {
        "io_bytes" : 3227459584,
        "io_kbytes" : 3151816,
        "bw_bytes" : 271511700,
        "bw" : 265148,
        "iops" : 66287.036258,
        "runtime" : 11887,
        "total_ios" : 787954,
        "short_ios" : 0,
        "drop_ios" : 0,
        "slat_ns" : {
          "min" : 929,
          "max" : 23389,
          "mean" : 1446.786849,
          "stddev" : 668.511267,
          "N" : 787954
        },
        "clat_ns" : {
          "min" : 48531,
          "max" : 9459980,
          "mean" : 451076.365906,
          "stddev" : 447672.369235,
          "N" : 787954,
          "percentile" : {
            "1.000000" : 76288,
            "5.000000" : 92672,
            "10.000000" : 118272,
            "20.000000" : 173056,
            "30.000000" : 230400,
            "40.000000" : 276480,
            "50.000000" : 321536,
            "60.000000" : 366592,
            "70.000000" : 432128,
            "80.000000" : 561152,
            "90.000000" : 978944,
            "95.000000" : 1449984,
            "99.000000" : 2211840,
            "99.500000" : 2605056,
            "99.900000" : 3620864,
            "99.950000" : 4145152,
            "99.990000" : 5013504
          }
        },
        "lat_ns" : {
          "min" : 49551,
          "max" : 9461060,
          "mean" : 452523.152755,
          "stddev" : 447640.427641,
          "N" : 787954
        },
        "bw_min" : 247155,
        "bw_max" : 277513,
        "bw_agg" : 100.000000,
        "bw_mean" : 265300.636364,
        "bw_dev" : 9307.409707,
        "bw_samples" : 11,
        "iops_min" : 61788,
        "iops_max" : 69378,
        "iops_mean" : 66324.727273,
        "iops_stddev" : 2326.830595,
        "iops_samples" : 11
      },
      "write" : {
        "io_bytes" : 5996535808,
        "io_kbytes" : 5855992,
        "bw_bytes" : 504461664,
        "bw" : 492638,
        "iops" : 123159.586102,
        "runtime" : 11887,
        "total_ios" : 1463998,
        "short_ios" : 0,
        "drop_ios" : 0,
        "slat_ns" : {
          "min" : 1000,
          "max" : 33750,
          "mean" : 1674.133602,
          "stddev" : 735.427001,
          "N" : 1463998
        },
        "clat_ns" : {
          "min" : 140,
          "max" : 1229410,
          "mean" : 13785.260585,
          "stddev" : 10559.211511,
          "N" : 1463998,
          "percentile" : {
            "1.000000" : 5152,
            "5.000000" : 5536,
            "10.000000" : 5984,
            "20.000000" : 6688,
            "30.000000" : 7072,
            "40.000000" : 8096,
            "50.000000" : 9408,
            "60.000000" : 11200,
            "70.000000" : 15424,
            "80.000000" : 23936,
            "90.000000" : 28544,
            "95.000000" : 30848,
            "99.000000" : 39168,
            "99.500000" : 44288,
            "99.900000" : 57088,
            "99.950000" : 62208,
            "99.990000" : 73216
          }
        },
        "lat_ns" : {
          "min" : 6070,
          "max" : 1231600,
          "mean" : 15459.394187,
          "stddev" : 10681.955701,
          "N" : 1463998
        },
        "bw_min" : 461949,
        "bw_max" : 513733,
        "bw_agg" : 99.996073,
        "bw_mean" : 492619.181818,
        "bw_dev" : 17558.222637,
        "bw_samples" : 11,
        "iops_min" : 115487,
        "iops_max" : 128433,
        "iops_mean" : 123154.545455,
        "iops_stddev" : 4389.600286,
        "iops_samples" : 11
      },
      "trim" : {
        "io_bytes" : 0,
        "io_kbytes" : 0,
        "bw_bytes" : 0,
        "bw" : 0,
        "iops" : 0.000000,
        "runtime" : 0,
        "total_ios" : 0,
        "short_ios" : 0,
        "drop_ios" : 0,
        "slat_ns" : {
          "min" : 0,
          "max" : 0,
          "mean" : 0.000000,
          "stddev" : 0.000000,
          "N" : 0
        },
        "clat_ns" : {
          "min" : 0,
          "max" : 0,
          "mean" : 0.000000,
          "stddev" : 0.000000,
          "N" : 0
        },
        "lat_ns" : {
          "min" : 0,
          "max" : 0,
          "mean" : 0.000000,
          "stddev" : 0.000000,
          "N" : 0
        },
        "bw_min" : 0,
        "bw_max" : 0,
        "bw_agg" : 0.000000,
        "bw_mean" : 0.000000,
        "bw_dev" : 0.000000,
        "bw_samples" : 0,
        "iops_min" : 0,
        "iops_max" : 0,
        "iops_mean" : 0.000000,
        "iops_stddev" : 0.000000,
        "iops_samples" : 0
      },
      "sync" : {
        "total_ios" : 0,
        "lat_ns" : {
          "min" : 0,
          "max" : 0,
          "mean" : 0.000000,
          "stddev" : 0.000000,
          "N" : 0
        }
      },
      "job_runtime" : 11886,
      "usr_cpu" : 17.104156,
      "sys_cpu" : 35.756352,
      "ctx" : 578443,
      "majf" : 0,
      "minf" : 40,
      "iodepth_level" : {
        "1" : 0.100000,
        "2" : 0.100000,
        "4" : 0.100000,
        "8" : 0.100000,
        "16" : 0.100000,
        "32" : 99.998623,
        ">=64" : 0.000000
      },
      "iodepth_submit" : {
        "0" : 0.000000,
        "4" : 100.000000,
        "8" : 0.000000,
        "16" : 0.000000,
        "32" : 0.000000,
        "64" : 0.000000,
        ">=64" : 0.000000
      },
      "iodepth_complete" : {
        "0" : 0.000000,
        "4" : 99.999956,
        "8" : 0.000000,
        "16" : 0.000000,
        "32" : 0.100000,
        "64" : 0.000000,
        ">=64" : 0.000000
      },
      "latency_ns" : {
        "2" : 0.000000,
        "4" : 0.000000,
        "10" : 0.000000,
        "20" : 0.000000,
        "50" : 0.000000,
        "100" : 0.000000,
        "250" : 0.010000,
        "500" : 0.010000,
        "750" : 0.010000,
        "1000" : 0.000000
      },
      "latency_us" : {
        "2" : 0.010000,
        "4" : 0.010000,
        "10" : 35.456928,
        "20" : 13.180654,
        "50" : 16.197237,
        "100" : 2.458933,
        "250" : 9.624139,
        "500" : 14.875894,
        "750" : 3.328579,
        "1000" : 1.482403
      },
      "latency_ms" : {
        "2" : 2.860896,
        "4" : 0.500588,
        "10" : 0.021093,
        "20" : 0.000000,
        "50" : 0.000000,
        "100" : 0.000000,
        "250" : 0.000000,
        "500" : 0.000000,
        "750" : 0.000000,
        "1000" : 0.000000,
        "2000" : 0.000000,
        ">=2000" : 0.000000
      },
      "latency_depth" : 32,
      "latency_target" : 0,
      "latency_percentile" : 100.000000,
      "latency_window" : 0,
      "steadystate" : {
        "ss" : "iops:10.000000%",
        "duration" : 10,
        "attained" : 1,
        "criterion" : "7.169451%",
        "max_deviation" : 13595.000000,
        "slope" : 0.000000,
        "data" : {
          "bw_mean" : 776701882,
          "iops_mean" : 189624,