{
  "fio version" : "fio-3.33",
  "timestamp" : 1687942402,
  "timestamp_ms" : 1687942402053,
  "time" : "Wed Jun 28 08:53:22 2023",
  "jobs" : [
    {
      "jobname" : "FIOJOB",
      "groupid" : 0,
      "error" : 0,
      "eta" : 0,
      "elapsed" : 13,
      "job options" : {
        "ioengine" : "io_uring",
        "rw" : "randrw",
        "bs" : "4k",
        "iodepth" : "64",
        "numjobs" : "2",
        "rwmixread" : "35",
        "runtime" : "60",
        "loops" : "1",
        "direct" : "1",
        "steadystate" : "iops:10%%",
        "steadystate_duration" : "10",
        "steadystate_ramp_time" : "1",
        "log_avg_msec" : "1000",
        "invalidate" : "1",
        "write_bw_log" : "/home/user/benchmarks/4096s/1x/nvme2n1/randrw35/4k/randrw-iodepth-64-numjobs-2",
        "write_lat_log" : "/home/user/benchmarks/4096s/1x/nvme2n1/randrw35/4k/randrw-iodepth-64-numjobs-2",
        "write_iops_log" : "/home/user/benchmarks/4096s/1x/nvme2n1/randrw35/4k/randrw-iodepth-64-numjobs-2",
        "filename" : "/dev/nvme2n1"
      },
      "read" : {
        "io_bytes" : 2807087104,
        "io_kbytes" : 2741296,
        "bw_bytes" : 236127784,
        "bw" : 230593,
        "iops" : 57648.384926,
        "runtime" : 11888,
        "total_ios" : 685324,
        "short_ios" : 0,
        "drop_ios" : 0,
        "slat_ns" : {
          "min" : 930,
          "max" : 30490,
          "mean" : 1823.343423,
          "stddev" : 488.070802,
          "N" : 685324
        },
        "clat_ns" : {
          "min" : 56190,
          "max" : 9486939,
          "mean" : 1008323.967326,
          "stddev" : 767040.147011,
          "N" : 685324,
          "percentile" : {
            "1.000000" : 105984,
            "5.000000" : 150528,
            "10.000000" : 197632,
            "20.000000" : 288768,
            "30.000000" : 391168,
            "40.000000" : 577536,
            "50.000000" : 897024,
            "60.000000" : 1155072,
            "70.000000" : 1384448,
            "80.000000" : 1630208,
            "90.000000" : 1974272,
            "95.000000" : 2310144,
            "99.000000" : 3358720,
            "99.500000" : 3915776,
            "99.900000" : 4947968,
            "99.950000" : 5734400,
            "99.990000" : 7045120
          }
        },
        "lat_ns" : {
          "min" : 57890,
          "max" : 9488509,
          "mean" : 1010147.310749,
          "stddev" : 766992.394571,
          "N" : 685324
        },
        "bw_min" : 219271,
        "bw_max" : 238362,
        "bw_agg" : 49.873766,
        "bw_mean" : 230113.909091,
        "bw_dev" : 5336.861165,
        "bw_samples" : 11,
        "iops_min" : 54817,
        "iops_max" : 59590,
        "iops_mean" : 57528.090909,
        "iops_stddev" : 1334.328629,
        "iops_samples" : 11
      },
      "write" : {
        "io_bytes" : 5210640384,
        "io_kbytes" : 5088516,
        "bw_bytes" : 438310934,
        "bw" : 428038,
        "iops" : 107009.505384,
        "runtime" : 11888,
        "total_ios" : 1272129,
        "short_ios" : 0,
        "drop_ios" : 0,
        "slat_ns" : {
          "min" : 1020,
          "max" : 40850,
          "mean" : 2059.371661,
          "stddev" : 531.237537,
          "N" : 1272129
        },
        "clat_ns" : {
          "min" : 3650,
          "max" : 3146450,
          "mean" : 50836.073814,
          "stddev" : 125806.520594,
          "N" : 1272129,
          "percentile" : {
            "1.000000" : 7456,
            "5.000000" : 13760,
            "10.000000" : 21888,
            "20.000000" : 26496,
            "30.000000" : 29056,
            "40.000000" : 30336,
            "50.000000" : 31360,
            "60.000000" : 33536,
            "70.000000" : 39680,
            "80.000000" : 52992,
            "90.000000" : 75264,
            "95.000000" : 94720,
            "99.000000" : 214016,
            "99.500000" : 1253376,
            "99.900000" : 1843200,
            "99.950000" : 1957888,
            "99.990000" : 2146304
          }
        },
        "lat_ns" : {
          "min" : 6610,
          "max" : 3148190,
          "mean" : 52895.445475,
          "stddev" : 125829.356253,
          "N" : 1272129
        },
        "bw_min" : 404732,
        "bw_max" : 443919,
        "bw_agg" : 49.886126,
        "bw_mean" : 427420.363636,
        "bw_dev" : 11128.491257,
        "bw_samples" : 11,
        "iops_min" : 101183,
        "iops_max" : 110979,
        "iops_mean" : 106854.818182,
        "iops_stddev" : 2781.961639,
        "iops_samples" : 11
      },
      "trim" : {
        "io_bytes" : 0,
        "io_kbytes" : 0,
        "bw_bytes" : 0,
        "bw" : 0,
        "iops" : 0.000000,
        "runtime" : 0,
        "total_ios" : 0,
        "short_ios" : 0,
        "drop_ios" : 0,
        "slat_ns" : {
          "min" : 0,
          "max" : 0,
          "mean" : 0.000000,
          "stddev" : 0.000000,
          "N" : 0
        },
        "clat_ns" : {
          "min" : 0,
          "max" : 0,
          "mean" : 0.000000,
          "stddev" : 0.000000,
          "N" : 0
        },
        "lat_ns" : {
          "min" : 0,
          "max" : 0,
          "mean" : 0.000000,
          "stddev" : 0.000000,
          "N" : 0
        },
        "bw_min" : 0,
        "bw_max" : 0,
        "bw_agg" : 0.000000,
        "bw_mean" : 0.000000,
        "bw_dev" : 0.000000,
        "bw_samples" : 0,
        "iops_min" : 0,
        "iops_max" : 0,
        "iops_mean" : 0.000000,
        "iops_stddev" : 0.000000,
        "iops_samples" : 0
      },
      "sync" : {
        "total_ios" : 0,
        "lat_ns" : {
          "min" : 0,
          "max" : 0,
          "mean" : 0.000000,
          "stddev" : 0.000000,
          "N" : 0
        }
      },
      "job_runtime" : 11887,
      "usr_cpu" : 17.472870,
      "sys_cpu" : 36.064608,
      "ctx" : 312814,
      "majf" : 0,
      "minf" : 43,
      "iodepth_level" : {
        "1" : 0.100000,
        "2" : 0.100000,
        "4" : 0.100000,
        "8" : 0.100000,
        "16" : 0.100000,
        "32" : 0.100000,
        ">=64" : 99.996782
      },
      "iodepth_submit" : {
        "0" : 0.000000,
        "4" : 100.000000,
        "8" : 0.000000,
        "16" : 0.000000,
        "32" : 0.000000,
        "64" : 0.000000,
        ">=64" : 0.000000
      },
      "iodepth_complete" : {
        "0" : 0.000000,
        "4" : 99.999949,
        "8" : 0.000000,
        "16" : 0.000000,
        "32" : 0.000000,
        "64" : 0.100000,
        ">=64" : 0.000000
      },
      "latency_ns" : {
        "2" : 0.000000,
        "4" : 0.000000,
        "10" : 0.000000,
        "20" : 0.000000,
        "50" : 0.000000,
        "100" : 0.000000,
        "250" : 0.000000,
        "500" : 0.000000,
        "750" : 0.000000,
        "1000" : 0.000000
      },
      "latency_us" : {
        "2" : 0.000000,
        "4" : 0.010000,
        "10" : 2.093639,
        "20" : 2.997722,
        "50" : 45.571413,
        "100" : 11.795379,
        "250" : 7.414533,
        "500" : 7.472568,
        "750" : 3.088248,
        "1000" : 2.927376
      },
      "latency_ms" : {
        "2" : 13.282975,
        "4" : 3.205441,
        "10" : 0.150655,
        "20" : 0.000000,
        "50" : 0.000000,
        "100" : 0.000000,
        "250" : 0.000000,
        "500" : 0.000000,
        "750" : 0.000000,
        "1000" : 0.000000,
        "2000" : 0.000000,
        ">=2000" : 0.000000
      },
      "latency_depth" : 64,
      "latency_target" : 0,
      "latency_percentile" : 100.000000,
      "latency_window" : 0,
      "steadystate" : {
        "ss" : "iops:10.000000%",
        "duration" : 10,
        "attained" : 1,
        "criterion" : "5.802231%",
        "max_deviation" : 9557.400000,
        "slope" : 0.000000,
        "data" : {
          "bw_mean" : 674691912,
          "iops_mean" : 164719,