{
  "fio version" : "fio-3.33",
  "timestamp" : 1687939990,
  "timestamp_ms" : 1687939990382,
  "time" : "Wed Jun 28 08:13:10 2023",
  "jobs" : [
    {
      "jobname" : "FIOJOB",
      "groupid" : 0,
      "error" : 0,
      "eta" : 0,
      "elapsed" : 13,
      "job options" : {
        "ioengine" : "io_uring",
        "rw" : "randrw",
        "bs" : "4k",
        "iodepth" : "16",
        "numjobs" : "2",
        "rwmixread" : "35",
        "runtime" : "60",
        "loops" : "1",
        "direct" : "1",
        "steadystate" : "iops:10%%",
        "steadystate_duration" : "10",
        "steadystate_ramp_time" : "1",
        "log_avg_msec" : "1000",
        "invalidate" : "1",
        "write_bw_log" : "/home/user/benchmarks/4096s/1x/nvme2n1/randrw35/4k/randrw-iodepth-16-numjobs-2",
        "write_lat_log" : "/home/user/benchmarks/4096s/1x/nvme2n1/randrw35/4k/randrw-iodepth-16-numjobs-2",
        "write_iops_log" : "/home/user/benchmarks/4096s/1x/nvme2n1/randrw35/4k/randrw-iodepth-16-numjobs-2",
        "filename" : "/dev/nvme2n1"
      },
      "read" : {
        "io_bytes" : 1401462784,
        "io_kbytes" : 1368616,
        "bw_bytes" : 117898778,
        "bw" : 115135,
        "iops" : 28783.881551,
        "runtime" : 11887,
        "total_ios" : 342154,
        "short_ios" : 0,
        "drop_ios" : 0,
        "slat_ns" : {
          "min" : 940,
          "max" : 51800,
          "mean" : 2938.929301,
          "stddev" : 1232.427619,
          "N" : 342154
        },
        "clat_ns" : {
          "min" : 44490,
          "max" : 8196349,
          "mean" : 511870.656766,
          "stddev" : 489701.117577,
          "N" : 342154,
          "percentile" : {
            "1.000000" : 77312,
            "5.000000" : 93696,
            "10.000000" : 114176,
            "20.000000" : 158720,
            "30.000000" : 209920,
            "40.000000" : 257024,
            "50.000000" : 313344,
            "60.000000" : 415744,
            "70.000000" : 585728,
            "80.000000" : 806912,
            "90.000000" : 1204224,
            "95.000000" : 1564672,
            "99.000000" : 2179072,
            "99.500000" : 2539520,
            "99.900000" : 3522560,
            "99.950000" : 3981312,
            "99.990000" : 4947968
          }
        },
        "lat_ns" : {
          "min" : 46860,
          "max" : 8198809,
          "mean" : 514809.586067,
          "stddev" : 489589.661171,
          "N" : 342154
        },
        "bw_min" : 108320,
        "bw_max" : 122434,
        "bw_agg" : 51.362805,
        "bw_mean" : 115393.363636,
        "bw_dev" : 4783.820592,
        "bw_samples" : 11,
        "iops_min" : 27080,
        "iops_max" : 30608,
        "iops_mean" : 28848.272727,
        "iops_stddev" : 1195.971830,
        "iops_samples" : 11
      },
      "write" : {
        "io_bytes" : 2598957056,
        "io_kbytes" : 2538044,
        "bw_bytes" : 218638601,
        "bw" : 213514,
        "iops" : 53378.564819,
        "runtime" : 11887,
        "total_ios" : 634511,
        "short_ios" : 0,
        "drop_ios" : 0,
        "slat_ns" : {
          "min" : 1010,
          "max" : 50500,
          "mean" : 3264.593698,
          "stddev" : 1288.899201,
          "N" : 634511
        },
        "clat_ns" : {
          "min" : 260,
          "max" : 772680,
          "mean" : 17149.796897,
          "stddev" : 10779.701170,
          "N" : 634511,
          "percentile" : {
            "1.000000" : 6112,
            "5.000000" : 7008,
            "10.000000" : 7840,
            "20.000000" : 9280,
            "30.000000" : 9792,
            "40.000000" : 10304,
            "50.000000" : 13120,
            "60.000000" : 16064,
            "70.000000" : 20352,
            "80.000000" : 26752,
            "90.000000" : 32384,
            "95.000000" : 36608,
            "99.000000" : 48384,
            "99.500000" : 52992,
            "99.900000" : 62720,
            "99.950000" : 67072,
            "99.990000" : 76288
          }
        },
        "lat_ns" : {
          "min" : 6640,
          "max" : 775160,
          "mean" : 20414.390595,
          "stddev" : 11077.561986,
          "N" : 634511
        },
        "bw_min" : 201348,
        "bw_max" : 226582,
        "bw_agg" : 51.199649,
        "bw_mean" : 213868.818182,
        "bw_dev" : 8742.676316,
        "bw_samples" : 11,
        "iops_min" : 50337,
        "iops_max" : 56645,
        "iops_mean" : 53466.909091,
        "iops_stddev" : 2185.646973,
        "iops_samples" : 11
      },
      "trim" : {
        "io_bytes" : 0,
        "io_kbytes" : 0,
        "bw_bytes" : 0,
        "bw" : 0,
        "iops" : 0.000000,
        "runtime" : 0,
        "total_ios" : 0,
        "short_ios" : 0,
        "drop_ios" : 0,
        "slat_ns" : {
          "min" : 0,
          "max" : 0,
          "mean" : 0.000000,
          "stddev" : 0.000000,
          "N" : 0
        },
        "clat_ns" : {
          "min" : 0,
          "max" : 0,
          "mean" : 0.000000,
          "stddev" : 0.000000,
          "N" : 0
        },
        "lat_ns" : {
          "min" : 0,
          "max" : 0,
          "mean" : 0.000000,
          "stddev" : 0.000000,
          "N" : 0
        },
        "bw_min" : 0,
        "bw_max" : 0,
        "bw_agg" : 0.000000,
        "bw_mean" : 0.000000,
        "bw_dev" : 0.000000,
        "bw_samples" : 0,
        "iops_min" : 0,
        "iops_max" : 0,
        "iops_mean" : 0.000000,
        "iops_stddev" : 0.000000,
        "iops_samples" : 0
      },
      "sync" : {
        "total_ios" : 0,
        "lat_ns" : {
          "min" : 0,
          "max" : 0,
          "mean" : 0.000000,
          "stddev" : 0.000000,
          "N" : 0
        }
      },
      "job_runtime" : 11886,
      "usr_cpu" : 16.523641,
      "sys_cpu" : 32.853778,
      "ctx" : 284809,
      "majf" : 0,
      "minf" : 41,
      "iodepth_level" : {
        "1" : 0.100000,
        "2" : 0.100000,
        "4" : 0.100000,
        "8" : 0.100000,
        "16" : 99.998464,
        "32" : 0.000000,
        ">=64" : 0.000000
      },
      "iodepth_submit" : {
        "0" : 0.000000,
        "4" : 100.000000,
        "8" : 0.000000,
        "16" : 0.000000,
        "32" : 0.000000,
        "64" : 0.000000,
        ">=64" : 0.000000
      },
      "iodepth_complete" : {
        "0" : 0.000000,
        "4" : 99.999898,
        "8" : 0.000000,
        "16" : 0.100000,
        "32" : 0.000000,
        "64" : 0.000000,
        ">=64" : 0.000000
      },
      "latency_ns" : {
        "2" : 0.000000,
        "4" : 0.000000,
        "10" : 0.000000,
        "20" : 0.000000,
        "50" : 0.000000,
        "100" : 0.000000,
        "250" : 0.000000,
        "500" : 0.010000,
        "750" : 0.000000,
        "1000" : 0.010000
      },
      "latency_us" : {
        "2" : 0.010000,
        "4" : 0.010000,
        "10" : 23.070244,
        "20" : 21.925737,
        "50" : 19.448736,
        "100" : 2.815704,
        "250" : 11.172408,
        "500" : 9.364828,
        "750" : 4.449325,
        "1000" : 2.816626
      },
      "latency_ms" : {
        "2" : 4.437653,
        "4" : 0.477339,
        "10" : 0.016997,
        "20" : 0.000000,
        "50" : 0.000000,
        "100" : 0.000000,
        "250" : 0.000000,
        "500" : 0.000000,
        "750" : 0.000000,
        "1000" : 0.000000,
        "2000" : 0.000000,
        ">=2000" : 0.000000
      },
      "latency_depth" : 16,
      "latency_target" : 0,
      "latency_percentile" : 100.000000,
      "latency_window" : 0,
      "steadystate" : {
        "ss" : "iops:10.000000%",
        "duration" : 10,
        "attained" : 1,
        "criterion" : "5.109454%",
        "max_deviation" : 4195.500000,
        "slope" : 0.000000,
        "data" : {
          "bw_mean" : 336333892,
          "iops_mean" : 82112,