{
  "fio version" : "fio-3.33",
  "timestamp" : 1687916675,
  "timestamp_ms" : 1687916675943,
  "time" : "Wed Jun 28 01:44:35 2023",
  "jobs" : [
    {
      "jobname" : "FIOJOB",
      "groupid" : 0,
      "error" : 0,
      "eta" : 0,
      "elapsed" : 23,
      "job options" : {
        "ioengine" : "io_uring",
        "rw" : "randrw",
        "bs" : "4k",
        "iodepth" : "8",
        "numjobs" : "2",
        "rwmixread" : "5",
        "runtime" : "60",
        "loops" : "1",
        "direct" : "1",
        "steadystate" : "iops:10%%",
        "steadystate_duration" : "10",
        "steadystate_ramp_time" : "1",
        "log_avg_msec" : "1000",
        "invalidate" : "1",
        "write_bw_log" : "/home/user/benchmarks/512s/1x/nvme3n1/randrw5/4k/randrw-iodepth-8-numjobs-2",
        "write_lat_log" : "/home/user/benchmarks/512s/1x/nvme3n1/randrw5/4k/randrw-iodepth-8-numjobs-2",
        "write_iops_log" : "/home/user/benchmarks/512s/1x/nvme3n1/randrw5/4k/randrw-iodepth-8-numjobs-2",
        "filename" : "/dev/nvme3n1"
      },
      "read" : {
        "io_bytes" : 347922432,
        "io_kbytes" : 339768,
        "bw_bytes" : 29261768,
        "bw" : 28575,
        "iops" : 7143.986543,
        "runtime" : 11890,
        "total_ios" : 84942,
        "short_ios" : 0,
        "drop_ios" : 0,
        "slat_ns" : {
          "min" : 930,
          "max" : 16290,
          "mean" : 2281.893633,
          "stddev" : 771.236671,
          "N" : 84942
        },
        "clat_ns" : {
          "min" : 42690,
          "max" : 8549479,
          "mean" : 715635.987356,
          "stddev" : 764400.277874,
          "N" : 84942,
          "percentile" : {
            "1.000000" : 64256,
            "5.000000" : 72192,
            "10.000000" : 81408,
            "20.000000" : 108032,
            "30.000000" : 142336,
            "40.000000" : 201728,
            "50.000000" : 346112,
            "60.000000" : 634880,
            "70.000000" : 987136,
            "80.000000" : 1384448,
            "90.000000" : 1810432,
            "95.000000" : 2179072,
            "99.000000" : 3096576,
            "99.500000" : 3457024,
            "99.900000" : 4685824,
            "99.950000" : 5275648,
            "99.990000" : 6651904
          }
        },
        "lat_ns" : {
          "min" : 43690,
          "max" : 8552199,
          "mean" : 717917.880989,
          "stddev" : 764332.016432,
          "N" : 84942
        },
        "bw_min" : 25897,
        "bw_max" : 31576,
        "bw_agg" : 57.930234,
        "bw_mean" : 28628.272727,
        "bw_dev" : 1611.773315,
        "bw_samples" : 11,
        "iops_min" : 6474,
        "iops_max" : 7894,
        "iops_mean" : 7156.818182,
        "iops_stddev" : 403.010873,
        "iops_samples" : 11
      },
      "write" : {
        "io_bytes" : 6598578176,
        "io_kbytes" : 6443924,
        "bw_bytes" : 554968728,
        "bw" : 541961,
        "iops" : 135490.412111,
        "runtime" : 11890,
        "total_ios" : 1610981,
        "short_ios" : 0,
        "drop_ios" : 0,
        "slat_ns" : {
          "min" : 969,
          "max" : 41449,
          "mean" : 2408.711766,
          "stddev" : 807.020135,
          "N" : 1610981
        },
        "clat_ns" : {
          "min" : 150,
          "max" : 4990299,
          "mean" : 17991.137532,
          "stddev" : 70770.655261,
          "N" : 1610981,
          "percentile" : {
            "1.000000" : 5984,
            "5.000000" : 6816,
            "10.000000" : 7584,
            "20.000000" : 8896,
            "30.000000" : 9536,
            "40.000000" : 11200,
            "50.000000" : 12608,
            "60.000000" : 14272,
            "70.000000" : 17024,
            "80.000000" : 20864,
            "90.000000" : 27264,
            "95.000000" : 31872,
            "99.000000" : 39168,
            "99.500000" : 47872,
            "99.900000" : 1646592,
            "99.950000" : 1941504,
            "99.990000" : 2244608
          }
        },
        "lat_ns" : {
          "min" : 6050,
          "max" : 4992369,
          "mean" : 20399.849298,
          "stddev" : 70790.112603,
          "N" : 1610981
        },
        "bw_min" : 497693,
        "bw_max" : 592496,
        "bw_agg" : 57.918181,
        "bw_mean" : 543474.727273,
        "bw_dev" : 28140.429301,
        "bw_samples" : 11,
        "iops_min" : 124423,
        "iops_max" : 148124,
        "iops_mean" : 135868.272727,
        "iops_stddev" : 7035.073476,
        "iops_samples" : 11
      },
      "trim" : {
        "io_bytes" : 0,
        "io_kbytes" : 0,
        "bw_bytes" : 0,
        "bw" : 0,
        "iops" : 0.000000,
        "runtime" : 0,
        "total_ios" : 0,
        "short_ios" : 0,
        "drop_ios" : 0,
        "slat_ns" : {
          "min" : 0,
          "max" : 0,
          "mean" : 0.000000,
          "stddev" : 0.000000,
          "N" : 0
        },
        "clat_ns" : {
          "min" : 0,
          "max" : 0,
          "mean" : 0.000000,
          "stddev" : 0.000000,
          "N" : 0
        },
        "lat_ns" : {
          "min" : 0,
          "max" : 0,
          "mean" : 0.000000,
          "stddev" : 0.000000,
          "N" : 0
        },
        "bw_min" : 0,
        "bw_max" : 0,
        "bw_agg" : 0.000000,
        "bw_mean" : 0.000000,
        "bw_dev" : 0.000000,
        "bw_samples" : 0,
        "iops_min" : 0,
        "iops_max" : 0,
        "iops_mean" : 0.000000,
        "iops_stddev" : 0.000000,
        "iops_samples" : 0
      },
      "sync" : {
        "total_ios" : 0,
        "lat_ns" : {
          "min" : 0,
          "max" : 0,
          "mean" : 0.000000,
          "stddev" : 0.000000,
          "N" : 0
        }
      },
      "job_runtime" : 11889,
      "usr_cpu" : 18.512911,
      "sys_cpu" : 41.079990,
      "ctx" : 489344,
      "majf" : 0,
      "minf" : 41,
      "iodepth_level" : {
        "1" : 0.100000,
        "2" : 0.100000,
        "4" : 0.100000,
        "8" : 99.999587,
        "16" : 0.000000,
        "32" : 0.000000,
        ">=64" : 0.000000
      },
      "iodepth_submit" : {
        "0" : 0.000000,
        "4" : 100.000000,
        "8" : 0.000000,
        "16" : 0.000000,
        "32" : 0.000000,
        "64" : 0.000000,
        ">=64" : 0.000000
      },
      "iodepth_complete" : {
        "0" : 0.000000,
        "4" : 99.999941,
        "8" : 0.100000,
        "16" : 0.000000,
        "32" : 0.000000,
        "64" : 0.000000,
        ">=64" : 0.000000
      },
      "latency_ns" : {
        "2" : 0.000000,
        "4" : 0.000000,
        "10" : 0.000000,
        "20" : 0.000000,
        "50" : 0.000000,
        "100" : 0.000000,
        "250" : 0.010000,
        "500" : 0.010000,
        "750" : 0.010000,
        "1000" : 0.010000
      },
      "latency_us" : {
        "2" : 0.010000,
        "4" : 0.010000,
        "10" : 31.971558,
        "20" : 41.968710,
        "50" : 20.619745,
        "100" : 1.059364,
        "250" : 1.422883,
        "500" : 0.583871,
        "750" : 0.388402,
        "1000" : 0.352316
      },
      "latency_ms" : {
        "2" : 1.241861,
        "4" : 0.375784,
        "10" : 0.011675,
        "20" : 0.000000,
        "50" : 0.000000,
        "100" : 0.000000,
        "250" : 0.000000,
        "500" : 0.000000,
        "750" : 0.000000,
        "1000" : 0.000000,
        "2000" : 0.000000,
        ">=2000" : 0.000000
      },
      "latency_depth" : 8,
      "latency_target" : 0,
      "latency_percentile" : 100.000000,
      "latency_window" : 0,
      "steadystate" : {
        "ss" : "iops:10.000000%",
        "duration" : 10,
        "attained" : 1,
        "criterion" : "9.113734%",
        "max_deviation" : 12922.100000,
        "slope" : 0.000000,
        "data" : {
          "bw_mean" : 580761130,
          "iops_mean" : 141787,