{
  "fio version" : "fio-3.33",
  "timestamp" : 1687919957,
  "timestamp_ms" : 1687919957964,
  "time" : "Wed Jun 28 02:39:17 2023",
  "jobs" : [
    {
      "jobname" : "FIOJOB",
      "groupid" : 0,
      "error" : 0,
      "eta" : 0,
      "elapsed" : 14,
      "job options" : {
        "ioengine" : "io_uring",
        "rw" : "randrw",
        "bs" : "4k",
        "iodepth" : "64",
        "numjobs" : "2",
        "rwmixread" : "5",
        "runtime" : "60",
        "loops" : "1",
        "direct" : "1",
        "steadystate" : "iops:10%%",
        "steadystate_duration" : "10",
        "steadystate_ramp_time" : "1",
        "log_avg_msec" : "1000",
        "invalidate" : "1",
        "write_bw_log" : "/home/user/benchmarks/512s/1x/nvme3n1/randrw5/4k/randrw-iodepth-64-numjobs-2",
        "write_lat_log" : "/home/user/benchmarks/512s/1x/nvme3n1/randrw5/4k/randrw-iodepth-64-numjobs-2",
        "write_iops_log" : "/home/user/benchmarks/512s/1x/nvme3n1/randrw5/4k/randrw-iodepth-64-numjobs-2",
        "filename" : "/dev/nvme3n1"
      },
      "read" : {
        "io_bytes" : 423268352,
        "io_kbytes" : 413348,
        "bw_bytes" : 32836955,
        "bw" : 32067,
        "iops" : 8016.834756,
        "runtime" : 12890,
        "total_ios" : 103337,
        "short_ios" : 0,
        "drop_ios" : 0,
        "slat_ns" : {
          "min" : 930,
          "max" : 32080,
          "mean" : 1763.756622,
          "stddev" : 573.048095,
          "N" : 103337
        },
        "clat_ns" : {
          "min" : 55109,
          "max" : 8599739,
          "mean" : 1056379.604304,
          "stddev" : 938550.877532,
          "N" : 103337,
          "percentile" : {
            "1.000000" : 74240,
            "5.000000" : 93696,
            "10.000000" : 110080,
            "20.000000" : 162816,
            "30.000000" : 276480,
            "40.000000" : 536576,
            "50.000000" : 839680,
            "60.000000" : 1155072,
            "70.000000" : 1482752,
            "80.000000" : 1826816,
            "90.000000" : 2342912,
            "95.000000" : 2801664,
            "99.000000" : 3883008,
            "99.500000" : 4358144,
            "99.900000" : 5341184,
            "99.950000" : 5799936,
            "99.990000" : 7176192
          }
        },
        "lat_ns" : {
          "min" : 57120,
          "max" : 8601719,
          "mean" : 1058143.360926,
          "stddev" : 938552.794345,
          "N" : 103337
        },
        "bw_min" : 24744,
        "bw_max" : 38473,
        "bw_agg" : 50.014926,
        "bw_mean" : 32087.083333,
        "bw_dev" : 3697.804938,
        "bw_samples" : 12,
        "iops_min" : 6186,
        "iops_max" : 9618,
        "iops_mean" : 8021.583333,
        "iops_stddev" : 924.392819,
        "iops_samples" : 12
      },
      "write" : {
        "io_bytes" : 8033423360,
        "io_kbytes" : 7845140,
        "bw_bytes" : 623229120,
        "bw" : 608622,
        "iops" : 152155.546936,
        "runtime" : 12890,
        "total_ios" : 1961285,
        "short_ios" : 0,
        "drop_ios" : 0,
        "slat_ns" : {
          "min" : 980,
          "max" : 61351,
          "mean" : 1900.904441,
          "stddev" : 597.908960,
          "N" : 1961285
        },
        "clat_ns" : {
          "min" : 107440,
          "max" : 5570919,
          "mean" : 362305.482974,
          "stddev" : 238580.996979,
          "N" : 1961285,
          "percentile" : {
            "1.000000" : 166912,
            "5.000000" : 228352,
            "10.000000" : 264192,
            "20.000000" : 288768,
            "30.000000" : 305152,
            "40.000000" : 317440,
            "50.000000" : 329728,
            "60.000000" : 342016,
            "70.000000" : 354304,
            "80.000000" : 378880,
            "90.000000" : 448512,
            "95.000000" : 485376,
            "99.000000" : 2072576,
            "99.500000" : 2310144,
            "99.900000" : 2605056,
            "99.950000" : 2736128,
            "99.990000" : 4751360
          }
        },
        "lat_ns" : {
          "min" : 108800,
          "max" : 5572740,
          "mean" : 364206.387415,
          "stddev" : 238587.811728,
          "N" : 1961285
        },
        "bw_min" : 470838,
        "bw_max" : 720635,
        "bw_agg" : 50.047232,
        "bw_mean" : 609586.166667,
        "bw_dev" : 66708.182559,
        "bw_samples" : 12,
        "iops_min" : 117705,
        "iops_max" : 180162,
        "iops_mean" : 152396.333333,
        "iops_stddev" : 16678.270378,
        "iops_samples" : 12
      },
      "trim" : {
        "io_bytes" : 0,
        "io_kbytes" : 0,
        "bw_bytes" : 0,
        "bw" : 0,
        "iops" : 0.000000,
        "runtime" : 0,
        "total_ios" : 0,
        "short_ios" : 0,
        "drop_ios" : 0,
        "slat_ns" : {
          "min" : 0,
          "max" : 0,
          "mean" : 0.000000,
          "stddev" : 0.000000,
          "N" : 0
        },
        "clat_ns" : {
          "min" : 0,
          "max" : 0,
          "mean" : 0.000000,
          "stddev" : 0.000000,
          "N" : 0
        },
        "lat_ns" : {
          "min" : 0,
          "max" : 0,
          "mean" : 0.000000,
          "stddev" : 0.000000,
          "N" : 0
        },
        "bw_min" : 0,
        "bw_max" : 0,
        "bw_agg" : 0.000000,
        "bw_mean" : 0.000000,
        "bw_dev" : 0.000000,
        "bw_samples" : 0,
        "iops_min" : 0,
        "iops_max" : 0,
        "iops_mean" : 0.000000,
        "iops_stddev" : 0.000000,
        "iops_samples" : 0
      },
      "sync" : {
        "total_ios" : 0,
        "lat_ns" : {
          "min" : 0,
          "max" : 0,
          "mean" : 0.000000,
          "stddev" : 0.000000,
          "N" : 0
        }
      },
      "job_runtime" : 12889,
      "usr_cpu" : 15.408488,
      "sys_cpu" : 38.971216,
      "ctx" : 502187,
      "majf" : 0,
      "minf" : 40,
      "iodepth_level" : {
        "1" : 0.100000,
        "2" : 0.100000,
        "4" : 0.100000,
        "8" : 0.100000,
        "16" : 0.100000,
        "32" : 0.100000,
        ">=64" : 99.996949
      },
      "iodepth_submit" : {
        "0" : 0.000000,
        "4" : 100.000000,
        "8" : 0.000000,
        "16" : 0.000000,
        "32" : 0.000000,
        "64" : 0.000000,
        ">=64" : 0.000000
      },
      "iodepth_complete" : {
        "0" : 0.000000,
        "4" : 99.999952,
        "8" : 0.000000,
        "16" : 0.000000,
        "32" : 0.000000,
        "64" : 0.100000,
        ">=64" : 0.000000
      },
      "latency_ns" : {
        "2" : 0.000000,
        "4" : 0.000000,
        "10" : 0.000000,
        "20" : 0.000000,
        "50" : 0.000000,
        "100" : 0.000000,
        "250" : 0.000000,
        "500" : 0.000000,
        "750" : 0.000000,
        "1000" : 0.000000
      },
      "latency_us" : {
        "2" : 0.000000,
        "4" : 0.000000,
        "10" : 0.000000,
        "20" : 0.000000,
        "50" : 0.000000,
        "100" : 0.349652,
        "250" : 7.541962,
        "500" : 85.775072,
        "750" : 2.077136,
        "1000" : 0.596429
      },
      "latency_ms" : {
        "2" : 1.837479,
        "4" : 1.764827,
        "10" : 0.057444,
        "20" : 0.000000,
        "50" : 0.000000,
        "100" : 0.000000,
        "250" : 0.000000,
        "500" : 0.000000,
        "750" : 0.000000,
        "1000" : 0.000000,
        "2000" : 0.000000,
        ">=2000" : 0.000000
      },
      "latency_depth" : 64,
      "latency_target" : 0,
      "latency_percentile" : 100.000000,
      "latency_window" : 0,
      "steadystate" : {
        "ss" : "iops:10.000000%",
        "duration" : 10,
        "attained" : 1,
        "criterion" : "7.639824%",
        "max_deviation" : 12500.800000,
        "slope" : 0.000000,
        "data" : {
          "bw_mean" : 670216780,
          "iops_mean" : 163626,