{
  "fio version" : "fio-3.33",
  "timestamp" : 1687914113,
  "timestamp_ms" : 1687914113888,
  "time" : "Wed Jun 28 01:01:53 2023",
  "jobs" : [
    {
      "jobname" : "FIOJOB",
      "groupid" : 0,
      "error" : 0,
      "eta" : 0,
      "elapsed" : 15,
      "job options" : {
        "ioengine" : "io_uring",
        "rw" : "randrw",
        "bs" : "4k",
        "iodepth" : "1",
        "numjobs" : "1",
        "rwmixread" : "5",
        "runtime" : "60",
        "loops" : "1",
        "direct" : "1",
        "steadystate" : "iops:10%%",
        "steadystate_duration" : "10",
        "steadystate_ramp_time" : "1",
        "log_avg_msec" : "1000",
        "invalidate" : "1",
        "write_bw_log" : "/home/user/benchmarks/512s/1x/nvme3n1/randrw5/4k/randrw-iodepth-1-numjobs-1",
        "write_lat_log" : "/home/user/benchmarks/512s/1x/nvme3n1/randrw5/4k/randrw-iodepth-1-numjobs-1",
        "write_iops_log" : "/home/user/benchmarks/512s/1x/nvme3n1/randrw5/4k/randrw-iodepth-1-numjobs-1",
        "filename" : "/dev/nvme3n1"
      },
      "read" : {
        "io_bytes" : 133828608,
        "io_kbytes" : 130692,
        "bw_bytes" : 9635582,
        "bw" : 9409,
        "iops" : 2352.437181,
        "runtime" : 13889,
        "total_ios" : 32673,
        "short_ios" : 0,
        "drop_ios" : 0,
        "slat_ns" : {
          "min" : 1069,
          "max" : 16810,
          "mean" : 2531.181618,
          "stddev" : 211.683656,
          "N" : 32673
        },
        "clat_ns" : {
          "min" : 44450,
          "max" : 16048599,
          "mean" : 166038.307746,
          "stddev" : 423802.062808,
          "N" : 32673,
          "percentile" : {
            "1.000000" : 62208,
            "5.000000" : 63232,
            "10.000000" : 63744,
            "20.000000" : 64256,
            "30.000000" : 65280,
            "40.000000" : 71168,
            "50.000000" : 75264,
            "60.000000" : 77312,
            "70.000000" : 84480,
            "80.000000" : 100864,
            "90.000000" : 144384,
            "95.000000" : 782336,
            "99.000000" : 1646592,
            "99.500000" : 1908736,
            "99.900000" : 5275648,
            "99.950000" : 7700480,
            "99.990000" : 11862016
          }
        },
        "lat_ns" : {
          "min" : 46870,
          "max" : 16051139,
          "mean" : 168569.489364,
          "stddev" : 423810.296473,
          "N" : 32673
        },
        "bw_min" : 7584,
        "bw_max" : 10358,
        "bw_agg" : 99.014341,
        "bw_mean" : 9317.153846,
        "bw_dev" : 1027.462963,
        "bw_samples" : 13,
        "iops_min" : 1896,
        "iops_max" : 2589,
        "iops_mean" : 2329.076923,
        "iops_stddev" : 256.708155,
        "iops_samples" : 13
      },
      "write" : {
        "io_bytes" : 2533076992,
        "io_kbytes" : 2473708,
        "bw_bytes" : 182380084,
        "bw" : 178105,
        "iops" : 44526.387789,
        "runtime" : 13889,
        "total_ios" : 618427,
        "short_ios" : 0,
        "drop_ios" : 0,
        "slat_ns" : {
          "min" : 1140,
          "max" : 38620,
          "mean" : 2729.424044,
          "stddev" : 242.808939,
          "N" : 618427
        },
        "clat_ns" : {
          "min" : 270,
          "max" : 46262878,
          "mean" : 9808.764895,
          "stddev" : 58827.865905,
          "N" : 618427,
          "percentile" : {
            "1.000000" : 8384,
            "5.000000" : 8512,
            "10.000000" : 8640,
            "20.000000" : 8768,
            "30.000000" : 8896,
            "40.000000" : 9024,
            "50.000000" : 9408,
            "60.000000" : 10048,
            "70.000000" : 10432,
            "80.000000" : 10560,
            "90.000000" : 10816,
            "95.000000" : 11328,
            "99.000000" : 12096,
            "99.500000" : 13504,
            "99.900000" : 20864,
            "99.950000" : 21376,
            "99.990000" : 26752
          }
        },
        "lat_ns" : {
          "min" : 8651,
          "max" : 46265718,
          "mean" : 12538.188939,
          "stddev" : 58828.883468,
          "N" : 618427
        },
        "bw_min" : 140172,
        "bw_max" : 197929,
        "bw_agg" : 99.379272,
        "bw_mean" : 177000.692308,
        "bw_dev" : 20293.543010,
        "bw_samples" : 13,
        "iops_min" : 35044,
        "iops_max" : 49482,
        "iops_mean" : 44249.846154,
        "iops_stddev" : 5073.352308,
        "iops_samples" : 13
      },
      "trim" : {
        "io_bytes" : 0,
        "io_kbytes" : 0,
        "bw_bytes" : 0,
        "bw" : 0,
        "iops" : 0.000000,
        "runtime" : 0,
        "total_ios" : 0,
        "short_ios" : 0,
        "drop_ios" : 0,
        "slat_ns" : {
          "min" : 0,
          "max" : 0,
          "mean" : 0.000000,
          "stddev" : 0.000000,
          "N" : 0
        },
        "clat_ns" : {
          "min" : 0,
          "max" : 0,
          "mean" : 0.000000,
          "stddev" : 0.000000,
          "N" : 0
        },
        "lat_ns" : {
          "min" : 0,
          "max" : 0,
          "mean" : 0.000000,
          "stddev" : 0.000000,
          "N" : 0
        },
        "bw_min" : 0,
        "bw_max" : 0,
        "bw_agg" : 0.000000,
        "bw_mean" : 0.000000,
        "bw_dev" : 0.000000,
        "bw_samples" : 0,
        "iops_min" : 0,
        "iops_max" : 0,
        "iops_mean" : 0.000000,
        "iops_stddev" : 0.000000,
        "iops_samples" : 0
      },
      "sync" : {
        "total_ios" : 0,
        "lat_ns" : {
          "min" : 0,
          "max" : 0,
          "mean" : 0.000000,
          "stddev" : 0.000000,
          "N" : 0
        }
      },
      "job_runtime" : 13888,
      "usr_cpu" : 9.569412,
      "sys_cpu" : 26.908122,
      "ctx" : 650980,
      "majf" : 0,
      "minf" : 41,
      "iodepth_level" : {
        "1" : 100.000000,
        "2" : 0.000000,
        "4" : 0.000000,
        "8" : 0.000000,
        "16" : 0.000000,
        "32" : 0.000000,
        ">=64" : 0.000000
      },
      "iodepth_submit" : {
        "0" : 0.000000,
        "4" : 100.000000,
        "8" : 0.000000,
        "16" : 0.000000,
        "32" : 0.000000,
        "64" : 0.000000,
        ">=64" : 0.000000
      },
      "iodepth_complete" : {
        "0" : 0.000000,
        "4" : 100.000000,
        "8" : 0.000000,
        "16" : 0.000000,
        "32" : 0.000000,
        "64" : 0.000000,
        ">=64" : 0.000000
      },
      "latency_ns" : {
        "2" : 0.000000,
        "4" : 0.000000,
        "10" : 0.000000,
        "20" : 0.000000,
        "50" : 0.000000,
        "100" : 0.000000,
        "250" : 0.000000,
        "500" : 0.010000,
        "750" : 0.010000,
        "1000" : 0.010000
      },
      "latency_us" : {
        "2" : 0.010000,
        "4" : 0.010000,
        "10" : 52.965597,
        "20" : 41.839502,
        "50" : 0.178928,
        "100" : 3.995085,
        "250" : 0.602980,
        "500" : 0.077561,
        "750" : 0.073721,
        "1000" : 0.064506
      },
      "latency_ms" : {
        "2" : 0.171402,
        "4" : 0.013823,
        "10" : 0.010000,
        "20" : 0.010000,
        "50" : 0.010000,
        "100" : 0.000000,
        "250" : 0.000000,
        "500" : 0.000000,
        "750" : 0.000000,
        "1000" : 0.000000,
        "2000" : 0.000000,
        ">=2000" : 0.000000
      },
      "latency_depth" : 1,
      "latency_target" : 0,
      "latency_percentile" : 100.000000,
      "latency_window" : 0,
      "steadystate" : {
        "ss" : "iops:10.000000%",
        "duration" : 10,
        "attained" : 1,
        "criterion" : "4.970203%",
        "max_deviation" : 2480.400000,
        "slope" : 0.000000,
        "data" : {
          "bw_mean" : 204414051,
          "iops_mean" : 49905,