{
  "fio version" : "fio-3.33",
  "timestamp" : 1687914174,
  "timestamp_ms" : 1687914174815,
  "time" : "Wed Jun 28 01:02:54 2023",
  "jobs" : [
    {
      "jobname" : "FIOJOB",
      "groupid" : 0,
      "error" : 0,
      "eta" : 0,
      "elapsed" : 13,
      "job options" : {
        "ioengine" : "io_uring",
        "rw" : "randrw",
        "bs" : "4k",
        "iodepth" : "1",
        "numjobs" : "2",
        "rwmixread" : "5",
        "runtime" : "60",
        "loops" : "1",
        "direct" : "1",
        "steadystate" : "iops:10%%",
        "steadystate_duration" : "10",
        "steadystate_ramp_time" : "1",
        "log_avg_msec" : "1000",
        "invalidate" : "1",
        "write_bw_log" : "/home/user/benchmarks/512s/1x/nvme3n1/randrw5/4k/randrw-iodepth-1-numjobs-2",
        "write_lat_log" : "/home/user/benchmarks/512s/1x/nvme3n1/randrw5/4k/randrw-iodepth-1-numjobs-2",
        "write_iops_log" : "/home/user/benchmarks/512s/1x/nvme3n1/randrw5/4k/randrw-iodepth-1-numjobs-2",
        "filename" : "/dev/nvme3n1"
      },
      "read" : {
        "io_bytes" : 101879808,
        "io_kbytes" : 99492,
        "bw_bytes" : 8569249,
        "bw" : 8368,
        "iops" : 2092.101943,
        "runtime" : 11889,
        "total_ios" : 24873,
        "short_ios" : 0,
        "drop_ios" : 0,
        "slat_ns" : {
          "min" : 1040,
          "max" : 10380,
          "mean" : 2686.911832,
          "stddev" : 227.253370,
          "N" : 24873
        },
        "clat_ns" : {
          "min" : 45040,
          "max" : 4209250,
          "mean" : 195280.183171,
          "stddev" : 359439.251881,
          "N" : 24873,
          "percentile" : {
            "1.000000" : 63232,
            "5.000000" : 64768,
            "10.000000" : 65280,
            "20.000000" : 66048,
            "30.000000" : 66048,
            "40.000000" : 67072,
            "50.000000" : 76288,
            "60.000000" : 78336,
            "70.000000" : 79360,
            "80.000000" : 109056,
            "90.000000" : 501760,
            "95.000000" : 1138688,
            "99.000000" : 1712128,
            "99.500000" : 1859584,
            "99.900000" : 2637824,
            "99.950000" : 2965504,
            "99.990000" : 3129344
          }
        },
        "lat_ns" : {
          "min" : 47569,
          "max" : 4211970,
          "mean" : 197967.095003,
          "stddev" : 359440.487778,
          "N" : 24873
        },
        "bw_min" : 7540,
        "bw_max" : 9601,
        "bw_agg" : 50.474657,
        "bw_mean" : 8429.363636,
        "bw_dev" : 544.730993,
        "bw_samples" : 11,
        "iops_min" : 1885,
        "iops_max" : 2400,
        "iops_mean" : 2107.272727,
        "iops_stddev" : 136.299003,
        "iops_samples" : 11
      },
      "write" : {
        "io_bytes" : 1943478272,
        "io_kbytes" : 1897928,
        "bw_bytes" : 163468607,
        "bw" : 159637,
        "iops" : 39909.327950,
        "runtime" : 11889,
        "total_ios" : 474482,
        "short_ios" : 0,
        "drop_ios" : 0,
        "slat_ns" : {
          "min" : 1120,
          "max" : 35870,
          "mean" : 2805.125735,
          "stddev" : 240.649745,
          "N" : 474482
        },
        "clat_ns" : {
          "min" : 420,
          "max" : 205280,
          "mean" : 10829.408901,
          "stddev" : 1062.321828,
          "N" : 474482,
          "percentile" : {
            "1.000000" : 8384,
            "5.000000" : 8896,
            "10.000000" : 10176,
            "20.000000" : 10432,
            "30.000000" : 10560,
            "40.000000" : 10688,
            "50.000000" : 10816,
            "60.000000" : 11072,
            "70.000000" : 11200,
            "80.000000" : 11328,
            "90.000000" : 11584,
            "95.000000" : 11840,
            "99.000000" : 12736,
            "99.500000" : 14528,
            "99.900000" : 22144,
            "99.950000" : 22912,
            "99.990000" : 24704
          }
        },
        "lat_ns" : {
          "min" : 7380,
          "max" : 208250,
          "mean" : 13634.534636,
          "stddev" : 1134.728251,
          "N" : 474482
        },
        "bw_min" : 147452,
        "bw_max" : 177077,
        "bw_agg" : 50.362528,
        "bw_mean" : 160300.818182,
        "bw_dev" : 8461.757546,
        "bw_samples" : 11,
        "iops_min" : 36863,
        "iops_max" : 44268,
        "iops_mean" : 40075.000000,
        "iops_stddev" : 2115.207413,
        "iops_samples" : 11
      },
      "trim" : {
        "io_bytes" : 0,
        "io_kbytes" : 0,
        "bw_bytes" : 0,
        "bw" : 0,
        "iops" : 0.000000,
        "runtime" : 0,
        "total_ios" : 0,
        "short_ios" : 0,
        "drop_ios" : 0,
        "slat_ns" : {
          "min" : 0,
          "max" : 0,
          "mean" : 0.000000,
          "stddev" : 0.000000,
          "N" : 0
        },
        "clat_ns" : {
          "min" : 0,
          "max" : 0,
          "mean" : 0.000000,
          "stddev" : 0.000000,
          "N" : 0
        },
        "lat_ns" : {
          "min" : 0,
          "max" : 0,
          "mean" : 0.000000,
          "stddev" : 0.000000,
          "N" : 0
        },
        "bw_min" : 0,
        "bw_max" : 0,
        "bw_agg" : 0.000000,
        "bw_mean" : 0.000000,
        "bw_dev" : 0.000000,
        "bw_samples" : 0,
        "iops_min" : 0,
        "iops_max" : 0,
        "iops_mean" : 0.000000,
        "iops_stddev" : 0.000000,
        "iops_samples" : 0
      },
      "sync" : {
        "total_ios" : 0,
        "lat_ns" : {
          "min" : 0,
          "max" : 0,
          "mean" : 0.000000,
          "stddev" : 0.000000,
          "N" : 0
        }
      },
      "job_runtime" : 11888,
      "usr_cpu" : 7.452894,
      "sys_cpu" : 26.118775,
      "ctx" : 499327,
      "majf" : 0,
      "minf" : 41,
      "iodepth_level" : {
        "1" : 100.000000,
        "2" : 0.000000,
        "4" : 0.000000,
        "8" : 0.000000,
        "16" : 0.000000,
        "32" : 0.000000,
        ">=64" : 0.000000
      },
      "iodepth_submit" : {
        "0" : 0.000000,
        "4" : 100.000000,
        "8" : 0.000000,
        "16" : 0.000000,
        "32" : 0.000000,
        "64" : 0.000000,
        ">=64" : 0.000000
      },
      "iodepth_complete" : {
        "0" : 0.000000,
        "4" : 100.000000,
        "8" : 0.000000,
        "16" : 0.000000,
        "32" : 0.000000,
        "64" : 0.000000,
        ">=64" : 0.000000
      },
      "latency_ns" : {
        "2" : 0.000000,
        "4" : 0.000000,
        "10" : 0.000000,
        "20" : 0.000000,
        "50" : 0.000000,
        "100" : 0.000000,
        "250" : 0.000000,
        "500" : 0.010000,
        "750" : 0.010000,
        "1000" : 0.010000
      },
      "latency_us" : {
        "2" : 0.010000,
        "4" : 0.010000,
        "10" : 8.318931,
        "20" : 86.501988,
        "50" : 0.203863,
        "100" : 3.848765,
        "250" : 0.497241,
        "500" : 0.127565,
        "750" : 0.102733,
        "1000" : 0.096925
      },
      "latency_ms" : {
        "2" : 0.281563,
        "4" : 0.017222,
        "10" : 0.010000,
        "20" : 0.000000,
        "50" : 0.000000,
        "100" : 0.000000,
        "250" : 0.000000,
        "500" : 0.000000,
        "750" : 0.000000,
        "1000" : 0.000000,
        "2000" : 0.000000,
        ">=2000" : 0.000000
      },
      "latency_depth" : 1,
      "latency_target" : 0,
      "latency_percentile" : 100.000000,
      "latency_window" : 0,
      "steadystate" : {
        "ss" : "iops:10.000000%",
        "duration" : 10,
        "attained" : 1,
        "criterion" : "7.461028%",
        "max_deviation" : 3102.400000,
        "slope" : 0.000000,
        "data" : {
          "bw_mean" : 170318944,
          "iops_mean" : 41581,