{
  "fio version" : "fio-3.33",
  "timestamp" : 1687916605,
  "timestamp_ms" : 1687916605017,
  "time" : "Wed Jun 28 01:43:25 2023",
  "jobs" : [
    {
      "jobname" : "FIOJOB",
      "groupid" : 0,
      "error" : 0,
      "eta" : 0,
      "elapsed" : 14,
      "job options" : {
        "ioengine" : "io_uring",
        "rw" : "randrw",
        "bs" : "4k",
        "iodepth" : "8",
        "numjobs" : "1",
        "rwmixread" : "5",
        "runtime" : "60",
        "loops" : "1",
        "direct" : "1",
        "steadystate" : "iops:10%%",
        "steadystate_duration" : "10",
        "steadystate_ramp_time" : "1",
        "log_avg_msec" : "1000",
        "invalidate" : "1",
        "write_bw_log" : "/home/user/benchmarks/512s/1x/nvme3n1/randrw5/4k/randrw-iodepth-8-numjobs-1",
        "write_lat_log" : "/home/user/benchmarks/512s/1x/nvme3n1/randrw5/4k/randrw-iodepth-8-numjobs-1",
        "write_iops_log" : "/home/user/benchmarks/512s/1x/nvme3n1/randrw5/4k/randrw-iodepth-8-numjobs-1",
        "filename" : "/dev/nvme3n1"
      },
      "read" : {
        "io_bytes" : 557621248,
        "io_kbytes" : 544552,
        "bw_bytes" : 43253277,
        "bw" : 42239,
        "iops" : 10559.882097,
        "runtime" : 12892,
        "total_ios" : 136138,
        "short_ios" : 0,
        "drop_ios" : 0,
        "slat_ns" : {
          "min" : 940,
          "max" : 12850,
          "mean" : 1472.663922,
          "stddev" : 462.853667,
          "N" : 136138
        },
        "clat_ns" : {
          "min" : 40770,
          "max" : 7686180,
          "mean" : 505698.540239,
          "stddev" : 633755.901164,
          "N" : 136138,
          "percentile" : {
            "1.000000" : 61696,
            "5.000000" : 64256,
            "10.000000" : 68096,
            "20.000000" : 80384,
            "30.000000" : 102912,
            "40.000000" : 129536,
            "50.000000" : 175104,
            "60.000000" : 276480,
            "70.000000" : 544768,
            "80.000000" : 962560,
            "90.000000" : 1499136,
            "95.000000" : 1794048,
            "99.000000" : 2703360,
            "99.500000" : 3063808,
            "99.900000" : 3948544,
            "99.950000" : 4489216,
            "99.990000" : 5603328
          }
        },
        "lat_ns" : {
          "min" : 42750,
          "max" : 7687220,
          "mean" : 507171.204160,
          "stddev" : 633719.222671,
          "N" : 136138
        },
        "bw_min" : 34770,
        "bw_max" : 44720,
        "bw_agg" : 99.908786,
        "bw_mean" : 42201.416667,
        "bw_dev" : 2852.855426,
        "bw_samples" : 12,
        "iops_min" : 8692,
        "iops_max" : 11183,
        "iops_mean" : 10550.250000,
        "iops_stddev" : 713.530037,
        "iops_samples" : 12
      },
      "write" : {
        "io_bytes" : 10561478656,
        "io_kbytes" : 10313944,
        "bw_bytes" : 819227323,
        "bw" : 800026,
        "iops" : 200006.670804,
        "runtime" : 12892,
        "total_ios" : 2578486,
        "short_ios" : 0,
        "drop_ios" : 0,
        "slat_ns" : {
          "min" : 980,
          "max" : 28860,
          "mean" : 1578.725686,
          "stddev" : 482.431543,
          "N" : 2578486
        },
        "clat_ns" : {
          "min" : 111,
          "max" : 2293130,
          "mean" : 11115.202749,
          "stddev" : 40228.229954,
          "N" : 2578486,
          "percentile" : {
            "1.000000" : 5088,
            "5.000000" : 5792,
            "10.000000" : 6176,
            "20.000000" : 7072,
            "30.000000" : 7392,
            "40.000000" : 7712,
            "50.000000" : 8160,
            "60.000000" : 8768,
            "70.000000" : 10048,
            "80.000000" : 11200,
            "90.000000" : 15168,
            "95.000000" : 27520,
            "99.000000" : 30848,
            "99.500000" : 31360,
            "99.900000" : 77312,
            "99.950000" : 1253376,
            "99.990000" : 1908736
          }
        },
        "lat_ns" : {
          "min" : 5990,
          "max" : 2294430,
          "mean" : 12693.928435,
          "stddev" : 40225.677278,
          "N" : 2578486
        },
        "bw_min" : 671135,
        "bw_max" : 842792,
        "bw_agg" : 99.971041,
        "bw_mean" : 799795.583333,
        "bw_dev" : 48990.988094,
        "bw_samples" : 12,
        "iops_min" : 167776,
        "iops_max" : 210698,
        "iops_mean" : 199948.666667,
        "iops_stddev" : 12250.049598,
        "iops_samples" : 12
      },
      "trim" : {
        "io_bytes" : 0,
        "io_kbytes" : 0,
        "bw_bytes" : 0,
        "bw" : 0,
        "iops" : 0.000000,
        "runtime" : 0,
        "total_ios" : 0,
        "short_ios" : 0,
        "drop_ios" : 0,
        "slat_ns" : {
          "min" : 0,
          "max" : 0,
          "mean" : 0.000000,
          "stddev" : 0.000000,
          "N" : 0
        },
        "clat_ns" : {
          "min" : 0,
          "max" : 0,
          "mean" : 0.000000,
          "stddev" : 0.000000,
          "N" : 0
        },
        "lat_ns" : {
          "min" : 0,
          "max" : 0,
          "mean" : 0.000000,
          "stddev" : 0.000000,
          "N" : 0
        },
        "bw_min" : 0,
        "bw_max" : 0,
        "bw_agg" : 0.000000,
        "bw_mean" : 0.000000,
        "bw_dev" : 0.000000,
        "bw_samples" : 0,
        "iops_min" : 0,
        "iops_max" : 0,
        "iops_mean" : 0.000000,
        "iops_stddev" : 0.000000,
        "iops_samples" : 0
      },
      "sync" : {
        "total_ios" : 0,
        "lat_ns" : {
          "min" : 0,
          "max" : 0,
          "mean" : 0.000000,
          "stddev" : 0.000000,
          "N" : 0
        }
      },
      "job_runtime" : 12891,
      "usr_cpu" : 17.345435,
      "sys_cpu" : 40.082228,
      "ctx" : 736414,
      "majf" : 0,
      "minf" : 40,
      "iodepth_level" : {
        "1" : 0.100000,
        "2" : 0.100000,
        "4" : 0.100000,
        "8" : 99.999742,
        "16" : 0.000000,
        "32" : 0.000000,
        ">=64" : 0.000000
      },
      "iodepth_submit" : {
        "0" : 0.000000,
        "4" : 100.000000,
        "8" : 0.000000,
        "16" : 0.000000,
        "32" : 0.000000,
        "64" : 0.000000,
        ">=64" : 0.000000
      },
      "iodepth_complete" : {
        "0" : 0.000000,
        "4" : 99.999963,
        "8" : 0.100000,
        "16" : 0.000000,
        "32" : 0.000000,
        "64" : 0.000000,
        ">=64" : 0.000000
      },
      "latency_ns" : {
        "2" : 0.000000,
        "4" : 0.000000,
        "10" : 0.000000,
        "20" : 0.000000,
        "50" : 0.000000,
        "100" : 0.000000,
        "250" : 0.010000,
        "500" : 0.010000,
        "750" : 0.000000,
        "1000" : 0.000000
      },
      "latency_us" : {
        "2" : 0.010000,
        "4" : 0.010000,
        "10" : 65.692118,
        "20" : 23.047317,
        "50" : 6.121548,
        "100" : 1.463407,
        "250" : 1.494240,
        "500" : 0.533076,
        "750" : 0.338610,
        "1000" : 0.276023
      },
      "latency_ms" : {
        "2" : 0.851241,
        "4" : 0.162564,
        "10" : 0.010000,
        "20" : 0.000000,
        "50" : 0.000000,
        "100" : 0.000000,
        "250" : 0.000000,
        "500" : 0.000000,
        "750" : 0.000000,
        "1000" : 0.000000,
        "2000" : 0.000000,
        ">=2000" : 0.000000
      },
      "latency_depth" : 8,
      "latency_target" : 0,
      "latency_percentile" : 100.000000,
      "latency_window" : 0,
      "steadystate" : {
        "ss" : "iops:10.000000%",
        "duration" : 10,
        "attained" : 1,
        "criterion" : "4.369605%",
        "max_deviation" : 9391.400000,
        "slope" : 0.000000,
        "data" : {
          "bw_mean" : 880336975,
          "iops_mean" : 214925,