{
  "fio version" : "fio-3.33",
  "timestamp" : 1687917530,
  "timestamp_ms" : 1687917530046,
  "time" : "Wed Jun 28 01:58:50 2023",
  "jobs" : [
    {
      "jobname" : "FIOJOB",
      "groupid" : 0,
      "error" : 0,
      "eta" : 0,
      "elapsed" : 13,
      "job options" : {
        "ioengine" : "io_uring",
        "rw" : "randrw",
        "bs" : "4k",
        "iodepth" : "16",
        "numjobs" : "1",
        "rwmixread" : "5",
        "runtime" : "60",
        "loops" : "1",
        "direct" : "1",
        "steadystate" : "iops:10%%",
        "steadystate_duration" : "10",
        "steadystate_ramp_time" : "1",
        "log_avg_msec" : "1000",
        "invalidate" : "1",
        "write_bw_log" : "/home/user/benchmarks/512s/1x/nvme3n1/randrw5/4k/randrw-iodepth-16-numjobs-1",
        "write_lat_log" : "/home/user/benchmarks/512s/1x/nvme3n1/randrw5/4k/randrw-iodepth-16-numjobs-1",
        "write_iops_log" : "/home/user/benchmarks/512s/1x/nvme3n1/randrw5/4k/randrw-iodepth-16-numjobs-1",
        "filename" : "/dev/nvme3n1"
      },
      "read" : {
        "io_bytes" : 684310528,
        "io_kbytes" : 668272,
        "bw_bytes" : 57553450,
        "bw" : 56204,
        "iops" : 14051.135408,
        "runtime" : 11890,
        "total_ios" : 167068,
        "short_ios" : 0,
        "drop_ios" : 0,
        "slat_ns" : {
          "min" : 930,
          "max" : 21670,
          "mean" : 1510.024661,
          "stddev" : 574.064796,
          "N" : 167068
        },
        "clat_ns" : {
          "min" : 46351,
          "max" : 8861859,
          "mean" : 748490.058982,
          "stddev" : 766327.040392,
          "N" : 167068,
          "percentile" : {
            "1.000000" : 66048,
            "5.000000" : 79360,
            "10.000000" : 90624,
            "20.000000" : 123392,
            "30.000000" : 164864,
            "40.000000" : 234496,
            "50.000000" : 415744,
            "60.000000" : 708608,
            "70.000000" : 1036288,
            "80.000000" : 1400832,
            "90.000000" : 1826816,
            "95.000000" : 2211840,
            "99.000000" : 3162112,
            "99.500000" : 3555328,
            "99.900000" : 4489216,
            "99.950000" : 4947968,
            "99.990000" : 6651904
          }
        },
        "lat_ns" : {
          "min" : 47351,
          "max" : 8862849,
          "mean" : 750000.083643,
          "stddev" : 766292.604749,
          "N" : 167068
        },
        "bw_min" : 50854,
        "bw_max" : 59440,
        "bw_agg" : 100.000000,
        "bw_mean" : 56303.000000,
        "bw_dev" : 2132.569624,
        "bw_samples" : 11,
        "iops_min" : 12712,
        "iops_max" : 14860,
        "iops_mean" : 14075.545455,
        "iops_stddev" : 533.486150,
        "iops_samples" : 11
      },
      "write" : {
        "io_bytes" : 12977782784,
        "io_kbytes" : 12673616,
        "bw_bytes" : 1091487197,
        "bw" : 1065905,
        "iops" : 266476.366695,
        "runtime" : 11890,
        "total_ios" : 3168404,
        "short_ios" : 0,
        "drop_ios" : 0,
        "slat_ns" : {
          "min" : 980,
          "max" : 29220,
          "mean" : 1632.140601,
          "stddev" : 588.839222,
          "N" : 3168404
        },
        "clat_ns" : {
          "min" : 140,
          "max" : 2699570,
          "mean" : 18318.250597,
          "stddev" : 71790.589749,
          "N" : 3168404,
          "percentile" : {
            "1.000000" : 5088,
            "5.000000" : 5600,
            "10.000000" : 6496,
            "20.000000" : 7456,
            "30.000000" : 8384,
            "40.000000" : 10432,
            "50.000000" : 13248,
            "60.000000" : 16320,
            "70.000000" : 19840,
            "80.000000" : 23424,
            "90.000000" : 27776,
            "95.000000" : 30336,
            "99.000000" : 38144,
            "99.500000" : 46336,
            "99.900000" : 1679360,
            "99.950000" : 1941504,
            "99.990000" : 2211840
          }
        },
        "lat_ns" : {
          "min" : 6010,
          "max" : 2700610,
          "mean" : 19950.391198,
          "stddev" : 71782.501693,
          "N" : 3168404
        },
        "bw_min" : 971743,
        "bw_max" : 1125020,
        "bw_agg" : 100.000000,
        "bw_mean" : 1067605.636364,
        "bw_dev" : 38237.354483,
        "bw_samples" : 11,
        "iops_min" : 242935,
        "iops_max" : 281255,
        "iops_mean" : 266901.000000,
        "iops_stddev" : 9559.447787,
        "iops_samples" : 11
      },
      "trim" : {
        "io_bytes" : 0,
        "io_kbytes" : 0,
        "bw_bytes" : 0,
        "bw" : 0,
        "iops" : 0.000000,
        "runtime" : 0,
        "total_ios" : 0,
        "short_ios" : 0,
        "drop_ios" : 0,
        "slat_ns" : {
          "min" : 0,
          "max" : 0,
          "mean" : 0.000000,
          "stddev" : 0.000000,
          "N" : 0
        },
        "clat_ns" : {
          "min" : 0,
          "max" : 0,
          "mean" : 0.000000,
          "stddev" : 0.000000,
          "N" : 0
        },
        "lat_ns" : {
          "min" : 0,
          "max" : 0,
          "mean" : 0.000000,
          "stddev" : 0.000000,
          "N" : 0
        },
        "bw_min" : 0,
        "bw_max" : 0,
        "bw_agg" : 0.000000,
        "bw_mean" : 0.000000,
        "bw_dev" : 0.000000,
        "bw_samples" : 0,
        "iops_min" : 0,
        "iops_max" : 0,
        "iops_mean" : 0.000000,
        "iops_stddev" : 0.000000,
        "iops_samples" : 0
      },
      "sync" : {
        "total_ios" : 0,
        "lat_ns" : {
          "min" : 0,
          "max" : 0,
          "mean" : 0.000000,
          "stddev" : 0.000000,
          "N" : 0
        }
      },
      "job_runtime" : 11889,
      "usr_cpu" : 25.325932,
      "sys_cpu" : 46.496762,
      "ctx" : 386498,
      "majf" : 0,
      "minf" : 40,
      "iodepth_level" : {
        "1" : 0.100000,
        "2" : 0.100000,
        "4" : 0.100000,
        "8" : 0.100000,
        "16" : 99.999550,
        "32" : 0.000000,
        ">=64" : 0.000000
      },
      "iodepth_submit" : {
        "0" : 0.000000,
        "4" : 100.000000,
        "8" : 0.000000,
        "16" : 0.000000,
        "32" : 0.000000,
        "64" : 0.000000,
        ">=64" : 0.000000
      },
      "iodepth_complete" : {
        "0" : 0.000000,
        "4" : 99.999970,
        "8" : 0.000000,
        "16" : 0.100000,
        "32" : 0.000000,
        "64" : 0.000000,
        ">=64" : 0.000000
      },
      "latency_ns" : {
        "2" : 0.000000,
        "4" : 0.000000,
        "10" : 0.000000,
        "20" : 0.000000,
        "50" : 0.000000,
        "100" : 0.000000,
        "250" : 0.010000,
        "500" : 0.010000,
        "750" : 0.000000,
        "1000" : 0.000000
      },
      "latency_us" : {
        "2" : 0.010943,
        "4" : 0.010733,
        "10" : 34.695000,
        "20" : 32.223835,
        "50" : 27.639417,
        "100" : 0.816676,
        "250" : 1.478591,
        "500" : 0.611728,
        "750" : 0.430914,
        "1000" : 0.379556
      },
      "latency_ms" : {
        "2" : 1.302065,
        "4" : 0.387351,
        "10" : 0.012112,
        "20" : 0.000000,
        "50" : 0.000000,
        "100" : 0.000000,
        "250" : 0.000000,
        "500" : 0.000000,
        "750" : 0.000000,
        "1000" : 0.000000,
        "2000" : 0.000000,
        ">=2000" : 0.000000
      },
      "latency_depth" : 16,
      "latency_target" : 0,
      "latency_percentile" : 100.000000,
      "latency_window" : 0,
      "steadystate" : {
        "ss" : "iops:10.000000%",
        "duration" : 10,
        "attained" : 1,
        "criterion" : "2.286758%",
        "max_deviation" : 6435.100000,
        "slope" : 0.000000,
        "data" : {
          "bw_mean" : 1152645024,
          "iops_mean" : 281407,