{
  "fio version" : "fio-3.33",
  "timestamp" : 1687914851,
  "timestamp_ms" : 1687914851074,
  "time" : "Wed Jun 28 01:14:11 2023",
  "jobs" : [
    {
      "jobname" : "FIOJOB",
      "groupid" : 0,
      "error" : 0,
      "eta" : 0,
      "elapsed" : 13,
      "job options" : {
        "ioengine" : "io_uring",
        "rw" : "randrw",
        "bs" : "4k",
        "iodepth" : "2",
        "numjobs" : "1",
        "rwmixread" : "5",
        "runtime" : "60",
        "loops" : "1",
        "direct" : "1",
        "steadystate" : "iops:10%%",
        "steadystate_duration" : "10",
        "steadystate_ramp_time" : "1",
        "log_avg_msec" : "1000",
        "invalidate" : "1",
        "write_bw_log" : "/home/user/benchmarks/512s/1x/nvme3n1/randrw5/4k/randrw-iodepth-2-numjobs-1",
        "write_lat_log" : "/home/user/benchmarks/512s/1x/nvme3n1/randrw5/4k/randrw-iodepth-2-numjobs-1",
        "write_iops_log" : "/home/user/benchmarks/512s/1x/nvme3n1/randrw5/4k/randrw-iodepth-2-numjobs-1",
        "filename" : "/dev/nvme3n1"
      },
      "read" : {
        "io_bytes" : 214528000,
        "io_kbytes" : 209500,
        "bw_bytes" : 18042724,
        "bw" : 17619,
        "iops" : 4404.962153,
        "runtime" : 11890,
        "total_ios" : 52375,
        "short_ios" : 0,
        "drop_ios" : 0,
        "slat_ns" : {
          "min" : 970,
          "max" : 32110,
          "mean" : 3536.538501,
          "stddev" : 1132.637871,
          "N" : 52375
        },
        "clat_ns" : {
          "min" : 41150,
          "max" : 5699960,
          "mean" : 219918.720057,
          "stddev" : 383489.838978,
          "N" : 52375,
          "percentile" : {
            "1.000000" : 58624,
            "5.000000" : 60160,
            "10.000000" : 61696,
            "20.000000" : 64256,
            "30.000000" : 67072,
            "40.000000" : 72192,
            "50.000000" : 76288,
            "60.000000" : 83456,
            "70.000000" : 101888,
            "80.000000" : 138240,
            "90.000000" : 684032,
            "95.000000" : 1204224,
            "99.000000" : 1744896,
            "99.500000" : 1908736,
            "99.900000" : 2637824,
            "99.950000" : 2965504,
            "99.990000" : 3883008
          }
        },
        "lat_ns" : {
          "min" : 44410,
          "max" : 5704520,
          "mean" : 223455.258558,
          "stddev" : 383408.020989,
          "N" : 52375
        },
        "bw_min" : 16264,
        "bw_max" : 18378,
        "bw_agg" : 100.000000,
        "bw_mean" : 17647.363636,
        "bw_dev" : 546.808974,
        "bw_samples" : 11,
        "iops_min" : 4066,
        "iops_max" : 4594,
        "iops_mean" : 4411.636364,
        "iops_stddev" : 136.600346,
        "iops_samples" : 11
      },
      "write" : {
        "io_bytes" : 4082466816,
        "io_kbytes" : 3986784,
        "bw_bytes" : 343352970,
        "bw" : 335305,
        "iops" : 83826.408747,
        "runtime" : 11890,
        "total_ios" : 996696,
        "short_ios" : 0,
        "drop_ios" : 0,
        "slat_ns" : {
          "min" : 1009,
          "max" : 31520,
          "mean" : 3729.954496,
          "stddev" : 1086.816918,
          "N" : 996696
        },
        "clat_ns" : {
          "min" : 250,
          "max" : 393980,
          "mean" : 7511.627156,
          "stddev" : 2429.537981,
          "N" : 996696,
          "percentile" : {
            "1.000000" : 5472,
            "5.000000" : 5536,
            "10.000000" : 5600,
            "20.000000" : 5664,
            "30.000000" : 5792,
            "40.000000" : 5856,
            "50.000000" : 5984,
            "60.000000" : 7776,
            "70.000000" : 9536,
            "80.000000" : 9792,
            "90.000000" : 10048,
            "95.000000" : 10304,
            "99.000000" : 16064,
            "99.500000" : 16320,
            "99.900000" : 21376,
            "99.950000" : 22656,
            "99.990000" : 29568
          }
        },
        "lat_ns" : {
          "min" : 5810,
          "max" : 398380,
          "mean" : 11241.581652,
          "stddev" : 1896.982601,
          "N" : 996696
        },
        "bw_min" : 320568,
        "bw_max" : 348308,
        "bw_agg" : 99.835483,
        "bw_mean" : 334754.363636,
        "bw_dev" : 7797.804028,
        "bw_samples" : 11,
        "iops_min" : 80142,
        "iops_max" : 87073,
        "iops_mean" : 83688.181818,
        "iops_stddev" : 1948.105019,
        "iops_samples" : 11
      },
      "trim" : {
        "io_bytes" : 0,
        "io_kbytes" : 0,
        "bw_bytes" : 0,
        "bw" : 0,
        "iops" : 0.000000,
        "runtime" : 0,
        "total_ios" : 0,
        "short_ios" : 0,
        "drop_ios" : 0,
        "slat_ns" : {
          "min" : 0,
          "max" : 0,
          "mean" : 0.000000,
          "stddev" : 0.000000,
          "N" : 0
        },
        "clat_ns" : {
          "min" : 0,
          "max" : 0,
          "mean" : 0.000000,
          "stddev" : 0.000000,
          "N" : 0
        },
        "lat_ns" : {
          "min" : 0,
          "max" : 0,
          "mean" : 0.000000,
          "stddev" : 0.000000,
          "N" : 0
        },
        "bw_min" : 0,
        "bw_max" : 0,
        "bw_agg" : 0.000000,
        "bw_mean" : 0.000000,
        "bw_dev" : 0.000000,
        "bw_samples" : 0,
        "iops_min" : 0,
        "iops_max" : 0,
        "iops_mean" : 0.000000,
        "iops_stddev" : 0.000000,
        "iops_samples" : 0
      },
      "sync" : {
        "total_ios" : 0,
        "lat_ns" : {
          "min" : 0,
          "max" : 0,
          "mean" : 0.000000,
          "stddev" : 0.000000,
          "N" : 0
        }
      },
      "job_runtime" : 11889,
      "usr_cpu" : 15.131634,
      "sys_cpu" : 41.021112,
      "ctx" : 394035,
      "majf" : 0,
      "minf" : 39,
      "iodepth_level" : {
        "1" : 0.100000,
        "2" : 99.999905,
        "4" : 0.000000,
        "8" : 0.000000,
        "16" : 0.000000,
        "32" : 0.000000,
        ">=64" : 0.000000
      },
      "iodepth_submit" : {
        "0" : 0.000000,
        "4" : 100.000000,
        "8" : 0.000000,
        "16" : 0.000000,
        "32" : 0.000000,
        "64" : 0.000000,
        ">=64" : 0.000000
      },
      "iodepth_complete" : {
        "0" : 0.000000,
        "4" : 100.000000,
        "8" : 0.000000,
        "16" : 0.000000,
        "32" : 0.000000,
        "64" : 0.000000,
        ">=64" : 0.000000
      },
      "latency_ns" : {
        "2" : 0.000000,
        "4" : 0.000000,
        "10" : 0.000000,
        "20" : 0.000000,
        "50" : 0.000000,
        "100" : 0.000000,
        "250" : 0.000000,
        "500" : 0.058242,
        "750" : 0.010000,
        "1000" : 0.010000
      },
      "latency_us" : {
        "2" : 0.010000,
        "4" : 0.010000,
        "10" : 85.724894,
        "20" : 9.043239,
        "50" : 0.191884,
        "100" : 3.429987,
        "250" : 0.788602,
        "500" : 0.160428,
        "750" : 0.135453,
        "1000" : 0.120774
      },
      "latency_ms" : {
        "2" : 0.322285,
        "4" : 0.019350,
        "10" : 0.010000,
        "20" : 0.000000,
        "50" : 0.000000,
        "100" : 0.000000,
        "250" : 0.000000,
        "500" : 0.000000,
        "750" : 0.000000,
        "1000" : 0.000000,
        "2000" : 0.000000,
        ">=2000" : 0.000000
      },
      "latency_depth" : 2,
      "latency_target" : 0,
      "latency_percentile" : 100.000000,
      "latency_window" : 0,
      "steadystate" : {
        "ss" : "iops:10.000000%",
        "duration" : 10,
        "attained" : 1,
        "criterion" : "4.947738%",
        "max_deviation" : 4363.900000,
        "slope" : 0.000000,
        "data" : {
          "bw_mean" : 361268124,
          "iops_mean" : 88199,