{
  "fio version" : "fio-3.33",
  "timestamp" : 1687914934,
  "timestamp_ms" : 1687914934995,
  "time" : "Wed Jun 28 01:15:34 2023",
  "jobs" : [
    {
      "jobname" : "FIOJOB",
      "groupid" : 0,
      "error" : 0,
      "eta" : 0,
      "elapsed" : 36,
      "job options" : {
        "ioengine" : "io_uring",
        "rw" : "randrw",
        "bs" : "4k",
        "iodepth" : "2",
        "numjobs" : "2",
        "rwmixread" : "5",
        "runtime" : "60",
        "loops" : "1",
        "direct" : "1",
        "steadystate" : "iops:10%%",
        "steadystate_duration" : "10",
        "steadystate_ramp_time" : "1",
        "log_avg_msec" : "1000",
        "invalidate" : "1",
        "write_bw_log" : "/home/user/benchmarks/512s/1x/nvme3n1/randrw5/4k/randrw-iodepth-2-numjobs-2",
        "write_lat_log" : "/home/user/benchmarks/512s/1x/nvme3n1/randrw5/4k/randrw-iodepth-2-numjobs-2",
        "write_iops_log" : "/home/user/benchmarks/512s/1x/nvme3n1/randrw5/4k/randrw-iodepth-2-numjobs-2",
        "filename" : "/dev/nvme3n1"
      },
      "read" : {
        "io_bytes" : 536190976,
        "io_kbytes" : 523624,
        "bw_bytes" : 15368482,
        "bw" : 15008,
        "iops" : 3752.070853,
        "runtime" : 34889,
        "total_ios" : 130906,
        "short_ios" : 0,
        "drop_ios" : 0,
        "slat_ns" : {
          "min" : 950,
          "max" : 30560,
          "mean" : 2782.931103,
          "stddev" : 1206.846151,
          "N" : 130906
        },
        "clat_ns" : {
          "min" : 40720,
          "max" : 6620479,
          "mean" : 290066.733572,
          "stddev" : 457438.978416,
          "N" : 130906,
          "percentile" : {
            "1.000000" : 59648,
            "5.000000" : 61184,
            "10.000000" : 62720,
            "20.000000" : 65280,
            "30.000000" : 71168,
            "40.000000" : 76288,
            "50.000000" : 89600,
            "60.000000" : 107008,
            "70.000000" : 148480,
            "80.000000" : 354304,
            "90.000000" : 962560,
            "95.000000" : 1417216,
            "99.000000" : 1925120,
            "99.500000" : 2277376,
            "99.900000" : 3194880,
            "99.950000" : 3588096,
            "99.990000" : 5275648
          }
        },
        "lat_ns" : {
          "min" : 43820,
          "max" : 6623549,
          "mean" : 292849.664675,
          "stddev" : 457310.093136,
          "N" : 130906
        },
        "bw_min" : 10742,
        "bw_max" : 18802,
        "bw_agg" : 61.819817,
        "bw_mean" : 14952.558824,
        "bw_dev" : 2260.587242,
        "bw_samples" : 34,
        "iops_min" : 2685,
        "iops_max" : 4700,
        "iops_mean" : 3737.882353,
        "iops_stddev" : 565.179980,
        "iops_samples" : 34
      },
      "write" : {
        "io_bytes" : 10152091648,
        "io_kbytes" : 9914152,
        "bw_bytes" : 290982591,
        "bw" : 284162,
        "iops" : 71040.671845,
        "runtime" : 34889,
        "total_ios" : 2478538,
        "short_ios" : 0,
        "drop_ios" : 0,
        "slat_ns" : {
          "min" : 970,
          "max" : 40110,
          "mean" : 2927.023411,
          "stddev" : 1238.002219,
          "N" : 2478538
        },
        "clat_ns" : {
          "min" : 151,
          "max" : 1622250,
          "mean" : 8957.937863,
          "stddev" : 7785.305748,
          "N" : 2478538,
          "percentile" : {
            "1.000000" : 5600,
            "5.000000" : 5792,
            "10.000000" : 5920,
            "20.000000" : 6048,
            "30.000000" : 6368,
            "40.000000" : 7648,
            "50.000000" : 7968,
            "60.000000" : 8512,
            "70.000000" : 9664,
            "80.000000" : 9920,
            "90.000000" : 11584,
            "95.000000" : 15680,
            "99.000000" : 28288,
            "99.500000" : 28544,
            "99.900000" : 29568,
            "99.950000" : 30592,
            "99.990000" : 37632
          }
        },
        "lat_ns" : {
          "min" : 5860,
          "max" : 1624070,
          "mean" : 11884.961275,
          "stddev" : 7634.721316,
          "N" : 2478538
        },
        "bw_min" : 206726,
        "bw_max" : 352192,
        "bw_agg" : 61.798730,
        "bw_mean" : 283302.000000,
        "bw_dev" : 42176.834262,
        "bw_samples" : 34,
        "iops_min" : 51681,
        "iops_max" : 88048,
        "iops_mean" : 70825.088235,
        "iops_stddev" : 10544.479473,
        "iops_samples" : 34
      },
      "trim" : {
        "io_bytes" : 0,
        "io_kbytes" : 0,
        "bw_bytes" : 0,
        "bw" : 0,
        "iops" : 0.000000,
        "runtime" : 0,
        "total_ios" : 0,
        "short_ios" : 0,
        "drop_ios" : 0,
        "slat_ns" : {
          "min" : 0,
          "max" : 0,
          "mean" : 0.000000,
          "stddev" : 0.000000,
          "N" : 0
        },
        "clat_ns" : {
          "min" : 0,
          "max" : 0,
          "mean" : 0.000000,
          "stddev" : 0.000000,
          "N" : 0
        },
        "lat_ns" : {
          "min" : 0,
          "max" : 0,
          "mean" : 0.000000,
          "stddev" : 0.000000,
          "N" : 0
        },
        "bw_min" : 0,
        "bw_max" : 0,
        "bw_agg" : 0.000000,
        "bw_mean" : 0.000000,
        "bw_dev" : 0.000000,
        "bw_samples" : 0,
        "iops_min" : 0,
        "iops_max" : 0,
        "iops_mean" : 0.000000,
        "iops_stddev" : 0.000000,
        "iops_samples" : 0
      },
      "sync" : {
        "total_ios" : 0,
        "lat_ns" : {
          "min" : 0,
          "max" : 0,
          "mean" : 0.000000,
          "stddev" : 0.000000,
          "N" : 0
        }
      },
      "job_runtime" : 34888,
      "usr_cpu" : 11.688833,
      "sys_cpu" : 31.701445,
      "ctx" : 1398898,
      "majf" : 0,
      "minf" : 42,
      "iodepth_level" : {
        "1" : 0.100000,
        "2" : 99.999962,
        "4" : 0.000000,
        "8" : 0.000000,
        "16" : 0.000000,
        "32" : 0.000000,
        ">=64" : 0.000000
      },
      "iodepth_submit" : {
        "0" : 0.000000,
        "4" : 100.000000,
        "8" : 0.000000,
        "16" : 0.000000,
        "32" : 0.000000,
        "64" : 0.000000,
        ">=64" : 0.000000
      },
      "iodepth_complete" : {
        "0" : 0.000000,
        "4" : 100.000000,
        "8" : 0.000000,
        "16" : 0.000000,
        "32" : 0.000000,
        "64" : 0.000000,
        ">=64" : 0.000000
      },
      "latency_ns" : {
        "2" : 0.000000,
        "4" : 0.000000,
        "10" : 0.000000,
        "20" : 0.000000,
        "50" : 0.000000,
        "100" : 0.000000,
        "250" : 0.010000,
        "500" : 0.010194,
        "750" : 0.010000,
        "1000" : 0.010000
      },
      "latency_us" : {
        "2" : 0.010000,
        "4" : 0.010000,
        "10" : 77.633933,
        "20" : 13.678354,
        "50" : 3.661585,
        "100" : 2.844207,
        "250" : 0.990288,
        "500" : 0.333519,
        "750" : 0.200119,
        "1000" : 0.158271
      },
      "latency_ms" : {
        "2" : 0.443619,
        "4" : 0.039319,
        "10" : 0.010000,
        "20" : 0.000000,
        "50" : 0.000000,
        "100" : 0.000000,
        "250" : 0.000000,
        "500" : 0.000000,
        "750" : 0.000000,
        "1000" : 0.000000,
        "2000" : 0.000000,
        ">=2000" : 0.000000
      },
      "latency_depth" : 2,
      "latency_target" : 0,
      "latency_percentile" : 100.000000,
      "latency_window" : 0,
      "steadystate" : {
        "ss" : "iops:10.000000%",
        "duration" : 10,
        "attained" : 1,
        "criterion" : "5.395993%",
        "max_deviation" : 4803.200000,
        "slope" : 0.000000,
        "data" : {
          "bw_mean" : 364603286,
          "iops_mean" : 89014,