{
  "fio version" : "fio-3.33",
  "timestamp" : 1687917591,
  "timestamp_ms" : 1687917591973,
  "time" : "Wed Jun 28 01:59:51 2023",
  "jobs" : [
    {
      "jobname" : "FIOJOB",
      "groupid" : 0,
      "error" : 0,
      "eta" : 0,
      "elapsed" : 14,
      "job options" : {
        "ioengine" : "io_uring",
        "rw" : "randrw",
        "bs" : "4k",
        "iodepth" : "16",
        "numjobs" : "2",
        "rwmixread" : "5",
        "runtime" : "60",
        "loops" : "1",
        "direct" : "1",
        "steadystate" : "iops:10%%",
        "steadystate_duration" : "10",
        "steadystate_ramp_time" : "1",
        "log_avg_msec" : "1000",
        "invalidate" : "1",
        "write_bw_log" : "/home/user/benchmarks/512s/1x/nvme3n1/randrw5/4k/randrw-iodepth-16-numjobs-2",
        "write_lat_log" : "/home/user/benchmarks/512s/1x/nvme3n1/randrw5/4k/randrw-iodepth-16-numjobs-2",
        "write_iops_log" : "/home/user/benchmarks/512s/1x/nvme3n1/randrw5/4k/randrw-iodepth-16-numjobs-2",
        "filename" : "/dev/nvme3n1"
      },
      "read" : {
        "io_bytes" : 409915392,
        "io_kbytes" : 400308,
        "bw_bytes" : 31803506,
        "bw" : 31058,
        "iops" : 7764.527892,
        "runtime" : 12889,
        "total_ios" : 100077,
        "short_ios" : 0,
        "drop_ios" : 0,
        "slat_ns" : {
          "min" : 909,
          "max" : 47980,
          "mean" : 1918.666497,
          "stddev" : 792.381670,
          "N" : 100077
        },
        "clat_ns" : {
          "min" : 47340,
          "max" : 8761509,
          "mean" : 967564.615886,
          "stddev" : 879577.084086,
          "N" : 100077,
          "percentile" : {
            "1.000000" : 77312,
            "5.000000" : 94720,
            "10.000000" : 112128,
            "20.000000" : 160768,
            "30.000000" : 246784,
            "40.000000" : 452608,
            "50.000000" : 724992,
            "60.000000" : 1028096,
            "70.000000" : 1351680,
            "80.000000" : 1712128,
            "90.000000" : 2179072,
            "95.000000" : 2605056,
            "99.000000" : 3620864,
            "99.500000" : 4079616,
            "99.900000" : 5144576,
            "99.950000" : 5931008,
            "99.990000" : 6979584
          }
        },
        "lat_ns" : {
          "min" : 48400,
          "max" : 8763049,
          "mean" : 969483.282383,
          "stddev" : 879573.776974,
          "N" : 100077
        },
        "bw_min" : 25721,
        "bw_max" : 35888,
        "bw_agg" : 49.977756,
        "bw_mean" : 31198.416667,
        "bw_dev" : 2652.921733,
        "bw_samples" : 12,
        "iops_min" : 6430,
        "iops_max" : 8972,
        "iops_mean" : 7799.333333,
        "iops_stddev" : 663.385440,
        "iops_samples" : 12
      },
      "write" : {
        "io_bytes" : 7782535168,
        "io_kbytes" : 7600132,
        "bw_bytes" : 603812178,
        "bw" : 589660,
        "iops" : 147415.082629,
        "runtime" : 12889,
        "total_ios" : 1900033,
        "short_ios" : 0,
        "drop_ios" : 0,
        "slat_ns" : {
          "min" : 960,
          "max" : 60120,
          "mean" : 2058.276843,
          "stddev" : 811.848056,
          "N" : 1900033
        },
        "clat_ns" : {
          "min" : 2510,
          "max" : 4425109,
          "mean" : 54752.903378,
          "stddev" : 113546.911179,
          "N" : 1900033,
          "percentile" : {
            "1.000000" : 7840,
            "5.000000" : 19840,
            "10.000000" : 26752,
            "20.000000" : 30592,
            "30.000000" : 33536,
            "40.000000" : 40192,
            "50.000000" : 45312,
            "60.000000" : 50432,
            "70.000000" : 57088,
            "80.000000" : 66048,
            "90.000000" : 76288,
            "95.000000" : 88576,
            "99.000000" : 109056,
            "99.500000" : 179200,
            "99.900000" : 2113536,
            "99.950000" : 2244608,
            "99.990000" : 2473984
          }
        },
        "lat_ns" : {
          "min" : 6200,
          "max" : 4426719,
          "mean" : 56811.180221,
          "stddev" : 113565.488162,
          "N" : 1900033
        },
        "bw_min" : 490074,
        "bw_max" : 672208,
        "bw_agg" : 49.976280,
        "bw_mean" : 592510.416667,
        "bw_dev" : 46994.911520,
        "bw_samples" : 12,
        "iops_min" : 122518,
        "iops_max" : 168052,
        "iops_mean" : 148127.333333,
        "iops_stddev" : 11748.848279,
        "iops_samples" : 12
      },
      "trim" : {
        "io_bytes" : 0,
        "io_kbytes" : 0,
        "bw_bytes" : 0,
        "bw" : 0,
        "iops" : 0.000000,
        "runtime" : 0,
        "total_ios" : 0,
        "short_ios" : 0,
        "drop_ios" : 0,
        "slat_ns" : {
          "min" : 0,
          "max" : 0,
          "mean" : 0.000000,
          "stddev" : 0.000000,
          "N" : 0
        },
        "clat_ns" : {
          "min" : 0,
          "max" : 0,
          "mean" : 0.000000,
          "stddev" : 0.000000,
          "N" : 0
        },
        "lat_ns" : {
          "min" : 0,
          "max" : 0,
          "mean" : 0.000000,
          "stddev" : 0.000000,
          "N" : 0
        },
        "bw_min" : 0,
        "bw_max" : 0,
        "bw_agg" : 0.000000,
        "bw_mean" : 0.000000,
        "bw_dev" : 0.000000,
        "bw_samples" : 0,
        "iops_min" : 0,
        "iops_max" : 0,
        "iops_mean" : 0.000000,
        "iops_stddev" : 0.000000,
        "iops_samples" : 0
      },
      "sync" : {
        "total_ios" : 0,
        "lat_ns" : {
          "min" : 0,
          "max" : 0,
          "mean" : 0.000000,
          "stddev" : 0.000000,
          "N" : 0
        }
      },
      "job_runtime" : 12888,
      "usr_cpu" : 17.070143,
      "sys_cpu" : 38.594041,
      "ctx" : 447405,
      "majf" : 0,
      "minf" : 40,
      "iodepth_level" : {
        "1" : 0.100000,
        "2" : 0.100000,
        "4" : 0.100000,
        "8" : 0.100000,
        "16" : 99.999250,
        "32" : 0.000000,
        ">=64" : 0.000000
      },
      "iodepth_submit" : {
        "0" : 0.000000,
        "4" : 100.000000,
        "8" : 0.000000,
        "16" : 0.000000,
        "32" : 0.000000,
        "64" : 0.000000,
        ">=64" : 0.000000
      },
      "iodepth_complete" : {
        "0" : 0.000000,
        "4" : 99.999950,
        "8" : 0.000000,
        "16" : 0.100000,
        "32" : 0.000000,
        "64" : 0.000000,
        ">=64" : 0.000000
      },
      "latency_ns" : {
        "2" : 0.000000,
        "4" : 0.000000,
        "10" : 0.000000,
        "20" : 0.000000,
        "50" : 0.000000,
        "100" : 0.000000,
        "250" : 0.000000,
        "500" : 0.000000,
        "750" : 0.000000,
        "1000" : 0.000000
      },
      "latency_us" : {
        "2" : 0.000000,
        "4" : 0.010000,
        "10" : 2.008640,
        "20" : 2.824495,
        "50" : 51.496018,
        "100" : 37.040913,
        "250" : 2.732000,
        "500" : 0.644115,
        "750" : 0.472674,
        "1000" : 0.426827
      },
      "latency_ms" : {
        "2" : 1.561214,
        "4" : 0.764458,
        "10" : 0.028398,
        "20" : 0.000000,
        "50" : 0.000000,
        "100" : 0.000000,
        "250" : 0.000000,
        "500" : 0.000000,
        "750" : 0.000000,
        "1000" : 0.000000,
        "2000" : 0.000000,
        ">=2000" : 0.000000
      },
      "latency_depth" : 16,
      "latency_target" : 0,
      "latency_percentile" : 100.000000,
      "latency_window" : 0,
      "steadystate" : {
        "ss" : "iops:10.000000%",
        "duration" : 10,
        "attained" : 1,
        "criterion" : "6.443399%",
        "max_deviation" : 10125.100000,
        "slope" : 0.000000,
        "data" : {
          "bw_mean" : 643643491,
          "iops_mean" : 157139,