{
  "fio version" : "fio-3.33",
  "timestamp" : 1687915748,
  "timestamp_ms" : 1687915748296,
  "time" : "Wed Jun 28 01:29:08 2023",
  "jobs" : [
    {
      "jobname" : "FIOJOB",
      "groupid" : 0,
      "error" : 0,
      "eta" : 0,
      "elapsed" : 23,
      "job options" : {
        "ioengine" : "io_uring",
        "rw" : "randrw",
        "bs" : "4k",
        "iodepth" : "4",
        "numjobs" : "2",
        "rwmixread" : "5",
        "runtime" : "60",
        "loops" : "1",
        "direct" : "1",
        "steadystate" : "iops:10%%",
        "steadystate_duration" : "10",
        "steadystate_ramp_time" : "1",
        "log_avg_msec" : "1000",
        "invalidate" : "1",
        "write_bw_log" : "/home/user/benchmarks/512s/1x/nvme3n1/randrw5/4k/randrw-iodepth-4-numjobs-2",
        "write_lat_log" : "/home/user/benchmarks/512s/1x/nvme3n1/randrw5/4k/randrw-iodepth-4-numjobs-2",
        "write_iops_log" : "/home/user/benchmarks/512s/1x/nvme3n1/randrw5/4k/randrw-iodepth-4-numjobs-2",
        "filename" : "/dev/nvme3n1"
      },
      "read" : {
        "io_bytes" : 520634368,
        "io_kbytes" : 508432,
        "bw_bytes" : 23784119,
        "bw" : 23226,
        "iops" : 5806.669712,
        "runtime" : 21890,
        "total_ios" : 127108,
        "short_ios" : 0,
        "drop_ios" : 0,
        "slat_ns" : {
          "min" : 990,
          "max" : 37140,
          "mean" : 2668.008261,
          "stddev" : 1008.874630,
          "N" : 127108
        },
        "clat_ns" : {
          "min" : 40950,
          "max" : 7784560,
          "mean" : 387959.909801,
          "stddev" : 544349.673369,
          "N" : 127108,
          "percentile" : {
            "1.000000" : 61184,
            "5.000000" : 63744,
            "10.000000" : 66048,
            "20.000000" : 73216,
            "30.000000" : 80384,
            "40.000000" : 99840,
            "50.000000" : 122368,
            "60.000000" : 166912,
            "70.000000" : 296960,
            "80.000000" : 651264,
            "90.000000" : 1236992,
            "95.000000" : 1597440,
            "99.000000" : 2342912,
            "99.500000" : 2736128,
            "99.900000" : 3588096,
            "99.950000" : 4112384,
            "99.990000" : 5603328
          }
        },
        "lat_ns" : {
          "min" : 44090,
          "max" : 7787980,
          "mean" : 390627.918062,
          "stddev" : 544307.647423,
          "N" : 127108
        },
        "bw_min" : 17293,
        "bw_max" : 28656,
        "bw_agg" : 68.288188,
        "bw_mean" : 23064.809524,
        "bw_dev" : 4224.221379,
        "bw_samples" : 21,
        "iops_min" : 4323,
        "iops_max" : 7164,
        "iops_mean" : 5765.952381,
        "iops_stddev" : 1056.105320,
        "iops_samples" : 21
      },
      "write" : {
        "io_bytes" : 9863188480,
        "io_kbytes" : 9632020,
        "bw_bytes" : 450579647,
        "bw" : 440019,
        "iops" : 110004.796711,
        "runtime" : 21890,
        "total_ios" : 2408005,
        "short_ios" : 0,
        "drop_ios" : 0,
        "slat_ns" : {
          "min" : 1000,
          "max" : 44210,
          "mean" : 2856.262060,
          "stddev" : 1015.908586,
          "N" : 2408005
        },
        "clat_ns" : {
          "min" : 200,
          "max" : 2256920,
          "mean" : 11991.531652,
          "stddev" : 26735.890802,
          "N" : 2408005,
          "percentile" : {
            "1.000000" : 5792,
            "5.000000" : 6560,
            "10.000000" : 7008,
            "20.000000" : 7968,
            "30.000000" : 8512,
            "40.000000" : 9152,
            "50.000000" : 9664,
            "60.000000" : 11328,
            "70.000000" : 12608,
            "80.000000" : 13888,
            "90.000000" : 16768,
            "95.000000" : 20352,
            "99.000000" : 32640,
            "99.500000" : 33024,
            "99.900000" : 40192,
            "99.950000" : 91648,
            "99.990000" : 1662976
          }
        },
        "lat_ns" : {
          "min" : 6580,
          "max" : 2258280,
          "mean" : 14847.793712,
          "stddev" : 26806.493431,
          "N" : 2408005
        },
        "bw_min" : 324392,
        "bw_max" : 547635,
        "bw_agg" : 68.258082,
        "bw_mean" : 437359.380952,
        "bw_dev" : 79580.931309,
        "bw_samples" : 21,
        "iops_min" : 81098,
        "iops_max" : 136908,
        "iops_mean" : 109339.571429,
        "iops_stddev" : 19895.087410,
        "iops_samples" : 21
      },
      "trim" : {
        "io_bytes" : 0,
        "io_kbytes" : 0,
        "bw_bytes" : 0,
        "bw" : 0,
        "iops" : 0.000000,
        "runtime" : 0,
        "total_ios" : 0,
        "short_ios" : 0,
        "drop_ios" : 0,
        "slat_ns" : {
          "min" : 0,
          "max" : 0,
          "mean" : 0.000000,
          "stddev" : 0.000000,
          "N" : 0
        },
        "clat_ns" : {
          "min" : 0,
          "max" : 0,
          "mean" : 0.000000,
          "stddev" : 0.000000,
          "N" : 0
        },
        "lat_ns" : {
          "min" : 0,
          "max" : 0,
          "mean" : 0.000000,
          "stddev" : 0.000000,
          "N" : 0
        },
        "bw_min" : 0,
        "bw_max" : 0,
        "bw_agg" : 0.000000,
        "bw_mean" : 0.000000,
        "bw_dev" : 0.000000,
        "bw_samples" : 0,
        "iops_min" : 0,
        "iops_max" : 0,
        "iops_mean" : 0.000000,
        "iops_stddev" : 0.000000,
        "iops_samples" : 0
      },
      "sync" : {
        "total_ios" : 0,
        "lat_ns" : {
          "min" : 0,
          "max" : 0,
          "mean" : 0.000000,
          "stddev" : 0.000000,
          "N" : 0
        }
      },
      "job_runtime" : 21889,
      "usr_cpu" : 18.689753,
      "sys_cpu" : 41.331262,
      "ctx" : 817554,
      "majf" : 0,
      "minf" : 43,
      "iodepth_level" : {
        "1" : 0.100000,
        "2" : 0.100000,
        "4" : 99.999882,
        "8" : 0.000000,
        "16" : 0.000000,
        "32" : 0.000000,
        ">=64" : 0.000000
      },
      "iodepth_submit" : {
        "0" : 0.000000,
        "4" : 100.000000,
        "8" : 0.000000,
        "16" : 0.000000,
        "32" : 0.000000,
        "64" : 0.000000,
        ">=64" : 0.000000
      },
      "iodepth_complete" : {
        "0" : 0.000000,
        "4" : 100.000000,
        "8" : 0.000000,
        "16" : 0.000000,
        "32" : 0.000000,
        "64" : 0.000000,
        ">=64" : 0.000000
      },
      "latency_ns" : {
        "2" : 0.000000,
        "4" : 0.000000,
        "10" : 0.000000,
        "20" : 0.000000,
        "50" : 0.000000,
        "100" : 0.000000,
        "250" : 0.010000,
        "500" : 0.010000,
        "750" : 0.010000,
        "1000" : 0.010000
      },
      "latency_us" : {
        "2" : 0.010000,
        "4" : 0.014753,
        "10" : 50.364777,
        "20" : 39.563996,
        "50" : 4.989640,
        "100" : 2.031586,
        "250" : 1.368105,
        "500" : 0.459624,
        "750" : 0.278489,
        "1000" : 0.224369
      },
      "latency_ms" : {
        "2" : 0.607744,
        "4" : 0.091396,
        "10" : 0.010000,
        "20" : 0.000000,
        "50" : 0.000000,
        "100" : 0.000000,
        "250" : 0.000000,
        "500" : 0.000000,
        "750" : 0.000000,
        "1000" : 0.000000,
        "2000" : 0.000000,
        ">=2000" : 0.000000
      },
      "latency_depth" : 4,
      "latency_target" : 0,
      "latency_percentile" : 100.000000,
      "latency_window" : 0,
      "steadystate" : {
        "ss" : "iops:10.000000%",
        "duration" : 10,
        "attained" : 1,
        "criterion" : "5.668237%",
        "max_deviation" : 7758.700000,
        "slope" : 0.000000,
        "data" : {
          "bw_mean" : 560663542,
          "iops_mean" : 136880,