{
  "fio version" : "fio-3.33",
  "timestamp" : 1687919896,
  "timestamp_ms" : 1687919896038,
  "time" : "Wed Jun 28 02:38:16 2023",
  "jobs" : [
    {
      "jobname" : "FIOJOB",
      "groupid" : 0,
      "error" : 0,
      "eta" : 0,
      "elapsed" : 34,
      "job options" : {
        "ioengine" : "io_uring",
        "rw" : "randrw",
        "bs" : "4k",
        "iodepth" : "64",
        "numjobs" : "1",
        "rwmixread" : "5",
        "runtime" : "60",
        "loops" : "1",
        "direct" : "1",
        "steadystate" : "iops:10%%",
        "steadystate_duration" : "10",
        "steadystate_ramp_time" : "1",
        "log_avg_msec" : "1000",
        "invalidate" : "1",
        "write_bw_log" : "/home/user/benchmarks/512s/1x/nvme3n1/randrw5/4k/randrw-iodepth-64-numjobs-1",
        "write_lat_log" : "/home/user/benchmarks/512s/1x/nvme3n1/randrw5/4k/randrw-iodepth-64-numjobs-1",
        "write_iops_log" : "/home/user/benchmarks/512s/1x/nvme3n1/randrw5/4k/randrw-iodepth-64-numjobs-1",
        "filename" : "/dev/nvme3n1"
      },
      "read" : {
        "io_bytes" : 934543360,
        "io_kbytes" : 912640,
        "bw_bytes" : 28413345,
        "bw" : 27747,
        "iops" : 6936.852026,
        "runtime" : 32891,
        "total_ios" : 228160,
        "short_ios" : 0,
        "drop_ios" : 0,
        "slat_ns" : {
          "min" : 920,
          "max" : 26460,
          "mean" : 1448.252021,
          "stddev" : 743.235794,
          "N" : 228160
        },
        "clat_ns" : {
          "min" : 42620,
          "max" : 195432249,
          "mean" : 2512388.280014,
          "stddev" : 6291253.126955,
          "N" : 228160,
          "percentile" : {
            "1.000000" : 63232,
            "5.000000" : 75264,
            "10.000000" : 91648,
            "20.000000" : 140288,
            "30.000000" : 240640,
            "40.000000" : 528384,
            "50.000000" : 905216,
            "60.000000" : 1302528,
            "70.000000" : 1695744,
            "80.000000" : 2277376,
            "90.000000" : 4358144,
            "95.000000" : 12124160,
            "99.000000" : 31588352,
            "99.500000" : 42205184,
            "99.900000" : 70778880,
            "99.950000" : 82313216,
            "99.990000" : 108527616
          }
        },
        "lat_ns" : {
          "min" : 44300,
          "max" : 195434749,
          "mean" : 2513836.532034,
          "stddev" : 6291541.401275,
          "N" : 228160
        },
        "bw_min" : 4320,
        "bw_max" : 68236,
        "bw_agg" : 96.333325,
        "bw_mean" : 26730.375000,
        "bw_dev" : 25597.620067,
        "bw_samples" : 32,
        "iops_min" : 1080,
        "iops_max" : 17059,
        "iops_mean" : 6682.375000,
        "iops_stddev" : 6399.445166,
        "iops_samples" : 32
      },
      "write" : {
        "io_bytes" : 17743220736,
        "io_kbytes" : 17327364,
        "bw_bytes" : 539455192,
        "bw" : 526811,
        "iops" : 131702.927853,
        "runtime" : 32891,
        "total_ios" : 4331841,
        "short_ios" : 0,
        "drop_ios" : 0,
        "slat_ns" : {
          "min" : 970,
          "max" : 50140,
          "mean" : 1560.222326,
          "stddev" : 788.826584,
          "N" : 4331841
        },
        "clat_ns" : {
          "min" : 5130,
          "max" : 149604181,
          "mean" : 351416.487420,
          "stddev" : 757594.367662,
          "N" : 4331841,
          "percentile" : {
            "1.000000" : 55040,
            "5.000000" : 81408,
            "10.000000" : 93696,
            "20.000000" : 113152,
            "30.000000" : 128512,
            "40.000000" : 140288,
            "50.000000" : 152576,
            "60.000000" : 164864,
            "70.000000" : 250880,
            "80.000000" : 552960,
            "90.000000" : 872448,
            "95.000000" : 1236992,
            "99.000000" : 2179072,
            "99.500000" : 2408448,
            "99.900000" : 4620288,
            "99.950000" : 5734400,
            "99.990000" : 8847360
          }
        },
        "lat_ns" : {
          "min" : 6300,
          "max" : 149606881,
          "mean" : 352976.709746,
          "stddev" : 757911.468810,
          "N" : 4331841
        },
        "bw_min" : 81480,
        "bw_max" : 1302708,
        "bw_agg" : 96.313349,
        "bw_mean" : 507390.718750,
        "bw_dev" : 485709.716658,
        "bw_samples" : 32,
        "iops_min" : 20370,
        "iops_max" : 325677,
        "iops_mean" : 126847.312500,
        "iops_stddev" : 121427.376873,
        "iops_samples" : 32
      },
      "trim" : {
        "io_bytes" : 0,
        "io_kbytes" : 0,
        "bw_bytes" : 0,
        "bw" : 0,
        "iops" : 0.000000,
        "runtime" : 0,
        "total_ios" : 0,
        "short_ios" : 0,
        "drop_ios" : 0,
        "slat_ns" : {
          "min" : 0,
          "max" : 0,
          "mean" : 0.000000,
          "stddev" : 0.000000,
          "N" : 0
        },
        "clat_ns" : {
          "min" : 0,
          "max" : 0,
          "mean" : 0.000000,
          "stddev" : 0.000000,
          "N" : 0
        },
        "lat_ns" : {
          "min" : 0,
          "max" : 0,
          "mean" : 0.000000,
          "stddev" : 0.000000,
          "N" : 0
        },
        "bw_min" : 0,
        "bw_max" : 0,
        "bw_agg" : 0.000000,
        "bw_mean" : 0.000000,
        "bw_dev" : 0.000000,
        "bw_samples" : 0,
        "iops_min" : 0,
        "iops_max" : 0,
        "iops_mean" : 0.000000,
        "iops_stddev" : 0.000000,
        "iops_samples" : 0
      },
      "sync" : {
        "total_ios" : 0,
        "lat_ns" : {
          "min" : 0,
          "max" : 0,
          "mean" : 0.000000,
          "stddev" : 0.000000,
          "N" : 0
        }
      },
      "job_runtime" : 32890,
      "usr_cpu" : 12.754637,
      "sys_cpu" : 33.475220,
      "ctx" : 1629013,
      "majf" : 0,
      "minf" : 42,
      "iodepth_level" : {
        "1" : 0.100000,
        "2" : 0.100000,
        "4" : 0.100000,
        "8" : 0.100000,
        "16" : 0.100000,
        "32" : 0.100000,
        ">=64" : 99.998618
      },
      "iodepth_submit" : {
        "0" : 0.000000,
        "4" : 100.000000,
        "8" : 0.000000,
        "16" : 0.000000,
        "32" : 0.000000,
        "64" : 0.000000,
        ">=64" : 0.000000
      },
      "iodepth_complete" : {
        "0" : 0.000000,
        "4" : 99.999978,
        "8" : 0.000000,
        "16" : 0.000000,
        "32" : 0.000000,
        "64" : 0.100000,
        ">=64" : 0.000000
      },
      "latency_ns" : {
        "2" : 0.000000,
        "4" : 0.000000,
        "10" : 0.000000,
        "20" : 0.000000,
        "50" : 0.000000,
        "100" : 0.000000,
        "250" : 0.000000,
        "500" : 0.000000,
        "750" : 0.000000,
        "1000" : 0.000000
      },
      "latency_us" : {
        "2" : 0.000000,
        "4" : 0.000000,
        "10" : 0.010000,
        "20" : 0.010000,
        "50" : 0.715285,
        "100" : 11.732081,
        "250" : 55.577904,
        "500" : 7.916095,
        "750" : 8.108617,
        "1000" : 6.718507
      },
      "latency_ms" : {
        "2" : 6.485942,
        "4" : 2.079166,
        "10" : 0.352982,
        "20" : 0.182018,
        "50" : 0.109342,
        "100" : 0.015088,
        "250" : 0.010000,
        "500" : 0.000000,
        "750" : 0.000000,
        "1000" : 0.000000,
        "2000" : 0.000000,
        ">=2000" : 0.000000
      },
      "latency_depth" : 64,
      "latency_target" : 0,
      "latency_percentile" : 100.000000,
      "latency_window" : 0,
      "steadystate" : {
        "ss" : "iops:10.000000%",
        "duration" : 10,
        "attained" : 1,
        "criterion" : "6.914227%",
        "max_deviation" : 22636.300000,
        "slope" : 0.000000,
        "data" : {
          "bw_mean" : 1340980479,
          "iops_mean" : 327387,