{
  "fio version" : "fio-3.33",
  "timestamp" : 1687915677,
  "timestamp_ms" : 1687915677357,
  "time" : "Wed Jun 28 01:27:57 2023",
  "jobs" : [
    {
      "jobname" : "FIOJOB",
      "groupid" : 0,
      "error" : 0,
      "eta" : 0,
      "elapsed" : 27,
      "job options" : {
        "ioengine" : "io_uring",
        "rw" : "randrw",
        "bs" : "4k",
        "iodepth" : "4",
        "numjobs" : "1",
        "rwmixread" : "5",
        "runtime" : "60",
        "loops" : "1",
        "direct" : "1",
        "steadystate" : "iops:10%%",
        "steadystate_duration" : "10",
        "steadystate_ramp_time" : "1",
        "log_avg_msec" : "1000",
        "invalidate" : "1",
        "write_bw_log" : "/home/user/benchmarks/512s/1x/nvme3n1/randrw5/4k/randrw-iodepth-4-numjobs-1",
        "write_lat_log" : "/home/user/benchmarks/512s/1x/nvme3n1/randrw5/4k/randrw-iodepth-4-numjobs-1",
        "write_iops_log" : "/home/user/benchmarks/512s/1x/nvme3n1/randrw5/4k/randrw-iodepth-4-numjobs-1",
        "filename" : "/dev/nvme3n1"
      },
      "read" : {
        "io_bytes" : 705515520,
        "io_kbytes" : 688980,
        "bw_bytes" : 27250502,
        "bw" : 26611,
        "iops" : 6652.954809,
        "runtime" : 25890,
        "total_ios" : 172245,
        "short_ios" : 0,
        "drop_ios" : 0,
        "slat_ns" : {
          "min" : 980,
          "max" : 18750,
          "mean" : 2170.283283,
          "stddev" : 805.658061,
          "N" : 172245
        },
        "clat_ns" : {
          "min" : 40540,
          "max" : 7039680,
          "mean" : 321435.644936,
          "stddev" : 473511.077152,
          "N" : 172245,
          "percentile" : {
            "1.000000" : 60160,
            "5.000000" : 62720,
            "10.000000" : 64768,
            "20.000000" : 70144,
            "30.000000" : 78336,
            "40.000000" : 93696,
            "50.000000" : 109056,
            "60.000000" : 136192,
            "70.000000" : 205824,
            "80.000000" : 452608,
            "90.000000" : 1011712,
            "95.000000" : 1433600,
            "99.000000" : 2039808,
            "99.500000" : 2473984,
            "99.900000" : 3358720,
            "99.950000" : 3751936,
            "99.990000" : 5341184
          }
        },
        "lat_ns" : {
          "min" : 42830,
          "max" : 7042830,
          "mean" : 323605.928219,
          "stddev" : 473438.558413,
          "N" : 172245
        },
        "bw_min" : 18822,
        "bw_max" : 29589,
        "bw_agg" : 99.737642,
        "bw_mean" : 26542.560000,
        "bw_dev" : 3040.597023,
        "bw_samples" : 25,
        "iops_min" : 4705,
        "iops_max" : 7397,
        "iops_mean" : 6635.440000,
        "iops_stddev" : 760.213626,
        "iops_samples" : 25
      },
      "write" : {
        "io_bytes" : 13379985408,
        "io_kbytes" : 13066392,
        "bw_bytes" : 516801290,
        "bw" : 504688,
        "iops" : 126172.190035,
        "runtime" : 25890,
        "total_ios" : 3266598,
        "short_ios" : 0,
        "drop_ios" : 0,
        "slat_ns" : {
          "min" : 1030,
          "max" : 32090,
          "mean" : 2324.190800,
          "stddev" : 843.821787,
          "N" : 3266598
        },
        "clat_ns" : {
          "min" : 180,
          "max" : 1706020,
          "mean" : 11557.830256,
          "stddev" : 8993.429043,
          "N" : 3266598,
          "percentile" : {
            "1.000000" : 5792,
            "5.000000" : 6432,
            "10.000000" : 6752,
            "20.000000" : 7648,
            "30.000000" : 7840,
            "40.000000" : 8032,
            "50.000000" : 9024,
            "60.000000" : 9536,
            "70.000000" : 11584,
            "80.000000" : 13248,
            "90.000000" : 25728,
            "95.000000" : 29568,
            "99.000000" : 31360,
            "99.500000" : 31872,
            "99.900000" : 36096,
            "99.950000" : 41216,
            "99.990000" : 44800
          }
        },
        "lat_ns" : {
          "min" : 6340,
          "max" : 1709200,
          "mean" : 13882.021056,
          "stddev" : 9061.040111,
          "N" : 3266598
        },
        "bw_min" : 351435,
        "bw_max" : 569057,
        "bw_agg" : 99.731763,
        "bw_mean" : 503335.080000,
        "bw_dev" : 59207.168822,
        "bw_samples" : 25,
        "iops_min" : 87858,
        "iops_max" : 142264,
        "iops_mean" : 125833.440000,
        "iops_stddev" : 14802.087246,
        "iops_samples" : 25
      },
      "trim" : {
        "io_bytes" : 0,
        "io_kbytes" : 0,
        "bw_bytes" : 0,
        "bw" : 0,
        "iops" : 0.000000,
        "runtime" : 0,
        "total_ios" : 0,
        "short_ios" : 0,
        "drop_ios" : 0,
        "slat_ns" : {
          "min" : 0,
          "max" : 0,
          "mean" : 0.000000,
          "stddev" : 0.000000,
          "N" : 0
        },
        "clat_ns" : {
          "min" : 0,
          "max" : 0,
          "mean" : 0.000000,
          "stddev" : 0.000000,
          "N" : 0
        },
        "lat_ns" : {
          "min" : 0,
          "max" : 0,
          "mean" : 0.000000,
          "stddev" : 0.000000,
          "N" : 0
        },
        "bw_min" : 0,
        "bw_max" : 0,
        "bw_agg" : 0.000000,
        "bw_mean" : 0.000000,
        "bw_dev" : 0.000000,
        "bw_samples" : 0,
        "iops_min" : 0,
        "iops_max" : 0,
        "iops_mean" : 0.000000,
        "iops_stddev" : 0.000000,
        "iops_samples" : 0
      },
      "sync" : {
        "total_ios" : 0,
        "lat_ns" : {
          "min" : 0,
          "max" : 0,
          "mean" : 0.000000,
          "stddev" : 0.000000,
          "N" : 0
        }
      },
      "job_runtime" : 25889,
      "usr_cpu" : 17.907219,
      "sys_cpu" : 39.557341,
      "ctx" : 1126925,
      "majf" : 0,
      "minf" : 42,
      "iodepth_level" : {
        "1" : 0.100000,
        "2" : 0.100000,
        "4" : 99.999913,
        "8" : 0.000000,
        "16" : 0.000000,
        "32" : 0.000000,
        ">=64" : 0.000000
      },
      "iodepth_submit" : {
        "0" : 0.000000,
        "4" : 100.000000,
        "8" : 0.000000,
        "16" : 0.000000,
        "32" : 0.000000,
        "64" : 0.000000,
        ">=64" : 0.000000
      },
      "iodepth_complete" : {
        "0" : 0.000000,
        "4" : 100.000000,
        "8" : 0.000000,
        "16" : 0.000000,
        "32" : 0.000000,
        "64" : 0.000000,
        ">=64" : 0.000000
      },
      "latency_ns" : {
        "2" : 0.000000,
        "4" : 0.000000,
        "10" : 0.000000,
        "20" : 0.000000,
        "50" : 0.000000,
        "100" : 0.000000,
        "250" : 0.010000,
        "500" : 0.010000,
        "750" : 0.010000,
        "1000" : 0.010000
      },
      "latency_us" : {
        "2" : 0.010000,
        "4" : 0.042078,
        "10" : 59.137914,
        "20" : 25.919444,
        "50" : 9.888442,
        "100" : 2.257736,
        "250" : 1.389392,
        "500" : 0.421014,
        "750" : 0.245344,
        "1000" : 0.186778
      },
      "latency_ms" : {
        "2" : 0.455095,
        "4" : 0.052227,
        "10" : 0.010000,
        "20" : 0.000000,
        "50" : 0.000000,
        "100" : 0.000000,
        "250" : 0.000000,
        "500" : 0.000000,
        "750" : 0.000000,
        "1000" : 0.000000,
        "2000" : 0.000000,
        ">=2000" : 0.000000
      },
      "latency_depth" : 4,
      "latency_target" : 0,
      "latency_percentile" : 100.000000,
      "latency_window" : 0,
      "steadystate" : {
        "ss" : "iops:10.000000%",
        "duration" : 10,
        "attained" : 1,
        "criterion" : "3.327546%",
        "max_deviation" : 4760.400000,
        "slope" : 0.000000,
        "data" : {
          "bw_mean" : 585976354,
          "iops_mean" : 143060,