{
  "fio version" : "fio-3.33",
  "timestamp" : 1687918713,
  "timestamp_ms" : 1687918713727,
  "time" : "Wed Jun 28 02:18:33 2023",
  "jobs" : [
    {
      "jobname" : "FIOJOB",
      "groupid" : 0,
      "error" : 0,
      "eta" : 0,
      "elapsed" : 15,
      "job options" : {
        "ioengine" : "io_uring",
        "rw" : "randrw",
        "bs" : "4k",
        "iodepth" : "32",
        "numjobs" : "2",
        "rwmixread" : "5",
        "runtime" : "60",
        "loops" : "1",
        "direct" : "1",
        "steadystate" : "iops:10%%",
        "steadystate_duration" : "10",
        "steadystate_ramp_time" : "1",
        "log_avg_msec" : "1000",
        "invalidate" : "1",
        "write_bw_log" : "/home/user/benchmarks/512s/1x/nvme3n1/randrw5/4k/randrw-iodepth-32-numjobs-2",
        "write_lat_log" : "/home/user/benchmarks/512s/1x/nvme3n1/randrw5/4k/randrw-iodepth-32-numjobs-2",
        "write_iops_log" : "/home/user/benchmarks/512s/1x/nvme3n1/randrw5/4k/randrw-iodepth-32-numjobs-2",
        "filename" : "/dev/nvme3n1"
      },
      "read" : {
        "io_bytes" : 445403136,
        "io_kbytes" : 434964,
        "bw_bytes" : 32066460,
        "bw" : 31314,
        "iops" : 7828.725702,
        "runtime" : 13890,
        "total_ios" : 108741,
        "short_ios" : 0,
        "drop_ios" : 0,
        "slat_ns" : {
          "min" : 930,
          "max" : 32950,
          "mean" : 1909.114989,
          "stddev" : 504.165011,
          "N" : 108741
        },
        "clat_ns" : {
          "min" : 43880,
          "max" : 10408109,
          "mean" : 1069594.555467,
          "stddev" : 958302.202688,
          "N" : 108741,
          "percentile" : {
            "1.000000" : 80384,
            "5.000000" : 97792,
            "10.000000" : 114176,
            "20.000000" : 166912,
            "30.000000" : 276480,
            "40.000000" : 536576,
            "50.000000" : 839680,
            "60.000000" : 1171456,
            "70.000000" : 1499136,
            "80.000000" : 1843200,
            "90.000000" : 2375680,
            "95.000000" : 2867200,
            "99.000000" : 3981312,
            "99.500000" : 4423680,
            "99.900000" : 5406720,
            "99.950000" : 5931008,
            "99.990000" : 7438336
          }
        },
        "lat_ns" : {
          "min" : 45531,
          "max" : 10409819,
          "mean" : 1071503.670456,
          "stddev" : 958273.859392,
          "N" : 108741
        },
        "bw_min" : 23692,
        "bw_max" : 35512,
        "bw_agg" : 49.923387,
        "bw_mean" : 31257.307692,
        "bw_dev" : 3872.996974,
        "bw_samples" : 13,
        "iops_min" : 5922,
        "iops_max" : 8881,
        "iops_mean" : 7814.230769,
        "iops_stddev" : 968.643308,
        "iops_samples" : 13
      },
      "write" : {
        "io_bytes" : 8450564096,
        "io_kbytes" : 8252504,
        "bw_bytes" : 608391943,
        "bw" : 594132,
        "iops" : 148533.189345,
        "runtime" : 13890,
        "total_ios" : 2063126,
        "short_ios" : 0,
        "drop_ios" : 0,
        "slat_ns" : {
          "min" : 990,
          "max" : 40520,
          "mean" : 2049.496228,
          "stddev" : 537.936006,
          "N" : 2063126
        },
        "clat_ns" : {
          "min" : 160,
          "max" : 4649860,
          "mean" : 156222.461148,
          "stddev" : 160676.254114,
          "N" : 2063126,
          "percentile" : {
            "1.000000" : 36096,
            "5.000000" : 67072,
            "10.000000" : 82432,
            "20.000000" : 102912,
            "30.000000" : 118272,
            "40.000000" : 132096,
            "50.000000" : 142336,
            "60.000000" : 152576,
            "70.000000" : 164864,
            "80.000000" : 181248,
            "90.000000" : 214016,
            "95.000000" : 234496,
            "99.000000" : 321536,
            "99.500000" : 1712128,
            "99.900000" : 2277376,
            "99.950000" : 2375680,
            "99.990000" : 2605056
          }
        },
        "lat_ns" : {
          "min" : 6670,
          "max" : 4651600,
          "mean" : 158271.957376,
          "stddev" : 160734.039402,
          "N" : 2063126
        },
        "bw_min" : 455048,
        "bw_max" : 665412,
        "bw_agg" : 49.925483,
        "bw_mean" : 593291.307692,
        "bw_dev" : 70730.060608,
        "bw_samples" : 13,
        "iops_min" : 113756,
        "iops_max" : 166359,
        "iops_mean" : 148322.307692,
        "iops_stddev" : 17683.984168,
        "iops_samples" : 13
      },
      "trim" : {
        "io_bytes" : 0,
        "io_kbytes" : 0,
        "bw_bytes" : 0,
        "bw" : 0,
        "iops" : 0.000000,
        "runtime" : 0,
        "total_ios" : 0,
        "short_ios" : 0,
        "drop_ios" : 0,
        "slat_ns" : {
          "min" : 0,
          "max" : 0,
          "mean" : 0.000000,
          "stddev" : 0.000000,
          "N" : 0
        },
        "clat_ns" : {
          "min" : 0,
          "max" : 0,
          "mean" : 0.000000,
          "stddev" : 0.000000,
          "N" : 0
        },
        "lat_ns" : {
          "min" : 0,
          "max" : 0,
          "mean" : 0.000000,
          "stddev" : 0.000000,
          "N" : 0
        },
        "bw_min" : 0,
        "bw_max" : 0,
        "bw_agg" : 0.000000,
        "bw_mean" : 0.000000,
        "bw_dev" : 0.000000,
        "bw_samples" : 0,
        "iops_min" : 0,
        "iops_max" : 0,
        "iops_mean" : 0.000000,
        "iops_stddev" : 0.000000,
        "iops_samples" : 0
      },
      "sync" : {
        "total_ios" : 0,
        "lat_ns" : {
          "min" : 0,
          "max" : 0,
          "mean" : 0.000000,
          "stddev" : 0.000000,
          "N" : 0
        }
      },
      "job_runtime" : 13889,
      "usr_cpu" : 16.783066,
      "sys_cpu" : 40.312478,
      "ctx" : 489492,
      "majf" : 0,
      "minf" : 40,
      "iodepth_level" : {
        "1" : 0.100000,
        "2" : 0.100000,
        "4" : 0.100000,
        "8" : 0.100000,
        "16" : 0.100000,
        "32" : 99.998573,
        ">=64" : 0.000000
      },
      "iodepth_submit" : {
        "0" : 0.000000,
        "4" : 100.000000,
        "8" : 0.000000,
        "16" : 0.000000,
        "32" : 0.000000,
        "64" : 0.000000,
        ">=64" : 0.000000
      },
      "iodepth_complete" : {
        "0" : 0.000000,
        "4" : 99.999954,
        "8" : 0.000000,
        "16" : 0.000000,
        "32" : 0.100000,
        "64" : 0.000000,
        ">=64" : 0.000000
      },
      "latency_ns" : {
        "2" : 0.000000,
        "4" : 0.000000,
        "10" : 0.000000,
        "20" : 0.000000,
        "50" : 0.000000,
        "100" : 0.000000,
        "250" : 0.010000,
        "500" : 0.000000,
        "750" : 0.000000,
        "1000" : 0.000000
      },
      "latency_us" : {
        "2" : 0.000000,
        "4" : 0.000000,
        "10" : 0.079655,
        "20" : 0.176392,
        "50" : 1.800985,
        "100" : 15.869112,
        "250" : 76.155676,
        "500" : 2.097965,
        "750" : 0.484008,
        "1000" : 0.433452
      },
      "latency_ms" : {
        "2" : 1.752317,
        "4" : 1.097259,
        "10" : 0.053088,
        "20" : 0.010000,
        "50" : 0.000000,
        "100" : 0.000000,
        "250" : 0.000000,
        "500" : 0.000000,
        "750" : 0.000000,
        "1000" : 0.000000,
        "2000" : 0.000000,
        ">=2000" : 0.000000
      },
      "latency_depth" : 32,
      "latency_target" : 0,
      "latency_percentile" : 100.000000,
      "latency_window" : 0,
      "steadystate" : {
        "ss" : "iops:10.000000%",
        "duration" : 10,
        "attained" : 1,
        "criterion" : "7.361438%",
        "max_deviation" : 12063.600000,
        "slope" : 0.000000,
        "data" : {
          "bw_mean" : 671236106,
          "iops_mean" : 163875,