{
  "fio version" : "fio-3.33",
  "timestamp" : 1687918634,
  "timestamp_ms" : 1687918634787,
  "time" : "Wed Jun 28 02:17:14 2023",
  "jobs" : [
    {
      "jobname" : "FIOJOB",
      "groupid" : 0,
      "error" : 0,
      "eta" : 0,
      "elapsed" : 27,
      "job options" : {
        "ioengine" : "io_uring",
        "rw" : "randrw",
        "bs" : "4k",
        "iodepth" : "32",
        "numjobs" : "1",
        "rwmixread" : "5",
        "runtime" : "60",
        "loops" : "1",
        "direct" : "1",
        "steadystate" : "iops:10%%",
        "steadystate_duration" : "10",
        "steadystate_ramp_time" : "1",
        "log_avg_msec" : "1000",
        "invalidate" : "1",
        "write_bw_log" : "/home/user/benchmarks/512s/1x/nvme3n1/randrw5/4k/randrw-iodepth-32-numjobs-1",
        "write_lat_log" : "/home/user/benchmarks/512s/1x/nvme3n1/randrw5/4k/randrw-iodepth-32-numjobs-1",
        "write_iops_log" : "/home/user/benchmarks/512s/1x/nvme3n1/randrw5/4k/randrw-iodepth-32-numjobs-1",
        "filename" : "/dev/nvme3n1"
      },
      "read" : {
        "io_bytes" : 676483072,
        "io_kbytes" : 660628,
        "bw_bytes" : 26082783,
        "bw" : 25471,
        "iops" : 6367.867057,
        "runtime" : 25936,
        "total_ios" : 165157,
        "short_ios" : 0,
        "drop_ios" : 0,
        "slat_ns" : {
          "min" : 930,
          "max" : 17740,
          "mean" : 1648.012467,
          "stddev" : 621.809197,
          "N" : 165157
        },
        "clat_ns" : {
          "min" : 44400,
          "max" : 201824658,
          "mean" : 3146950.334500,
          "stddev" : 9890214.984389,
          "N" : 165157,
          "percentile" : {
            "1.000000" : 70144,
            "5.000000" : 92672,
            "10.000000" : 117248,
            "20.000000" : 175104,
            "30.000000" : 313344,
            "40.000000" : 618496,
            "50.000000" : 937984,
            "60.000000" : 1286144,
            "70.000000" : 1646592,
            "80.000000" : 2072576,
            "90.000000" : 3063808,
            "95.000000" : 15138816,
            "99.000000" : 54263808,
            "99.500000" : 70778880,
            "99.900000" : 102236160,
            "99.950000" : 117964800,
            "99.990000" : 149946368
          }
        },
        "lat_ns" : {
          "min" : 46110,
          "max" : 201827128,
          "mean" : 3148598.346967,
          "stddev" : 9890429.653001,
          "N" : 165157
        },
        "bw_min" : 1517,
        "bw_max" : 66292,
        "bw_agg" : 100.000000,
        "bw_mean" : 26322.960000,
        "bw_dev" : 29406.932674,
        "bw_samples" : 25,
        "iops_min" : 379,
        "iops_max" : 16573,
        "iops_mean" : 6580.360000,
        "iops_stddev" : 7351.777880,
        "iops_samples" : 25
      },
      "write" : {
        "io_bytes" : 12826587136,
        "io_kbytes" : 12525964,
        "bw_bytes" : 494547622,
        "bw" : 482956,
        "iops" : 120739.165638,
        "runtime" : 25936,
        "total_ios" : 3131491,
        "short_ios" : 0,
        "drop_ios" : 0,
        "slat_ns" : {
          "min" : 980,
          "max" : 38760,
          "mean" : 1774.004946,
          "stddev" : 643.818324,
          "N" : 3131491
        },
        "clat_ns" : {
          "min" : 430,
          "max" : 150723591,
          "mean" : 96583.967224,
          "stddev" : 788665.055782,
          "N" : 3131491,
          "percentile" : {
            "1.000000" : 6432,
            "5.000000" : 8032,
            "10.000000" : 12224,
            "20.000000" : 21376,
            "30.000000" : 28800,
            "40.000000" : 37120,
            "50.000000" : 43776,
            "60.000000" : 50944,
            "70.000000" : 58624,
            "80.000000" : 66048,
            "90.000000" : 78336,
            "95.000000" : 183296,
            "99.000000" : 1368064,
            "99.500000" : 1712128,
            "99.900000" : 2834432,
            "99.950000" : 6193152,
            "99.990000" : 31326208
          }
        },
        "lat_ns" : {
          "min" : 6100,
          "max" : 150725641,
          "mean" : 98357.972170,
          "stddev" : 788732.365787,
          "N" : 3131491
        },
        "bw_min" : 32656,
        "bw_max" : 1249760,
        "bw_agg" : 100.000000,
        "bw_mean" : 499223.840000,
        "bw_dev" : 557475.207492,
        "bw_samples" : 25,
        "iops_min" : 8164,
        "iops_max" : 312444,
        "iops_mean" : 124805.760000,
        "iops_stddev" : 139368.831164,
        "iops_samples" : 25
      },
      "trim" : {
        "io_bytes" : 0,
        "io_kbytes" : 0,
        "bw_bytes" : 0,
        "bw" : 0,
        "iops" : 0.000000,
        "runtime" : 0,
        "total_ios" : 0,
        "short_ios" : 0,
        "drop_ios" : 0,
        "slat_ns" : {
          "min" : 0,
          "max" : 0,
          "mean" : 0.000000,
          "stddev" : 0.000000,
          "N" : 0
        },
        "clat_ns" : {
          "min" : 0,
          "max" : 0,
          "mean" : 0.000000,
          "stddev" : 0.000000,
          "N" : 0
        },
        "lat_ns" : {
          "min" : 0,
          "max" : 0,
          "mean" : 0.000000,
          "stddev" : 0.000000,
          "N" : 0
        },
        "bw_min" : 0,
        "bw_max" : 0,
        "bw_agg" : 0.000000,
        "bw_mean" : 0.000000,
        "bw_dev" : 0.000000,
        "bw_samples" : 0,
        "iops_min" : 0,
        "iops_max" : 0,
        "iops_mean" : 0.000000,
        "iops_stddev" : 0.000000,
        "iops_samples" : 0
      },
      "sync" : {
        "total_ios" : 0,
        "lat_ns" : {
          "min" : 0,
          "max" : 0,
          "mean" : 0.000000,
          "stddev" : 0.000000,
          "N" : 0
        }
      },
      "job_runtime" : 25935,
      "usr_cpu" : 12.064777,
      "sys_cpu" : 25.860806,
      "ctx" : 551788,
      "majf" : 0,
      "minf" : 43,
      "iodepth_level" : {
        "1" : 0.100000,
        "2" : 0.100000,
        "4" : 0.100000,
        "8" : 0.100000,
        "16" : 0.100000,
        "32" : 99.999060,
        ">=64" : 0.000000
      },
      "iodepth_submit" : {
        "0" : 0.000000,
        "4" : 100.000000,
        "8" : 0.000000,
        "16" : 0.000000,
        "32" : 0.000000,
        "64" : 0.000000,
        ">=64" : 0.000000
      },
      "iodepth_complete" : {
        "0" : 0.000000,
        "4" : 99.999970,
        "8" : 0.000000,
        "16" : 0.000000,
        "32" : 0.100000,
        "64" : 0.000000,
        ">=64" : 0.000000
      },
      "latency_ns" : {
        "2" : 0.000000,
        "4" : 0.000000,
        "10" : 0.000000,
        "20" : 0.000000,
        "50" : 0.000000,
        "100" : 0.000000,
        "250" : 0.000000,
        "500" : 0.010000,
        "750" : 0.000000,
        "1000" : 0.000000
      },
      "latency_us" : {
        "2" : 0.010000,
        "4" : 0.010000,
        "10" : 7.031203,
        "20" : 10.662770,
        "50" : 38.046889,
        "100" : 33.680454,
        "250" : 2.682240,
        "500" : 1.816967,
        "750" : 1.156720,
        "1000" : 0.935829
      },
      "latency_ms" : {
        "2" : 2.625394,
        "4" : 0.899853,
        "10" : 0.118181,
        "20" : 0.102498,
        "50" : 0.177180,
        "100" : 0.055845,
        "250" : 0.010000,
        "500" : 0.000000,
        "750" : 0.000000,
        "1000" : 0.000000,
        "2000" : 0.000000,
        ">=2000" : 0.000000
      },
      "latency_depth" : 32,
      "latency_target" : 0,
      "latency_percentile" : 100.000000,
      "latency_window" : 0,
      "steadystate" : {
        "ss" : "iops:10.000000%",
        "duration" : 10,
        "attained" : 1,
        "criterion" : "4.854016%",
        "max_deviation" : 774.900000,
        "slope" : 0.000000,
        "data" : {
          "bw_mean" : 65391013,
          "iops_mean" : 15964,